Ciudad,Cantidades,Importe,Cliente,Provincia,Nombre,Pago,Producto,Transporte
Bahía Blanca,6,"$6.369,79 ",Dickinson,Provincia de Buenos Aires,Adrián Souto,60 días,Tuercas,Camion
Bahía Blanca,10,"$913,45 ",Dickinson,Provincia de Buenos Aires,Alberto García,60 días,Tuercas,Camion
Bahía Blanca,3,"$2.791,61 ",Dickinson,Provincia de Buenos Aires,Alejandro Del Olmo,60 días,Tuercas,Camion
Bahía Blanca,22,"$36.071,31 ",Dickinson,Provincia de Buenos Aires,Ana Aguilera,60 días,Tuercas,Camion
Bahía Blanca,63,"$1.577.932,94 ",Dickinson,Provincia de Buenos Aires,Ana María Delgado,60 días,Tuercas,Camion
Bahía Blanca,7,"$26.802,66 ",Dickinson,Provincia de Buenos Aires,Ana María Serrano,60 días,Tuercas,Camion
Bahía Blanca,76,"$28.581,58 ",Dickinson,Provincia de Buenos Aires,Ángeles Pérez,60 días,Tuercas,Camion
Bahía Blanca,32,"$8.607,11 ",Dickinson,Provincia de Buenos Aires,Antonia Lorente,60 días,Tuercas,Camion
Bahía Blanca,15,"$2.427,35 ",Dickinson,Provincia de Buenos Aires,Antonia Martínez,60 días,Tuercas,Camion
Bahía Blanca,6,"$2.333,17 ",Dickinson,Provincia de Buenos Aires,Antonio Calderón,60 días,Tuercas,Camion
Bahía Blanca,18,"$43.246,80 ",Dickinson,Provincia de Buenos Aires,Begoña García,60 días,Tuercas,Camion
Bahía Blanca,4,"$28.796,25 ",Dickinson,Provincia de Buenos Aires,Carlos Arenas,60 días,Tuercas,Camion
Bahía Blanca,40,"$13.709,23 ",Dickinson,Provincia de Buenos Aires,Carmen Cortes,60 días,Tuercas,Camion
Bahía Blanca,7,"$5.963,68 ",Dickinson,Provincia de Buenos Aires,Carmen Diez,60 días,Tuercas,Camion
Bahía Blanca,17,"$24.946,77 ",Dickinson,Provincia de Buenos Aires,Carmen Sánchez,60 días,Tuercas,Camion
Bahía Blanca,14,"$13.916,09 ",Dickinson,Provincia de Buenos Aires,Cristina Rodríguez,60 días,Tuercas,Camion
Bahía Blanca,39,"$10.635,18 ",Dickinson,Provincia de Buenos Aires,Cristina Zamora,60 días,Tuercas,Camion
Bahía Blanca,95,"$14.448,65 ",Dickinson,Provincia de Buenos Aires,Daniel Pino,60 días,Tuercas,Camion
Bahía Blanca,3,"$548,47 ",Dickinson,Provincia de Buenos Aires,Elena Fernández,60 días,Tuercas,Camion
Bahía Blanca,5,"$723,23 ",Dickinson,Provincia de Buenos Aires,Francisco Miñana,60 días,Tuercas,Camion
Bahía Blanca,79,"$51.090,44 ",Dickinson,Provincia de Buenos Aires,Jaume García,60 días,Tuercas,Camion
Bahía Blanca,4,"$9.847,88 ",Dickinson,Provincia de Buenos Aires,Joaquín Vega,60 días,Tuercas,Camion
Bahía Blanca,6,"$18.882,78 ",Dickinson,Provincia de Buenos Aires,José Antonio López,60 días,Tuercas,Camion
Bahía Blanca,20,"$33.867,74 ",Dickinson,Provincia de Buenos Aires,José Carretero,60 días,Tuercas,Camion
Bahía Blanca,33,"$61.637,23 ",Dickinson,Provincia de Buenos Aires,José María Pérez,60 días,Tuercas,Camion
Bahía Blanca,36,"$33.900,03 ",Dickinson,Provincia de Buenos Aires,José Salcedo,60 días,Tuercas,Camion
Bahía Blanca,8,"$5.771,48 ",Dickinson,Provincia de Buenos Aires,José Sola,60 días,Tuercas,Camion
Bahía Blanca,17,"$35.952,31 ",Dickinson,Provincia de Buenos Aires,Juan Andrés,60 días,Tuercas,Camion
Bahía Blanca,55,"$5.006,65 ",Dickinson,Provincia de Buenos Aires,Manuel Grande,60 días,Tuercas,Camion
Bahía Blanca,31,"$39.433,66 ",Dickinson,Provincia de Buenos Aires,Manuel Muñoz,60 días,Tuercas,Camion
Bahía Blanca,39,"$16.941,28 ",Dickinson,Provincia de Buenos Aires,María Ángeles Alves,60 días,Tuercas,Camion
Bahía Blanca,63,"$26.467,15 ",Dickinson,Provincia de Buenos Aires,María Ángeles Martínez,60 días,Tuercas,Camion
Bahía Blanca,10,"$3.283,77 ",Dickinson,Provincia de Buenos Aires,María Ángeles Ruiz,60 días,Tuercas,Camion
Bahía Blanca,27,"$44.193,89 ",Dickinson,Provincia de Buenos Aires,María Carmen Serrano,60 días,Tuercas,Camion
Bahía Blanca,36,"$37.638,75 ",Dickinson,Provincia de Buenos Aires,María Cedeño,60 días,Tuercas,Camion
Bahía Blanca,29,"$20.394,19 ",Dickinson,Provincia de Buenos Aires,María Diego,60 días,Tuercas,Camion
Bahía Blanca,18,"$36.275,08 ",Dickinson,Provincia de Buenos Aires,María Dolores Sousa,60 días,Tuercas,Camion
Bahía Blanca,20,"$6.848,70 ",Dickinson,Provincia de Buenos Aires,María Fernández,60 días,Tuercas,Camion
Bahía Blanca,4,"$34.399,70 ",Dickinson,Provincia de Buenos Aires,María Isabel Heredia,60 días,Tuercas,Camion
Bahía Blanca,27,"$54.192,70 ",Dickinson,Provincia de Buenos Aires,María Isabel León,60 días,Tuercas,Camion
Bahía Blanca,12,"$4.798,17 ",Dickinson,Provincia de Buenos Aires,María Jesús Peñalver,60 días,Tuercas,Camion
Bahía Blanca,1,"$1.135,16 ",Dickinson,Provincia de Buenos Aires,María Pilar Pérez,60 días,Tuercas,Camion
Bahía Blanca,1,"$483,87 ",Dickinson,Provincia de Buenos Aires,Marta Amigo,60 días,Tuercas,Camion
Bahía Blanca,11,"$19.673,60 ",Dickinson,Provincia de Buenos Aires,Marta López,60 días,Tuercas,Camion
Bahía Blanca,23,"$8.699,26 ",Dickinson,Provincia de Buenos Aires,Pablo López,60 días,Tuercas,Camion
Bahía Blanca,6,"$2.858,86 ",Dickinson,Provincia de Buenos Aires,Raquel Pueyo,60 días,Tuercas,Camion
Bahía Blanca,9,"$23.864,06 ",Dickinson,Provincia de Buenos Aires,Sara Pineda,60 días,Tuercas,Camion
Bahía Blanca,14,"$4.892,86 ",Dickinson,Provincia de Buenos Aires,Sergio Jiménez,60 días,Tuercas,Camion
Bahía Blanca,52,"$10.649,65 ",Dickinson,Provincia de Buenos Aires,Susana Escudero,60 días,Tuercas,Camion
Bahía Blanca,7,"$24.998,19 ",Dickinson,Provincia de Buenos Aires,Teresa Martínez,60 días,Tuercas,Camion
Banfield,561,"$5.267,78 ",Rosebund,Provincia de Buenos Aires,José María Pérez,30 días,Perfiles De Acero,Camion
Banfield,476,"$952,53 ",Rosebund,Provincia de Buenos Aires,José María Pérez,30 días,Perfiles De Acero,Tren
Banfield,46,"$702,58 ",Ledner SRL,Provincia de Buenos Aires,Cristina Zamora,30 días,Perfiles De Acero,Camion
Banfield,8,"$196,77 ","Lockman, Senger and Hirthe",Provincia de Buenos Aires,Carmen Cortes,30 días,Perfiles De Acero,Camion
Banfield,10,"$3.479,62 ","Lockman, Senger and Hirthe",Provincia de Buenos Aires,José Sola,30 días,Perfiles De Acero,Camion
Banfield,10,"$2.727,01 ","Lockman, Senger and Hirthe",Provincia de Buenos Aires,María Diego,30 días,Perfiles De Acero,Camion
Buenos Aires,3,"$3.656,72 ",Rosebund,Ciudad de Buenos Aires,Alejandro Del Olmo,30 días,Tornillos,Camion
Buenos Aires,3,"$1.357,63 ",Rosebund,Ciudad de Buenos Aires,Cristina Rodríguez,30 días,Tornillos,Camion
Buenos Aires,3,"$4.909,99 ",Rosebund,Ciudad de Buenos Aires,Daniel Pino,30 días,Tornillos,Camion
Buenos Aires,6,"$1.466,87 ",Rosebund,Ciudad de Buenos Aires,Jaume García,30 días,Tornillos,Camion
Buenos Aires,3,"$1.147,26 ",Rosebund,Ciudad de Buenos Aires,Joaquín Vega,30 días,Tornillos,Camion
Buenos Aires,3,"$528,04 ",Rosebund,Ciudad de Buenos Aires,María Ángeles Ruiz,30 días,Tornillos,Camion
Buenos Aires,3,"$722,63 ",Rosebund,Ciudad de Buenos Aires,Pablo López,30 días,Tornillos,Camion
Buenos Aires,3,"$1.111,13 ",Rosebund,Ciudad de Buenos Aires,Sara Pineda,30 días,Tornillos,Camion
Buenos Aires,3,"$927,74 ",Rosebund,Ciudad de Buenos Aires,Teresa Martínez,30 días,Tornillos,Camion
Buenos Aires,3,"$102,90 ",Bechtelar-Gibson,Ciudad de Buenos Aires,Cristina Rodríguez,30 días,Tornillos,Camion
Buenos Aires,3,"$100,26 ",Bechtelar-Gibson,Ciudad de Buenos Aires,Elena Fernández,30 días,Tornillos,Tren
Buenos Aires,3,"$101,94 ",Bechtelar-Gibson,Ciudad de Buenos Aires,María Ángeles Martínez,30 días,Tornillos,Camion
Buenos Aires,3,"$101,94 ",Bechtelar-Gibson,Ciudad de Buenos Aires,Pablo López,30 días,Tornillos,Camion
Buenos Aires,3,"$185,57 ",Bechtelar-Gibson,Ciudad de Buenos Aires,Pablo López,30 días,Tornillos,Tren
Buenos Aires,2,"$24.419,08 ",Bins LLC,Ciudad de Buenos Aires,María Carmen Serrano,30 días,Perfiles De Acero,Camion
Buenos Aires,3,"$154,17 ",Boehm-Mohr,Ciudad de Buenos Aires,Adrián Souto,30 días,Tornillos,Camion
Buenos Aires,3,"$1.889,28 ",Boehm-Mohr,Ciudad de Buenos Aires,Alberto García,30 días,Tornillos,Camion
Buenos Aires,3,"$142,80 ",Boehm-Mohr,Ciudad de Buenos Aires,Antonia Martínez,30 días,Tornillos,Camion
Buenos Aires,3,"$105,60 ",Boehm-Mohr,Ciudad de Buenos Aires,Antonio Calderón,30 días,Tornillos,Camion
Buenos Aires,3,"$129,68 ",Boehm-Mohr,Ciudad de Buenos Aires,Begoña García,30 días,Tornillos,Camion
Buenos Aires,3,"$156,77 ",Boehm-Mohr,Ciudad de Buenos Aires,Francisco Miñana,30 días,Tornillos,Camion
Buenos Aires,3,"$106,48 ",Boehm-Mohr,Ciudad de Buenos Aires,María Fernández,30 días,Tornillos,Camion
Buenos Aires,3,"$123,20 ",Gomez y Cia,Ciudad de Buenos Aires,Ana Aguilera,30 días,Tornillos,Camion
Buenos Aires,3,"$108,71 ",Gomez y Cia,Ciudad de Buenos Aires,Jaume García,30 días,Tornillos,Camion
Buenos Aires,3,"$108,67 ",Gomez y Cia,Ciudad de Buenos Aires,José María Pérez,30 días,Tornillos,Camion
Buenos Aires,3,"$102,90 ",Gomez y Cia,Ciudad de Buenos Aires,Raquel Pueyo,30 días,Tornillos,Camion
Buenos Aires,3,"$572,26 ",Collier-Block,Ciudad de Buenos Aires,Daniel Pino,30 días,Tornillos,Camion
Buenos Aires,3,"$1.906,68 ",Crona-Ricardez,Ciudad de Buenos Aires,María Dolores Sousa,30 días,Tornillos,Camion
Buenos Aires,3,"$100,52 ",Denesik-Nader,Ciudad de Buenos Aires,Cristina Zamora,30 días,Tornillos,Tren
Buenos Aires,3,"$131,83 ",Denesik-Nader,Ciudad de Buenos Aires,María Ángeles Ruiz,30 días,Tornillos,Tren
Buenos Aires,3,"$101,45 ",Denesik-Nader,Ciudad de Buenos Aires,María Fernández,30 días,Tornillos,Tren
Buenos Aires,6,"$581.286,79 ",Morar SRL,Ciudad de Buenos Aires,Antonia Lorente,30 días,Tornillos,Tren
Buenos Aires,3,"$1.691,77 ",Morar SRL,Ciudad de Buenos Aires,Begoña García,30 días,Tornillos,Tren
Buenos Aires,3,"$1.139,23 ",Morar SRL,Ciudad de Buenos Aires,Carmen Diez,30 días,Tornillos,Camion
Buenos Aires,3,"$335,92 ",Emard S.A.,Ciudad de Buenos Aires,Alberto García,30 días,Tornillos,Camion
Buenos Aires,3,"$1.612.903,23 ",Emard S.A.,Ciudad de Buenos Aires,Alejandro Del Olmo,30 días,Tornillos,Tren
Buenos Aires,3,"$109,68 ",Emard S.A.,Ciudad de Buenos Aires,Ana María Serrano,30 días,Tornillos,Camion
Buenos Aires,3,"$102,90 ",Emard S.A.,Ciudad de Buenos Aires,Begoña García,30 días,Tornillos,Camion
Buenos Aires,3,"$106,45 ",Emard S.A.,Ciudad de Buenos Aires,Carlos Arenas,30 días,Tornillos,Camion
Buenos Aires,6,"$212,06 ",Emard S.A.,Ciudad de Buenos Aires,Carmen Cortes,30 días,Tornillos,Camion
Buenos Aires,6,"$214,95 ",Emard S.A.,Ciudad de Buenos Aires,Carmen Diez,30 días,Tornillos,Camion
Buenos Aires,3,"$107,74 ",Emard S.A.,Ciudad de Buenos Aires,Cristina Zamora,30 días,Tornillos,Camion
Buenos Aires,6,"$218,18 ",Emard S.A.,Ciudad de Buenos Aires,Elena Fernández,30 días,Tornillos,Camion
Buenos Aires,3,"$112,90 ",Emard S.A.,Ciudad de Buenos Aires,Joaquín Vega,30 días,Tornillos,Camion
Buenos Aires,6,"$212,08 ",Emard S.A.,Ciudad de Buenos Aires,José María Pérez,30 días,Tornillos,Camion
Buenos Aires,3,"$105,55 ",Emard S.A.,Ciudad de Buenos Aires,José Salcedo,30 días,Tornillos,Camion
Buenos Aires,3,"$112,90 ",Emard S.A.,Ciudad de Buenos Aires,Juan Andrés,30 días,Tornillos,Camion
Buenos Aires,3,"$106,04 ",Emard S.A.,Ciudad de Buenos Aires,Manuel Grande,30 días,Tornillos,Camion
Buenos Aires,3,"$106,35 ",Emard S.A.,Ciudad de Buenos Aires,María Ángeles Alves,30 días,Tornillos,Camion
Buenos Aires,3,"$105,75 ",Emard S.A.,Ciudad de Buenos Aires,María Carmen Serrano,30 días,Tornillos,Camion
Buenos Aires,3,"$105,81 ",Emard S.A.,Ciudad de Buenos Aires,María Diego,30 días,Tornillos,Camion
Buenos Aires,3,"$105,52 ",Emard S.A.,Ciudad de Buenos Aires,Sergio Jiménez,30 días,Tornillos,Camion
Buenos Aires,3,"$102,90 ",Emard S.A.,Ciudad de Buenos Aires,Susana Escudero,30 días,Tornillos,Camion
Buenos Aires,3,"$105,33 ",Emard S.A.,Ciudad de Buenos Aires,Teresa Martínez,30 días,Tornillos,Camion
Buenos Aires,3,"$414,19 ",Farrell Ltd,Ciudad de Buenos Aires,Susana Escudero,30 días,Alambre,Tren
Buenos Aires,462,"$432.649,03 ",Fisher-Ortiz,Ciudad de Buenos Aires,Marta Amigo,30 días,Tornillos,Tren
Buenos Aires,3,"$144,61 ",Treutel SRL,Ciudad de Buenos Aires,Alberto García,30 días,Tornillos,Camion
Buenos Aires,3,"$101,35 ",Treutel SRL,Ciudad de Buenos Aires,Ana María Serrano,30 días,Tornillos,Tren
Buenos Aires,3,"$100,72 ",Treutel SRL,Ciudad de Buenos Aires,Carmen Cortes,30 días,Tornillos,Tren
Buenos Aires,3,"$100,72 ",Treutel SRL,Ciudad de Buenos Aires,Carmen Diez,30 días,Tornillos,Tren
Buenos Aires,3,"$111,94 ",Treutel SRL,Ciudad de Buenos Aires,Cristina Zamora,30 días,Tornillos,Camion
Buenos Aires,2,"$2.618,75 ",Treutel SRL,Ciudad de Buenos Aires,Juan Andrés,30 días,Tornillos,Tren
Buenos Aires,3,"$101,94 ",Treutel SRL,Ciudad de Buenos Aires,María Pilar Pérez,30 días,Tornillos,Camion
Buenos Aires,3,"$100,72 ",Treutel SRL,Ciudad de Buenos Aires,Marta Amigo,30 días,Tornillos,Tren
Buenos Aires,3,"$112,90 ",Hane Inc,Ciudad de Buenos Aires,Antonia Martínez,30 días,Tornillos,Tren
Buenos Aires,3,"$114,52 ",Hane Inc,Ciudad de Buenos Aires,José Salcedo,30 días,Tornillos,Tren
Buenos Aires,17,"$34.052,88 ",Hane Inc,Ciudad de Buenos Aires,María Cedeño,30 días,Perfiles De Acero,Camion
Buenos Aires,3,"$120,36 ",Hane Inc,Ciudad de Buenos Aires,María Fernández,30 días,Tornillos,Camion
Buenos Aires,3,"$155,99 ",Heaney-Wolf,Ciudad de Buenos Aires,Joaquín Vega,30 días,Tornillos,Tren
Buenos Aires,3,"$647,77 ",Heaney-Wolf,Ciudad de Buenos Aires,José Salcedo,30 días,Tornillos,Camion
Buenos Aires,20,"$27.973,56 ",Simones e Hijos,Ciudad de Buenos Aires,María Pilar Pérez,30 días,Tornillos,Tren
Buenos Aires,3,"$1.999,70 ",Huel e Hijos,Ciudad de Buenos Aires,Alberto García,30 días,Tornillos,Tren
Buenos Aires,6,"$1.549,72 ",Huel e Hijos,Ciudad de Buenos Aires,Alejandro Del Olmo,30 días,Tornillos,Tren
Buenos Aires,3,"$10.004,55 ",Huel e Hijos,Ciudad de Buenos Aires,Ana María Serrano,30 días,Tornillos,Tren
Buenos Aires,3,"$981,53 ",Huel e Hijos,Ciudad de Buenos Aires,Antonio Calderón,30 días,Tornillos,Camion
Buenos Aires,6,"$12.353,62 ",Huel e Hijos,Ciudad de Buenos Aires,Carlos Arenas,30 días,Tornillos,Tren
Buenos Aires,3,"$2.074,43 ",Huel e Hijos,Ciudad de Buenos Aires,Elena Fernández,30 días,Tornillos,Tren
Buenos Aires,3,"$12.099,15 ",Huel e Hijos,Ciudad de Buenos Aires,María Diego,30 días,Tornillos,Tren
Buenos Aires,3,"$1.033,75 ",Huel e Hijos,Ciudad de Buenos Aires,María Dolores Sousa,30 días,Tornillos,Tren
Buenos Aires,3,"$3.389,55 ",Huel e Hijos,Ciudad de Buenos Aires,María Fernández,30 días,Tornillos,Tren
Buenos Aires,3,"$3.504,98 ",Huel e Hijos,Ciudad de Buenos Aires,María Jesús Peñalver,30 días,Tornillos,Tren
Buenos Aires,3,"$1.677,83 ",Huel e Hijos,Ciudad de Buenos Aires,Pablo López,30 días,Tornillos,Tren
Buenos Aires,3,"$5.222,54 ",Huel e Hijos,Ciudad de Buenos Aires,Sara Pineda,30 días,Tornillos,Tren
Buenos Aires,3,"$1.032,52 ",Huel e Hijos,Ciudad de Buenos Aires,Susana Escudero,30 días,Tornillos,Tren
Buenos Aires,3,"$1.881,61 ",Huel e Hijos,Ciudad de Buenos Aires,Teresa Martínez,30 días,Tornillos,Tren
Buenos Aires,3,"$4.038,71 ",Keebler-Wiegand,Ciudad de Buenos Aires,Ana María Serrano,45 días,Alambre,Tren
Buenos Aires,3,"$26.447,79 ",Keebler-Wiegand,Ciudad de Buenos Aires,Carmen Diez,45 días,Alambre,Tren
Buenos Aires,3,"$9.004,27 ",Keebler-Wiegand,Ciudad de Buenos Aires,José Salcedo,45 días,Alambre,Tren
Buenos Aires,3,"$1.451,61 ",Keebler-Wiegand,Ciudad de Buenos Aires,María Carmen Serrano,45 días,Alambre,Tren
Buenos Aires,3,"$106,45 ",Keebler-Wiegand,Ciudad de Buenos Aires,Marta Amigo,45 días,Alambre,Tren
Buenos Aires,3,"$191,68 ",Keebler-Wiegand,Ciudad de Buenos Aires,Pablo López,45 días,Alambre,Tren
Buenos Aires,6,"$19.946,67 ",Keebler-Wiegand,Ciudad de Buenos Aires,Raquel Pueyo,45 días,Alambre,Tren
Buenos Aires,3,"$123,21 ",Posadas SRL,Ciudad de Buenos Aires,Alberto García,30 días,Tornillos,Camion
Buenos Aires,3,"$122,54 ",Posadas SRL,Ciudad de Buenos Aires,Antonia Martínez,30 días,Tornillos,Camion
Buenos Aires,3,"$199,61 ",Posadas SRL,Ciudad de Buenos Aires,Carmen Diez,30 días,Tornillos,Camion
Buenos Aires,3,"$152,72 ",Posadas SRL,Ciudad de Buenos Aires,Carmen Sánchez,30 días,Tornillos,Camion
Buenos Aires,3,"$117,42 ",Posadas SRL,Ciudad de Buenos Aires,Cristina Zamora,30 días,Tornillos,Camion
Buenos Aires,2,"$1.909,97 ",Posadas SRL,Ciudad de Buenos Aires,José María Pérez,30 días,Tornillos,Tren
Buenos Aires,3,"$314,20 ",Posadas SRL,Ciudad de Buenos Aires,José Sola,30 días,Tornillos,Camion
Buenos Aires,3,"$1.187,36 ",Posadas SRL,Ciudad de Buenos Aires,María Ángeles Alves,30 días,Tornillos,Camion
Buenos Aires,3,"$3.888,15 ",Posadas SRL,Ciudad de Buenos Aires,María Ángeles Ruiz,30 días,Tornillos,Tren
Buenos Aires,3,"$1.612,90 ",Posadas SRL,Ciudad de Buenos Aires,María Isabel León,30 días,Alambre,Tren
Buenos Aires,3,"$180,68 ",Posadas SRL,Ciudad de Buenos Aires,María Isabel León,30 días,Tornillos,Camion
Buenos Aires,3,"$106,48 ",Posadas SRL,Ciudad de Buenos Aires,Sergio Jiménez,30 días,Tornillos,Camion
Buenos Aires,6,"$6.452,57 ",Kundelez,Ciudad de Buenos Aires,Adrián Souto,30 días,Tornillos,Tren
Buenos Aires,3,"$7.290,74 ",Kundelez,Ciudad de Buenos Aires,Alejandro Del Olmo,30 días,Tornillos,Tren
Buenos Aires,3,"$1.163,12 ",Kundelez,Ciudad de Buenos Aires,Ana María Delgado,30 días,Tornillos,Tren
Buenos Aires,3,"$499,10 ",Kundelez,Ciudad de Buenos Aires,Antonia Lorente,30 días,Tornillos,Tren
Buenos Aires,3,"$1.622,45 ",Kundelez,Ciudad de Buenos Aires,Carlos Arenas,30 días,Tornillos,Camion
Buenos Aires,3,"$4.070,28 ",Kundelez,Ciudad de Buenos Aires,Francisco Miñana,30 días,Tornillos,Tren
Buenos Aires,6,"$5.381,88 ",Kundelez,Ciudad de Buenos Aires,Juan Andrés,30 días,Tornillos,Tren
Buenos Aires,6,"$5.504,97 ",Kundelez,Ciudad de Buenos Aires,Manuel Muñoz,30 días,Tornillos,Tren
Buenos Aires,3,"$7.322,76 ",Kundelez,Ciudad de Buenos Aires,María Ángeles Ruiz,30 días,Tornillos,Camion
Buenos Aires,3,"$1.163,12 ",Kundelez,Ciudad de Buenos Aires,María Diego,30 días,Tornillos,Tren
Buenos Aires,3,"$2.677,92 ",Kundelez,Ciudad de Buenos Aires,Raquel Pueyo,30 días,Tornillos,Camion
Buenos Aires,3,"$2.126,24 ",Kundelez,Ciudad de Buenos Aires,Sara Pineda,30 días,Tornillos,Tren
Buenos Aires,3,"$2.677,92 ",Kundelez,Ciudad de Buenos Aires,Susana Escudero,30 días,Tornillos,Camion
Buenos Aires,3,"$171,69 ",Kundelez,Ciudad de Buenos Aires,Susana Escudero,30 días,Tornillos,Tren
Buenos Aires,3,"$1.141,44 ",Kundelez,Ciudad de Buenos Aires,Teresa Martínez,30 días,Tornillos,Tren
Buenos Aires,3,"$38.981,54 ",Kuvalis-Wisozk,Ciudad de Buenos Aires,José Carretero,30 días,Alambre,Tren
Buenos Aires,3,"$2.832,07 ",Ledner SRL,Ciudad de Buenos Aires,Carmen Cortes,30 días,Tornillos,Camion
Buenos Aires,3,"$127,10 ",Ledner SRL,Ciudad de Buenos Aires,Carmen Sánchez,30 días,Tornillos,Camion
Buenos Aires,3,"$178,48 ",Ledner SRL,Ciudad de Buenos Aires,Francisco Miñana,30 días,Tornillos,Camion
Buenos Aires,6,"$254,30 ",Ledner SRL,Ciudad de Buenos Aires,Jaume García,30 días,Tornillos,Camion
Buenos Aires,3,"$127,10 ",Ledner SRL,Ciudad de Buenos Aires,María Fernández,30 días,Tornillos,Camion
Buenos Aires,3,"$127,10 ",Ledner SRL,Ciudad de Buenos Aires,Marta López,30 días,Tornillos,Camion
Buenos Aires,3,"$6.039,83 ",Ziemann,Ciudad de Buenos Aires,Adrián Souto,30 días,Tornillos,Camion
Buenos Aires,3,"$1.823,62 ",Ziemann,Ciudad de Buenos Aires,Alberto García,30 días,Tornillos,Tren
Buenos Aires,3,"$2.120,92 ",Ziemann,Ciudad de Buenos Aires,Ángeles Pérez,30 días,Tornillos,Camion
Buenos Aires,3,"$4.387,20 ",Ziemann,Ciudad de Buenos Aires,Jaume García,30 días,Tornillos,Camion
Buenos Aires,3,"$1.143,77 ",Ziemann,Ciudad de Buenos Aires,José Sola,30 días,Tornillos,Camion
Buenos Aires,3,"$375,75 ",Ziemann,Ciudad de Buenos Aires,Marta López,30 días,Tornillos,Camion
Buenos Aires,3,"$70.930,52 ","Olson, Buckridge and Barrows",Ciudad de Buenos Aires,Carlos Arenas,30 días,Tornillos,Tren
Buenos Aires,3,"$210,52 ","Quigley, Upton and Jacobi",Ciudad de Buenos Aires,Antonia Martínez,30 días,Tornillos,Camion
Buenos Aires,3,"$115,61 ","Quigley, Upton and Jacobi",Ciudad de Buenos Aires,Cristina Rodríguez,30 días,Tornillos,Camion
Buenos Aires,3,"$592,28 ","Quigley, Upton and Jacobi",Ciudad de Buenos Aires,Daniel Pino,30 días,Tornillos,Camion
Buenos Aires,3,"$101,14 ","Quigley, Upton and Jacobi",Ciudad de Buenos Aires,José Antonio López,30 días,Tornillos,Camion
Buenos Aires,9,"$332,10 ","Quigley, Upton and Jacobi",Ciudad de Buenos Aires,José María Pérez,30 días,Tornillos,Camion
Buenos Aires,6,"$801,07 ","Quigley, Upton and Jacobi",Ciudad de Buenos Aires,María Carmen Serrano,30 días,Tornillos,Camion
Buenos Aires,3,"$101,14 ","Quigley, Upton and Jacobi",Ciudad de Buenos Aires,María Diego,30 días,Tornillos,Camion
Buenos Aires,3,"$679,73 ","Quigley, Upton and Jacobi",Ciudad de Buenos Aires,Marta López,30 días,Tornillos,Camion
Buenos Aires,3,"$847,77 ","Quigley, Upton and Jacobi",Ciudad de Buenos Aires,Sara Pineda,30 días,Tornillos,Camion
Buenos Aires,2,"$26.362,94 ","Reilly, Larkin and Hintz",Ciudad de Buenos Aires,Ana María Serrano,30 días,Perfiles De Acero,Camion
Buenos Aires,18,"$112,15 ","Reilly, Larkin and Hintz",Ciudad de Buenos Aires,María Isabel León,30 días,Perfiles De Acero,Camion
Buenos Aires,3,"$62.484,57 ",Schaden-Roberts,Ciudad de Buenos Aires,Alejandro Del Olmo,30 días,Alambre,Tren
Buenos Aires,3,"$3.045,16 ",Schaden-Roberts,Ciudad de Buenos Aires,Carmen Cortes,30 días,Alambre,Tren
Buenos Aires,3,"$2.441,43 ",Torpan S.A.,Ciudad de Buenos Aires,Alejandro Del Olmo,30 días,Tornillos,Camion
Buenos Aires,3,"$1.256,39 ",Torpan S.A.,Ciudad de Buenos Aires,Ana María Serrano,30 días,Tornillos,Tren
Buenos Aires,6,"$673,77 ",Torpan S.A.,Ciudad de Buenos Aires,Antonio Calderón,30 días,Tornillos,Camion
Buenos Aires,3,"$2.323,03 ",Torpan S.A.,Ciudad de Buenos Aires,Carlos Arenas,30 días,Tornillos,Camion
Buenos Aires,3,"$1.387,25 ",Torpan S.A.,Ciudad de Buenos Aires,Daniel Pino,30 días,Tornillos,Camion
Buenos Aires,6,"$3.032,68 ",Torpan S.A.,Ciudad de Buenos Aires,José María Pérez,30 días,Tornillos,Camion
Buenos Aires,3,"$229,58 ",Torpan S.A.,Ciudad de Buenos Aires,José Salcedo,30 días,Tornillos,Camion
Buenos Aires,3,"$376,39 ",Torpan S.A.,Ciudad de Buenos Aires,María Carmen Serrano,30 días,Tornillos,Camion
Buenos Aires,3,"$467,21 ",Torpan S.A.,Ciudad de Buenos Aires,María Isabel Heredia,30 días,Tornillos,Camion
Buenos Aires,3,"$786,64 ",Torpan S.A.,Ciudad de Buenos Aires,Marta López,30 días,Tornillos,Camion
Buenos Aires,3,"$10.246,10 ",Torpan S.A.,Ciudad de Buenos Aires,Marta López,30 días,Tornillos,Tren
Buenos Aires,3,"$18.201,48 ",Tillman-Lind,Ciudad de Buenos Aires,Joaquín Vega,30 días,Tornillos,Tren
Buenos Aires,3,"$16.043,93 ",Tillman-Lind,Ciudad de Buenos Aires,Sara Pineda,30 días,Tornillos,Tren
Buenos Aires,3,"$799,08 ",Tremblay SRL,Ciudad de Buenos Aires,Adrián Souto,30 días,Tornillos,Camion
Buenos Aires,3,"$105,33 ",Tremblay SRL,Ciudad de Buenos Aires,Alejandro Del Olmo,30 días,Tornillos,Camion
Buenos Aires,3,"$127,79 ",Tremblay SRL,Ciudad de Buenos Aires,Ana Aguilera,30 días,Tornillos,Tren
Buenos Aires,3,"$104,65 ",Tremblay SRL,Ciudad de Buenos Aires,Ángeles Pérez,30 días,Tornillos,Camion
Buenos Aires,3,"$102,45 ",Tremblay SRL,Ciudad de Buenos Aires,Antonia Lorente,30 días,Tornillos,Camion
Buenos Aires,3,"$211,10 ",Tremblay SRL,Ciudad de Buenos Aires,Antonio Calderón,30 días,Tornillos,Camion
Buenos Aires,3,"$126,25 ",Tremblay SRL,Ciudad de Buenos Aires,Begoña García,30 días,Tornillos,Camion
Buenos Aires,3,"$100,14 ",Tremblay SRL,Ciudad de Buenos Aires,Begoña García,30 días,Tornillos,Tren
Buenos Aires,6,"$709,03 ",Tremblay SRL,Ciudad de Buenos Aires,Carmen Cortes,30 días,Tornillos,Camion
Buenos Aires,3,"$100,14 ",Tremblay SRL,Ciudad de Buenos Aires,Cristina Zamora,30 días,Tornillos,Camion
Buenos Aires,3,"$100,19 ",Tremblay SRL,Ciudad de Buenos Aires,Cristina Zamora,30 días,Tornillos,Tren
Buenos Aires,9,"$301,79 ",Tremblay SRL,Ciudad de Buenos Aires,Daniel Pino,30 días,Tornillos,Camion
Buenos Aires,3,"$100,52 ",Tremblay SRL,Ciudad de Buenos Aires,Francisco Miñana,30 días,Tornillos,Camion
Buenos Aires,3,"$100,57 ",Tremblay SRL,Ciudad de Buenos Aires,Francisco Miñana,30 días,Tornillos,Tren
Buenos Aires,3,"$163,21 ",Tremblay SRL,Ciudad de Buenos Aires,Jaume García,30 días,Tornillos,Tren
Buenos Aires,3,"$125,81 ",Tremblay SRL,Ciudad de Buenos Aires,Joaquín Vega,30 días,Tornillos,Tren
Buenos Aires,3,"$111,61 ",Tremblay SRL,Ciudad de Buenos Aires,José Antonio López,30 días,Tornillos,Camion
Buenos Aires,3,"$100,28 ",Tremblay SRL,Ciudad de Buenos Aires,José Carretero,30 días,Tornillos,Camion
Buenos Aires,3,"$100,19 ",Tremblay SRL,Ciudad de Buenos Aires,José Carretero,30 días,Tornillos,Tren
Buenos Aires,6,"$705,35 ",Tremblay SRL,Ciudad de Buenos Aires,José María Pérez,30 días,Tornillos,Camion
Buenos Aires,3,"$125,81 ",Tremblay SRL,Ciudad de Buenos Aires,José Salcedo,30 días,Tornillos,Tren
Buenos Aires,3,"$105,28 ",Tremblay SRL,Ciudad de Buenos Aires,José Sola,30 días,Tornillos,Tren
Buenos Aires,3,"$100,14 ",Tremblay SRL,Ciudad de Buenos Aires,Juan Andrés,30 días,Tornillos,Camion
Buenos Aires,6,"$2.900,70 ",Tremblay SRL,Ciudad de Buenos Aires,Manuel Grande,30 días,Tornillos,Camion
Buenos Aires,3,"$125,81 ",Tremblay SRL,Ciudad de Buenos Aires,Manuel Grande,30 días,Tornillos,Tren
Buenos Aires,3,"$105,33 ",Tremblay SRL,Ciudad de Buenos Aires,Manuel Muñoz,30 días,Tornillos,Camion
Buenos Aires,3,"$641,49 ",Tremblay SRL,Ciudad de Buenos Aires,María Ángeles Alves,30 días,Tornillos,Camion
Buenos Aires,3,"$105,28 ",Tremblay SRL,Ciudad de Buenos Aires,María Ángeles Alves,30 días,Tornillos,Tren
Buenos Aires,9,"$832,74 ",Tremblay SRL,Ciudad de Buenos Aires,María Ángeles Martínez,30 días,Tornillos,Camion
Buenos Aires,6,"$226,34 ",Tremblay SRL,Ciudad de Buenos Aires,María Ángeles Martínez,30 días,Tornillos,Tren
Buenos Aires,3,"$467,30 ",Tremblay SRL,Ciudad de Buenos Aires,María Ángeles Ruiz,30 días,Tornillos,Camion
Buenos Aires,3,"$468,06 ",Tremblay SRL,Ciudad de Buenos Aires,María Carmen Serrano,30 días,Tornillos,Camion
Buenos Aires,3,"$677,42 ",Tremblay SRL,Ciudad de Buenos Aires,María Cedeño,30 días,Tornillos,Camion
Buenos Aires,6,"$783,23 ",Tremblay SRL,Ciudad de Buenos Aires,María Fernández,30 días,Tornillos,Camion
Buenos Aires,6,"$200,46 ",Tremblay SRL,Ciudad de Buenos Aires,María Fernández,30 días,Tornillos,Tren
Buenos Aires,3,"$100,57 ",Tremblay SRL,Ciudad de Buenos Aires,María Isabel León,30 días,Tornillos,Camion
Buenos Aires,3,"$103,88 ",Tremblay SRL,Ciudad de Buenos Aires,María Isabel León,30 días,Tornillos,Tren
Buenos Aires,3,"$103,87 ",Tremblay SRL,Ciudad de Buenos Aires,María Jesús Peñalver,30 días,Tornillos,Camion
Buenos Aires,3,"$100,14 ",Tremblay SRL,Ciudad de Buenos Aires,María Jesús Peñalver,30 días,Tornillos,Tren
Buenos Aires,9,"$1.142,97 ",Tremblay SRL,Ciudad de Buenos Aires,Pablo López,30 días,Tornillos,Camion
Buenos Aires,3,"$100,19 ",Tremblay SRL,Ciudad de Buenos Aires,Raquel Pueyo,30 días,Tornillos,Tren
Buenos Aires,3,"$100,26 ",Tremblay SRL,Ciudad de Buenos Aires,Sara Pineda,30 días,Tornillos,Tren
Buenos Aires,3,"$100,19 ",Tremblay SRL,Ciudad de Buenos Aires,Sergio Jiménez,30 días,Tornillos,Tren
Buenos Aires,9,"$305,81 ",Tremblay SRL,Ciudad de Buenos Aires,Susana Escudero,30 días,Tornillos,Camion
Buenos Aires,3,"$111,92 ",Tremblay SRL,Ciudad de Buenos Aires,Susana Escudero,30 días,Tornillos,Tren
Buenos Aires,3,"$709,68 ",VonRueden-Collier,Ciudad de Buenos Aires,Alberto García,30 días,Tornillos,Tren
Buenos Aires,3,"$146.682,85 ",VonRueden-Collier,Ciudad de Buenos Aires,Daniel Pino,30 días,Tornillos,Tren
Buenos Aires,3,"$455.470,49 ",Wilkinson-Brakus,Ciudad de Buenos Aires,Cristina Rodríguez,30 días,Tornillos,Tren
Buenos Aires,3,"$202.556,65 ",Wilkinson-Brakus,Ciudad de Buenos Aires,José Sola,30 días,Tornillos,Tren
Ciudad de Corrientes,66,"$707,77 ",Bauch-Berge,Provincia de Corrientes,Jaume García,30 días,Perfiles De Acero,Camion
Ciudad de Corrientes,66,"$248,57 ",Bauch-Berge,Provincia de Corrientes,José María Pérez,30 días,Perfiles De Acero,Camion
Ciudad de Corrientes,3,"$387,10 ",Bechtelar-Gibson,Provincia de Corrientes,Carmen Sánchez,30 días,Alambre,Camion
Ciudad de Corrientes,3,"$574,19 ",Bechtelar-Gibson,Provincia de Corrientes,Marta López,30 días,Alambre,Camion
Ciudad de Corrientes,3,"$84,52 ",Bechtelar-Gibson,Provincia de Corrientes,Sara Pineda,30 días,Alambre,Camion
Ciudad de Corrientes,380,"$2.948,07 ","Boyer, Lockman and Runte",Provincia de Corrientes,María Dolores Sousa,30 días,Tuercas,Camion
Ciudad de Corrientes,2,"$2.461,15 ","Boyer, Lockman and Runte",Provincia de Corrientes,Pablo López,30 días,Tuercas,Camion
Ciudad de Corrientes,3,"$233,87 ",Gomez y Cia,Provincia de Corrientes,Raquel Pueyo,30 días,Alambre,Camion
Ciudad de Corrientes,3,"$1.879,16 ",Denesik-Nader,Provincia de Corrientes,Ana Aguilera,60 días,Alambre,Tren
Ciudad de Corrientes,3,"$4.395,39 ",Denesik-Nader,Provincia de Corrientes,Joaquín Vega,60 días,Alambre,Tren
Ciudad de Corrientes,2,"$164,52 ",Daska SRL,Provincia de Corrientes,María Ángeles Ruiz,30 días,Perfiles De Acero,Camion
Ciudad de Corrientes,20,"$22.838,78 ","Douglas, Kilback and Stanton",Provincia de Corrientes,Teresa Martínez,90 días,Tuercas,Camion
Ciudad de Corrientes,55,"$24.783,30 ",Fisher-Ortiz,Provincia de Corrientes,María Diego,45 días,Perfiles De Acero,Camion
Ciudad de Corrientes,3,"$18.961,63 ",Hane Inc,Provincia de Corrientes,María Isabel Heredia,30 días,Alambre,Tren
Ciudad de Corrientes,3,"$117,32 ",Hane Inc,Provincia de Corrientes,Marta López,30 días,Alambre,Tren
Ciudad de Corrientes,6,"$243,83 ",Harber SRL,Provincia de Corrientes,Alejandro Del Olmo,30 días,Alambre,Camion
Ciudad de Corrientes,3,"$103,39 ",Harber SRL,Provincia de Corrientes,Ana María Serrano,30 días,Alambre,Camion
Ciudad de Corrientes,14,"$663,93 ",Harber SRL,Provincia de Corrientes,Antonia Martínez,30 días,Alambre,Camion
Ciudad de Corrientes,3,"$2.880,39 ",Harber SRL,Provincia de Corrientes,Antonia Martínez,30 días,Perfiles De Acero,Camion
Ciudad de Corrientes,3,"$3.176,55 ",Harber SRL,Provincia de Corrientes,Begoña García,30 días,Alambre,Camion
Ciudad de Corrientes,3,"$123,20 ",Harber SRL,Provincia de Corrientes,Carmen Cortes,30 días,Alambre,Camion
Ciudad de Corrientes,3,"$1.987,10 ",Harber SRL,Provincia de Corrientes,Carmen Sánchez,30 días,Alambre,Camion
Ciudad de Corrientes,3,"$2.461,41 ",Harber SRL,Provincia de Corrientes,Cristina Zamora,30 días,Perfiles De Acero,Camion
Ciudad de Corrientes,6,"$187,49 ",Harber SRL,Provincia de Corrientes,Francisco Miñana,30 días,Alambre,Camion
Ciudad de Corrientes,3,"$2.727,72 ",Harber SRL,Provincia de Corrientes,Jaume García,30 días,Alambre,Camion
Ciudad de Corrientes,3,"$132,23 ",Harber SRL,Provincia de Corrientes,José Antonio López,30 días,Alambre,Camion
Ciudad de Corrientes,3,"$2.376,55 ",Harber SRL,Provincia de Corrientes,José María Pérez,30 días,Alambre,Camion
Ciudad de Corrientes,3,"$483,87 ",Harber SRL,Provincia de Corrientes,José Salcedo,30 días,Alambre,Camion
Ciudad de Corrientes,3,"$15.829,90 ",Harber SRL,Provincia de Corrientes,Manuel Grande,30 días,Perfiles De Acero,Camion
Ciudad de Corrientes,3,"$551,78 ",Harber SRL,Provincia de Corrientes,María Ángeles Alves,30 días,Alambre,Camion
Ciudad de Corrientes,3,"$362,58 ",Harber SRL,Provincia de Corrientes,María Carmen Serrano,30 días,Alambre,Camion
Ciudad de Corrientes,3,"$170,24 ",Harber SRL,Provincia de Corrientes,María Cedeño,30 días,Alambre,Camion
Ciudad de Corrientes,3,"$110,37 ",Harber SRL,Provincia de Corrientes,María Diego,30 días,Alambre,Camion
Ciudad de Corrientes,3,"$497,42 ",Harber SRL,Provincia de Corrientes,María Isabel Heredia,30 días,Perfiles De Acero,Camion
Ciudad de Corrientes,3,"$932,26 ",Harber SRL,Provincia de Corrientes,María Pilar Pérez,30 días,Alambre,Camion
Ciudad de Corrientes,3,"$132,26 ",Harber SRL,Provincia de Corrientes,Sergio Jiménez,30 días,Alambre,Camion
Ciudad de Corrientes,3,"$462,62 ",Heidenreich-Conn,Provincia de Corrientes,María Isabel León,30 días,Alambre,Tren
Ciudad de Corrientes,3,"$2.896,83 ",Simones e Hijos,Provincia de Corrientes,Alejandro Del Olmo,60 días,Alambre,Tren
Ciudad de Corrientes,3,"$122,47 ",Simones e Hijos,Provincia de Corrientes,Cristina Zamora,60 días,Alambre,Tren
Ciudad de Corrientes,14,"$437,48 ",Simones e Hijos,Provincia de Corrientes,José Salcedo,60 días,Alambre,Camion
Ciudad de Corrientes,3,"$85,65 ",Simones e Hijos,Provincia de Corrientes,Juan Andrés,60 días,Alambre,Tren
Ciudad de Corrientes,6,"$8.916,16 ",Simones e Hijos,Provincia de Corrientes,Manuel Muñoz,60 días,Alambre,Tren
Ciudad de Corrientes,3,"$5.198,71 ",Simones e Hijos,Provincia de Corrientes,María Ángeles Martínez,60 días,Alambre,Tren
Ciudad de Corrientes,3,"$112,17 ",Simones e Hijos,Provincia de Corrientes,María Isabel Heredia,60 días,Alambre,Camion
Ciudad de Corrientes,14,"$477,64 ",Simones e Hijos,Provincia de Corrientes,María Isabel León,60 días,Alambre,Tren
Ciudad de Corrientes,3,"$132,38 ",Simones e Hijos,Provincia de Corrientes,María Pilar Pérez,60 días,Alambre,Tren
Ciudad de Corrientes,3,"$1.419,35 ",Simones e Hijos,Provincia de Corrientes,Pablo López,60 días,Alambre,Tren
Ciudad de Corrientes,3,"$648,44 ",Simones e Hijos,Provincia de Corrientes,Raquel Pueyo,60 días,Alambre,Tren
Ciudad de Corrientes,3,"$132,28 ",Simones e Hijos,Provincia de Corrientes,Sara Pineda,60 días,Alambre,Tren
Ciudad de Corrientes,3,"$196,77 ",Simones e Hijos,Provincia de Corrientes,Susana Escudero,60 días,Alambre,Camion
Ciudad de Corrientes,3,"$641,94 ",Simones e Hijos,Provincia de Corrientes,Teresa Martínez,60 días,Alambre,Camion
Ciudad de Corrientes,77,"$22.662,12 ","Kohler, Mante and Towne",Provincia de Corrientes,Adrián Souto,30 días,Perfiles De Acero,Camion
Ciudad de Corrientes,12,"$24.136,15 ","Kohler, Mante and Towne",Provincia de Corrientes,Antonia Lorente,30 días,Perfiles De Acero,Camion
Ciudad de Corrientes,45,"$1.491,39 ","Kohler, Mante and Towne",Provincia de Corrientes,Carmen Cortes,30 días,Perfiles De Acero,Camion
Ciudad de Corrientes,1,"$21.329,20 ","Kohler, Mante and Towne",Provincia de Corrientes,Carmen Diez,30 días,Perfiles De Acero,Camion
Ciudad de Corrientes,3,"$24.072,26 ","Kohler, Mante and Towne",Provincia de Corrientes,Cristina Rodríguez,30 días,Perfiles De Acero,Camion
Ciudad de Corrientes,20,"$1.906,45 ","Kohler, Mante and Towne",Provincia de Corrientes,Francisco Miñana,30 días,Perfiles De Acero,Camion
Ciudad de Corrientes,78,"$149.318,00 ","Kohler, Mante and Towne",Provincia de Corrientes,Jaume García,30 días,Perfiles De Acero,Camion
Ciudad de Corrientes,45,"$1.491,39 ","Kohler, Mante and Towne",Provincia de Corrientes,María Ángeles Alves,30 días,Perfiles De Acero,Camion
Ciudad de Corrientes,10,"$382,41 ","Kohler, Mante and Towne",Provincia de Corrientes,María Cedeño,30 días,Perfiles De Acero,Camion
Ciudad de Corrientes,11,"$1.583,23 ","Kohler, Mante and Towne",Provincia de Corrientes,María Jesús Peñalver,30 días,Perfiles De Acero,Camion
Ciudad de Corrientes,66,"$46.241,99 ","Kohler, Mante and Towne",Provincia de Corrientes,María Pilar Pérez,30 días,Perfiles De Acero,Camion
Ciudad de Corrientes,45,"$1.491,39 ","Kohler, Mante and Towne",Provincia de Corrientes,Sergio Jiménez,30 días,Perfiles De Acero,Camion
Ciudad de Corrientes,10,"$77.173,70 ","Kohler, Mante and Towne",Provincia de Corrientes,Susana Escudero,30 días,Perfiles De Acero,Camion
Ciudad de Corrientes,3,"$130,19 ",Lehner and Sons,Provincia de Corrientes,Begoña García,30 días,Alambre,Tren
Ciudad de Corrientes,3,"$2.537,30 ",Lehner and Sons,Provincia de Corrientes,Carmen Sánchez,30 días,Alambre,Tren
Ciudad de Corrientes,6,"$387,10 ",Lehner and Sons,Provincia de Corrientes,Raquel Pueyo,30 días,Alambre,Tren
Ciudad de Corrientes,65,"$21.257,50 ","O'Hara, Emard and Gerlach",Provincia de Corrientes,Begoña García,30 días,Tuercas,Camion
Ciudad de Corrientes,22,"$2.391,63 ","O'Hara, Emard and Gerlach",Provincia de Corrientes,Manuel Grande,30 días,Tuercas,Camion
Ciudad de Corrientes,3,"$80,95 ",Tremblay SRL,Provincia de Corrientes,María Ángeles Alves,30 días,Alambre,Tren
Ciudad de Corrientes,3,"$3.954,86 ",Tremblay SRL,Provincia de Corrientes,Pablo López,30 días,Alambre,Tren
Ciudad de Formosa,98,"$4.302,58 ",Bins LLC,Provincia de Formosa,Ana María Delgado,30 días,Perfiles De Acero,Camion
Ciudad de Formosa,22,"$216,13 ",Bins LLC,Provincia de Formosa,Begoña García,30 días,Perfiles De Acero,Camion
Ciudad de Formosa,20,"$200,55 ",Bins LLC,Provincia de Formosa,Jaume García,30 días,Perfiles De Acero,Camion
Ciudad de Formosa,98,"$4.302,58 ",Bins LLC,Provincia de Formosa,José María Pérez,30 días,Perfiles De Acero,Camion
Ciudad de Formosa,98,"$4.302,58 ",Bins LLC,Provincia de Formosa,Manuel Muñoz,30 días,Perfiles De Acero,Camion
Ciudad de Formosa,20,"$215,58 ",Bins LLC,Provincia de Formosa,María Ángeles Ruiz,30 días,Perfiles De Acero,Camion
Ciudad de Formosa,98,"$4.302,58 ",Bins LLC,Provincia de Formosa,María Cedeño,30 días,Perfiles De Acero,Camion
Ciudad de Formosa,22,"$2.941,94 ",Bins LLC,Provincia de Formosa,María Fernández,30 días,Perfiles De Acero,Camion
Ciudad de Formosa,98,"$4.302,58 ",Bins LLC,Provincia de Formosa,María Pilar Pérez,30 días,Perfiles De Acero,Camion
Ciudad de Formosa,98,"$4.302,58 ",Bins LLC,Provincia de Formosa,Sara Pineda,30 días,Perfiles De Acero,Camion
Ciudad de Formosa,22,"$1.103,23 ",Bins LLC,Provincia de Formosa,Sergio Jiménez,30 días,Perfiles De Acero,Camion
Ciudad de Formosa,21,"$22.178,79 ",Bins LLC,Provincia de Formosa,Susana Escudero,30 días,Perfiles De Acero,Camion
Ciudad de Formosa,16,"$1.029.593,85 ",Blanda Ltd,Provincia de Formosa,Carlos Arenas,30 días,Perfiles De Acero,Camion
Ciudad de Formosa,20,"$112,90 ",Boehm-Mohr,Provincia de Formosa,Ana María Serrano,30 días,Perfiles De Acero,Camion
Ciudad de Formosa,19,"$191,50 ",Boehm-Mohr,Provincia de Formosa,Daniel Pino,30 días,Perfiles De Acero,Camion
Ciudad de Formosa,34,"$3.442,11 ",Morar SRL,Provincia de Formosa,Adrián Souto,30 días,Perfiles De Acero,Camion
Ciudad de Formosa,19,"$249,45 ",Morar SRL,Provincia de Formosa,Alejandro Del Olmo,30 días,Perfiles De Acero,Camion
Ciudad de Formosa,14,"$3.577,25 ",Morar SRL,Provincia de Formosa,Antonia Lorente,30 días,Perfiles De Acero,Camion
Ciudad de Formosa,20,"$1.149,68 ",Morar SRL,Provincia de Formosa,Antonia Martínez,30 días,Perfiles De Acero,Camion
Ciudad de Formosa,40,"$3.227,86 ",Morar SRL,Provincia de Formosa,Antonio Calderón,30 días,Perfiles De Acero,Camion
Ciudad de Formosa,20,"$1.296,77 ",Morar SRL,Provincia de Formosa,Begoña García,30 días,Perfiles De Acero,Camion
Ciudad de Formosa,82,"$893,13 ",Morar SRL,Provincia de Formosa,Carmen Cortes,30 días,Perfiles De Acero,Camion
Ciudad de Formosa,20,"$154,84 ",Morar SRL,Provincia de Formosa,Cristina Rodríguez,30 días,Perfiles De Acero,Camion
Ciudad de Formosa,16,"$527,74 ",Morar SRL,Provincia de Formosa,Daniel Pino,30 días,Perfiles De Acero,Camion
Ciudad de Formosa,20,"$8.094,30 ",Morar SRL,Provincia de Formosa,José Antonio López,30 días,Perfiles De Acero,Camion
Ciudad de Formosa,18,"$229,01 ",Morar SRL,Provincia de Formosa,María Ángeles Alves,30 días,Perfiles De Acero,Camion
Ciudad de Formosa,21,"$29.394,66 ",Morar SRL,Provincia de Formosa,María Fernández,30 días,Perfiles De Acero,Camion
Ciudad de Formosa,35,"$785,35 ",Morar SRL,Provincia de Formosa,Susana Escudero,30 días,Perfiles De Acero,Camion
Ciudad de Formosa,19,"$2.387,10 ",Daska SRL,Provincia de Formosa,Ana María Delgado,30 días,Perfiles De Acero,Camion
Ciudad de Formosa,20,"$1.935,48 ",Daska SRL,Provincia de Formosa,Antonia Martínez,30 días,Perfiles De Acero,Camion
Ciudad de Formosa,18,"$109,68 ",Daska SRL,Provincia de Formosa,Marta López,30 días,Perfiles De Acero,Camion
Ciudad de Formosa,11,"$101,47 ",Hane Inc,Provincia de Formosa,Antonia Lorente,30 días,Perfiles De Acero,Camion
Ciudad de Formosa,3,"$128,39 ",Hane Inc,Provincia de Formosa,José Carretero,30 días,Perfiles De Acero,Camion
Ciudad de Formosa,19,"$451,61 ",Hane Inc,Provincia de Formosa,María Jesús Peñalver,30 días,Perfiles De Acero,Camion
Ciudad de Formosa,13,"$2.779,16 ",Heidenreich-Conn,Provincia de Formosa,Adrián Souto,30 días,Perfiles De Acero,Camion
Ciudad de Formosa,71,"$44.559,44 ",Heidenreich-Conn,Provincia de Formosa,Alberto García,30 días,Perfiles De Acero,Camion
Ciudad de Formosa,107,"$45.694,08 ",Heidenreich-Conn,Provincia de Formosa,Ana María Serrano,30 días,Perfiles De Acero,Camion
Ciudad de Formosa,13,"$535,48 ",Heidenreich-Conn,Provincia de Formosa,Ángeles Pérez,30 días,Perfiles De Acero,Camion
Ciudad de Formosa,12,"$2.754,64 ",Heidenreich-Conn,Provincia de Formosa,Antonio Calderón,30 días,Perfiles De Acero,Camion
Ciudad de Formosa,27,"$13.897,35 ",Heidenreich-Conn,Provincia de Formosa,Carmen Diez,30 días,Perfiles De Acero,Camion
Ciudad de Formosa,33,"$4.636,70 ",Heidenreich-Conn,Provincia de Formosa,Carmen Sánchez,30 días,Perfiles De Acero,Camion
Ciudad de Formosa,8,"$357,29 ",Heidenreich-Conn,Provincia de Formosa,Cristina Rodríguez,30 días,Perfiles De Acero,Camion
Ciudad de Formosa,13,"$3.179,06 ",Heidenreich-Conn,Provincia de Formosa,Cristina Zamora,30 días,Perfiles De Acero,Camion
Ciudad de Formosa,16,"$19.930,65 ",Heidenreich-Conn,Provincia de Formosa,Elena Fernández,30 días,Perfiles De Acero,Camion
Ciudad de Formosa,13,"$82,42 ",Heidenreich-Conn,Provincia de Formosa,Francisco Miñana,30 días,Perfiles De Acero,Camion
Ciudad de Formosa,17,"$136,52 ",Heidenreich-Conn,Provincia de Formosa,Jaume García,30 días,Perfiles De Acero,Camion
Ciudad de Formosa,3,"$648,39 ",Heidenreich-Conn,Provincia de Formosa,José María Pérez,30 días,Alambre,Tren
Ciudad de Formosa,71,"$44.559,44 ",Heidenreich-Conn,Provincia de Formosa,Manuel Grande,30 días,Perfiles De Acero,Camion
Ciudad de Formosa,3,"$22.681,18 ",Heidenreich-Conn,Provincia de Formosa,María Ángeles Martínez,30 días,Alambre,Tren
Ciudad de Formosa,3,"$112,15 ",Heidenreich-Conn,Provincia de Formosa,María Ángeles Ruiz,30 días,Alambre,Tren
Ciudad de Formosa,32,"$3.111,30 ",Heidenreich-Conn,Provincia de Formosa,María Diego,30 días,Perfiles De Acero,Camion
Ciudad de Formosa,71,"$44.559,44 ",Heidenreich-Conn,Provincia de Formosa,María Dolores Sousa,30 días,Perfiles De Acero,Camion
Ciudad de Formosa,18,"$351,94 ",Heidenreich-Conn,Provincia de Formosa,María Fernández,30 días,Perfiles De Acero,Camion
Ciudad de Formosa,12,"$125,16 ",Heidenreich-Conn,Provincia de Formosa,María Isabel Heredia,30 días,Perfiles De Acero,Camion
Ciudad de Formosa,3,"$137,43 ",Heidenreich-Conn,Provincia de Formosa,María Isabel León,30 días,Perfiles De Acero,Camion
Ciudad de Formosa,71,"$44.559,44 ",Heidenreich-Conn,Provincia de Formosa,María Jesús Peñalver,30 días,Perfiles De Acero,Camion
Ciudad de Formosa,3,"$22.336,29 ",Heidenreich-Conn,Provincia de Formosa,Marta López,30 días,Alambre,Tren
Ciudad de Formosa,71,"$44.559,44 ",Heidenreich-Conn,Provincia de Formosa,Sara Pineda,30 días,Perfiles De Acero,Camion
Ciudad de Formosa,12,"$1.238,71 ",Heidenreich-Conn,Provincia de Formosa,Sergio Jiménez,30 días,Perfiles De Acero,Camion
Ciudad de Formosa,16,"$133,07 ",Heidenreich-Conn,Provincia de Formosa,Susana Escudero,30 días,Perfiles De Acero,Camion
Ciudad de Formosa,21,"$3.226,06 ",Heidenreich-Conn,Provincia de Formosa,Teresa Martínez,30 días,Perfiles De Acero,Camion
Ciudad de Formosa,84,"$180,65 ",Posadas SRL,Provincia de Formosa,Manuel Grande,30 días,Perfiles De Acero,Camion
Ciudad de Formosa,12,"$668,51 ","Reilly, Larkin and Hintz",Provincia de Formosa,Adrián Souto,30 días,Perfiles De Acero,Camion
Ciudad de Formosa,15,"$1.103,23 ","Reilly, Larkin and Hintz",Provincia de Formosa,Antonio Calderón,30 días,Perfiles De Acero,Camion
Ciudad de Formosa,20,"$176,45 ","Reilly, Larkin and Hintz",Provincia de Formosa,Carlos Arenas,30 días,Perfiles De Acero,Camion
Ciudad de Formosa,17,"$713,83 ","Reilly, Larkin and Hintz",Provincia de Formosa,María Ángeles Alves,30 días,Perfiles De Acero,Camion
Ciudad de Formosa,15,"$1.394,40 ","Reilly, Larkin and Hintz",Provincia de Formosa,María Ángeles Ruiz,30 días,Perfiles De Acero,Camion
Ciudad de Formosa,19,"$23.354,72 ","Reilly, Larkin and Hintz",Provincia de Formosa,Susana Escudero,30 días,Perfiles De Acero,Camion
Ciudad de Formosa,3,"$22.582,19 ",Tremblay SRL,Provincia de Formosa,Antonia Martínez,30 días,Perfiles De Acero,Camion
Ciudad de Formosa,3,"$1.812,90 ",Tremblay SRL,Provincia de Formosa,Cristina Zamora,30 días,Perfiles De Acero,Camion
Ciudad de Formosa,61,"$314,52 ",Tremblay SRL,Provincia de Formosa,José Sola,30 días,Perfiles De Acero,Camion
Ciudad de Formosa,17,"$106,48 ",Tremblay SRL,Provincia de Formosa,Manuel Grande,30 días,Perfiles De Acero,Camion
Ciudad de Formosa,8,"$702,58 ",Tremblay SRL,Provincia de Formosa,Manuel Muñoz,30 días,Perfiles De Acero,Camion
Ciudad de Formosa,14,"$7.729,32 ",Tremblay SRL,Provincia de Formosa,María Diego,30 días,Perfiles De Acero,Camion
Ciudad de Formosa,14,"$80,65 ",Tremblay SRL,Provincia de Formosa,Marta Amigo,30 días,Perfiles De Acero,Camion
Ciudad de La Rioja,1,"$21.469,08 ",Abernati SRL,Provincia de La Rioja,Ana María Serrano,30 días,Clavos,Camion
Ciudad de La Rioja,3,"$21.573,32 ",Abernati SRL,Provincia de La Rioja,Antonia Martínez,30 días,Clavos,Camion
Ciudad de La Rioja,3,"$1.684,49 ",Abernati SRL,Provincia de La Rioja,Manuel Grande,30 días,Clavos,Camion
Ciudad de La Rioja,3,"$145,48 ",Little-Williamson,Provincia de La Rioja,Juan Andrés,30 días,Clavos,Camion
Ciudad de La Rioja,5,"$163,61 ",Rice Inc,Provincia de La Rioja,Ana María Delgado,90 días,Clavos,Camion
Ciudad de La Rioja,2,"$309,68 ",Rice Inc,Provincia de La Rioja,Cristina Rodríguez,90 días,Clavos,Camion
Ciudad de La Rioja,3,"$115,99 ","Rippin, Watsica and Wiegand",Provincia de La Rioja,Adrián Souto,30 días,Clavos,Camion
Ciudad de La Rioja,3,"$115,61 ","Rippin, Watsica and Wiegand",Provincia de La Rioja,Alberto García,30 días,Clavos,Camion
Ciudad de La Rioja,9,"$4.480,50 ","Rippin, Watsica and Wiegand",Provincia de La Rioja,Alejandro Del Olmo,30 días,Clavos,Camion
Ciudad de La Rioja,1,"$175,78 ","Rippin, Watsica and Wiegand",Provincia de La Rioja,Ana Aguilera,30 días,Clavos,Camion
Ciudad de La Rioja,3,"$403,63 ","Rippin, Watsica and Wiegand",Provincia de La Rioja,Ana Aguilera,45 días,Clavos,Camion
Ciudad de La Rioja,3,"$127,21 ","Rippin, Watsica and Wiegand",Provincia de La Rioja,Ana María Delgado,30 días,Clavos,Camion
Ciudad de La Rioja,1,"$85,57 ","Rippin, Watsica and Wiegand",Provincia de La Rioja,Ana María Serrano,30 días,Clavos,Camion
Ciudad de La Rioja,2,"$150,32 ","Rippin, Watsica and Wiegand",Provincia de La Rioja,Ángeles Pérez,30 días,Clavos,Camion
Ciudad de La Rioja,6,"$610,32 ","Rippin, Watsica and Wiegand",Provincia de La Rioja,Antonia Lorente,30 días,Clavos,Camion
Ciudad de La Rioja,2,"$130,26 ","Rippin, Watsica and Wiegand",Provincia de La Rioja,Antonio Calderón,30 días,Clavos,Camion
Ciudad de La Rioja,3,"$117,86 ","Rippin, Watsica and Wiegand",Provincia de La Rioja,Carmen Diez,30 días,Clavos,Camion
Ciudad de La Rioja,3,"$115,99 ","Rippin, Watsica and Wiegand",Provincia de La Rioja,Carmen Sánchez,30 días,Clavos,Camion
Ciudad de La Rioja,6,"$14.048,46 ","Rippin, Watsica and Wiegand",Provincia de La Rioja,Cristina Rodríguez,30 días,Clavos,Camion
Ciudad de La Rioja,6,"$762,89 ","Rippin, Watsica and Wiegand",Provincia de La Rioja,Elena Fernández,30 días,Clavos,Camion
Ciudad de La Rioja,3,"$21.232,82 ","Rippin, Watsica and Wiegand",Provincia de La Rioja,Francisco Miñana,30 días,Clavos,Camion
Ciudad de La Rioja,3,"$186,83 ","Rippin, Watsica and Wiegand",Provincia de La Rioja,Jaume García,45 días,Clavos,Camion
Ciudad de La Rioja,3,"$130,35 ","Rippin, Watsica and Wiegand",Provincia de La Rioja,José Antonio López,30 días,Clavos,Camion
Ciudad de La Rioja,2,"$225,85 ","Rippin, Watsica and Wiegand",Provincia de La Rioja,José Carretero,30 días,Clavos,Camion
Ciudad de La Rioja,3,"$127,39 ","Rippin, Watsica and Wiegand",Provincia de La Rioja,José María Pérez,30 días,Clavos,Camion
Ciudad de La Rioja,17,"$542,06 ","Rippin, Watsica and Wiegand",Provincia de La Rioja,José Salcedo,30 días,Clavos,Camion
Ciudad de La Rioja,3,"$108,39 ","Rippin, Watsica and Wiegand",Provincia de La Rioja,José Sola,30 días,Clavos,Camion
Ciudad de La Rioja,3,"$101,45 ","Rippin, Watsica and Wiegand",Provincia de La Rioja,Juan Andrés,30 días,Clavos,Camion
Ciudad de La Rioja,3,"$126,25 ","Rippin, Watsica and Wiegand",Provincia de La Rioja,Manuel Grande,30 días,Clavos,Camion
Ciudad de La Rioja,3,"$127,25 ","Rippin, Watsica and Wiegand",Provincia de La Rioja,Manuel Muñoz,30 días,Clavos,Camion
Ciudad de La Rioja,3,"$107,32 ","Rippin, Watsica and Wiegand",Provincia de La Rioja,María Ángeles Alves,30 días,Clavos,Camion
Ciudad de La Rioja,3,"$138,71 ","Rippin, Watsica and Wiegand",Provincia de La Rioja,María Ángeles Martínez,30 días,Clavos,Camion
Ciudad de La Rioja,1,"$116,80 ","Rippin, Watsica and Wiegand",Provincia de La Rioja,María Carmen Serrano,30 días,Clavos,Camion
Ciudad de La Rioja,3,"$4.670,28 ","Rippin, Watsica and Wiegand",Provincia de La Rioja,María Carmen Serrano,45 días,Clavos,Camion
Ciudad de La Rioja,9,"$1.943,59 ","Rippin, Watsica and Wiegand",Provincia de La Rioja,María Cedeño,30 días,Clavos,Camion
Ciudad de La Rioja,4,"$1.175,38 ","Rippin, Watsica and Wiegand",Provincia de La Rioja,María Diego,30 días,Clavos,Camion
Ciudad de La Rioja,3,"$15.181,17 ","Rippin, Watsica and Wiegand",Provincia de La Rioja,María Isabel Heredia,30 días,Clavos,Camion
Ciudad de La Rioja,7,"$342,32 ","Rippin, Watsica and Wiegand",Provincia de La Rioja,María Jesús Peñalver,30 días,Clavos,Camion
Ciudad de La Rioja,3,"$115,92 ","Rippin, Watsica and Wiegand",Provincia de La Rioja,Marta Amigo,30 días,Clavos,Camion
Ciudad de La Rioja,3,"$116,08 ","Rippin, Watsica and Wiegand",Provincia de La Rioja,Marta López,30 días,Clavos,Camion
Ciudad de La Rioja,3,"$617,71 ","Rippin, Watsica and Wiegand",Provincia de La Rioja,Pablo López,30 días,Clavos,Camion
Ciudad de La Rioja,3,"$119,87 ","Rippin, Watsica and Wiegand",Provincia de La Rioja,Raquel Pueyo,30 días,Clavos,Camion
Ciudad de La Rioja,3,"$115,83 ","Rippin, Watsica and Wiegand",Provincia de La Rioja,Sara Pineda,30 días,Clavos,Camion
Ciudad de La Rioja,3,"$108,07 ","Rippin, Watsica and Wiegand",Provincia de La Rioja,Sergio Jiménez,30 días,Clavos,Camion
Ciudad de La Rioja,3,"$126,25 ","Rippin, Watsica and Wiegand",Provincia de La Rioja,Susana Escudero,30 días,Clavos,Camion
Ciudad de La Rioja,3,"$116,08 ","Rippin, Watsica and Wiegand",Provincia de La Rioja,Teresa Martínez,30 días,Clavos,Camion
Ciudad de La Rioja,3,"$842,58 ","Yost, Blick and Mayert",Provincia de La Rioja,Adrián Souto,30 días,Clavos,Camion
Ciudad de La Rioja,3,"$146,45 ","Yost, Blick and Mayert",Provincia de La Rioja,Ana María Serrano,30 días,Clavos,Camion
Ciudad de La Rioja,3,"$164,52 ","Yost, Blick and Mayert",Provincia de La Rioja,María Dolores Sousa,30 días,Clavos,Camion
Ciudad de Neuquén,36,"$2.732,68 ","Doyle, Koepp and Mills",Provincia de Neuquén,Ana Aguilera,30 días,Perfiles De Acero,Camion
Ciudad de Neuquén,36,"$3.093,43 ","Doyle, Koepp and Mills",Provincia de Neuquén,Antonia Martínez,30 días,Perfiles De Acero,Camion
Ciudad de Neuquén,36,"$559.363,60 ","Doyle, Koepp and Mills",Provincia de Neuquén,Jaume García,30 días,Perfiles De Acero,Camion
Ciudad de Neuquén,6,"$258,06 ",Treutel SRL,Provincia de Neuquén,Ana María Serrano,30 días,Perfiles De Acero,Camion
Ciudad de Neuquén,87,"$548,39 ",Treutel SRL,Provincia de Neuquén,Ángeles Pérez,30 días,Perfiles De Acero,Camion
Ciudad de Neuquén,6,"$258,06 ",Treutel SRL,Provincia de Neuquén,Carmen Cortes,30 días,Perfiles De Acero,Camion
Ciudad de Neuquén,3,$1.160 ,Treutel SRL,Provincia de Neuquén,Juan Andrés,30 días,Perfiles De Acero,Camion
Ciudad de Neuquén,3,$1.160 ,Treutel SRL,Provincia de Neuquén,Manuel Muñoz,30 días,Perfiles De Acero,Camion
Ciudad de Neuquén,3,"$1.844,99 ",Treutel SRL,Provincia de Neuquén,María Ángeles Alves,30 días,Perfiles De Acero,Camion
Ciudad de Neuquén,3,"$1.161,29 ",Treutel SRL,Provincia de Neuquén,Marta Amigo,30 días,Perfiles De Acero,Camion
Ciudad de Neuquén,3,"$1.977,36 ",Treutel SRL,Provincia de Neuquén,Raquel Pueyo,30 días,Perfiles De Acero,Camion
Ciudad de Neuquén,2,"$322,58 ",Hane Inc,Provincia de Neuquén,Ana María Delgado,30 días,Perfiles De Acero,Camion
Ciudad de Neuquén,3,"$126,25 ",Schumm-Prohaska,Provincia de Neuquén,Ana María Delgado,30 días,Perfiles De Acero,Camion
Ciudad de Neuquén,18,"$1.638,15 ",Schumm-Prohaska,Provincia de Neuquén,María Diego,30 días,Perfiles De Acero,Camion
Ciudad de Neuquén,2,"$146,77 ",Tremblay SRL,Provincia de Neuquén,Adrián Souto,30 días,Perfiles De Acero,Camion
Ciudad de Río Cuarto,3,"$387,10 ",Aufderhar LLC,Provincia de Córdoba,Ana María Serrano,30 días,Alambre,Tren
Ciudad de Río Cuarto,14,"$1.509,68 ",Aufderhar LLC,Provincia de Córdoba,Ángeles Pérez,30 días,Alambre,Tren
Ciudad de Río Cuarto,14,"$1.509,68 ",Aufderhar LLC,Provincia de Córdoba,Cristina Zamora,30 días,Alambre,Tren
Ciudad de Río Cuarto,14,"$1.509,68 ",Aufderhar LLC,Provincia de Córdoba,Daniel Pino,30 días,Alambre,Tren
Ciudad de Río Cuarto,14,"$1.509,68 ",Aufderhar LLC,Provincia de Córdoba,Jaume García,30 días,Alambre,Tren
Ciudad de Río Cuarto,14,"$1.509,68 ",Aufderhar LLC,Provincia de Córdoba,María Cedeño,30 días,Alambre,Tren
Ciudad de Río Cuarto,14,"$1.509,68 ",Aufderhar LLC,Provincia de Córdoba,Susana Escudero,30 días,Alambre,Tren
Ciudad de Río Cuarto,3,"$309,68 ",Bauch-Berge,Provincia de Córdoba,Alejandro Del Olmo,30 días,Alambre,Tren
Ciudad de Río Cuarto,3,$580 ,Bauch-Berge,Provincia de Córdoba,Begoña García,30 días,Alambre,Tren
Ciudad de Río Cuarto,3,"$80,65 ",Bauch-Berge,Provincia de Córdoba,Sergio Jiménez,30 días,Alambre,Tren
Ciudad de Río Cuarto,14,"$1.509,68 ",Bechtelar-Gibson,Provincia de Córdoba,Adrián Souto,30 días,Alambre,Tren
Ciudad de Río Cuarto,3,"$7.738,84 ",Bechtelar-Gibson,Provincia de Córdoba,Alberto García,30 días,Alambre,Tren
Ciudad de Río Cuarto,14,"$1.509,68 ",Bechtelar-Gibson,Provincia de Córdoba,Alejandro Del Olmo,30 días,Alambre,Tren
Ciudad de Río Cuarto,14,"$1.509,68 ",Bechtelar-Gibson,Provincia de Córdoba,Ana Aguilera,30 días,Alambre,Tren
Ciudad de Río Cuarto,3,"$387,10 ",Bechtelar-Gibson,Provincia de Córdoba,Ana María Serrano,30 días,Alambre,Tren
Ciudad de Río Cuarto,14,"$1.509,68 ",Bechtelar-Gibson,Provincia de Córdoba,Manuel Grande,30 días,Alambre,Tren
Ciudad de Río Cuarto,14,"$1.509,68 ",Bechtelar-Gibson,Provincia de Córdoba,María Ángeles Alves,30 días,Alambre,Tren
Ciudad de Río Cuarto,14,"$1.509,68 ",Bechtelar-Gibson,Provincia de Córdoba,María Jesús Peñalver,30 días,Alambre,Tren
Ciudad de Río Cuarto,3,"$84,52 ",Bechtelar-Gibson,Provincia de Córdoba,Sara Pineda,30 días,Alambre,Tren
Ciudad de Río Cuarto,3,"$129,03 ",Bernier-Lindgren,Provincia de Córdoba,Alberto García,30 días,Alambre,Tren
Ciudad de Río Cuarto,3,"$161,29 ",Bernier-Lindgren,Provincia de Córdoba,Sergio Jiménez,30 días,Alambre,Tren
Ciudad de Río Cuarto,3,"$80,65 ",Bins LLC,Provincia de Córdoba,Joaquín Vega,30 días,Alambre,Tren
Ciudad de Río Cuarto,3,"$106,48 ",Blanda Ltd,Provincia de Córdoba,Adrián Souto,30 días,Alambre,Tren
Ciudad de Río Cuarto,3,"$144,61 ",Blanda Ltd,Provincia de Córdoba,Antonio Calderón,30 días,Alambre,Tren
Ciudad de Río Cuarto,14,"$612,85 ",Blanda Ltd,Provincia de Córdoba,Begoña García,30 días,Alambre,Tren
Ciudad de Río Cuarto,3,"$120,49 ",Blanda Ltd,Provincia de Córdoba,Carmen Diez,30 días,Alambre,Tren
Ciudad de Río Cuarto,14,"$563,99 ",Blanda Ltd,Provincia de Córdoba,Daniel Pino,30 días,Alambre,Tren
Ciudad de Río Cuarto,3,"$157,14 ",Blanda Ltd,Provincia de Córdoba,José Carretero,30 días,Alambre,Tren
Ciudad de Río Cuarto,3,"$113,94 ","Blanda, Stehr and Bechtelar",Provincia de Córdoba,José Carretero,30 días,Alambre,Camion
Ciudad de Río Cuarto,3,"$4.602,76 ","Blanda, Stehr and Bechtelar",Provincia de Córdoba,María Jesús Peñalver,30 días,Alambre,Camion
Ciudad de Río Cuarto,3,"$21.843,98 ","Blanda, Stehr and Bechtelar",Provincia de Córdoba,Sergio Jiménez,30 días,Alambre,Camion
Ciudad de Río Cuarto,3,"$197,12 ",Boehm-Mohr,Provincia de Córdoba,Adrián Souto,30 días,Alambre,Tren
Ciudad de Río Cuarto,3,"$2.669,74 ",Boehm-Mohr,Provincia de Córdoba,Ángeles Pérez,30 días,Alambre,Tren
Ciudad de Río Cuarto,12,"$30.751,42 ",Boehm-Mohr,Provincia de Córdoba,Antonio Calderón,30 días,Alambre,Tren
Ciudad de Río Cuarto,3,"$30.585,52 ",Boehm-Mohr,Provincia de Córdoba,Carmen Diez,30 días,Alambre,Tren
Ciudad de Río Cuarto,3,"$387,10 ",Boehm-Mohr,Provincia de Córdoba,Carmen Sánchez,30 días,Alambre,Tren
Ciudad de Río Cuarto,17,"$676,95 ",Boehm-Mohr,Provincia de Córdoba,Cristina Rodríguez,30 días,Alambre,Tren
Ciudad de Río Cuarto,6,"$127,87 ",Boehm-Mohr,Provincia de Córdoba,Cristina Zamora,30 días,Alambre,Tren
Ciudad de Río Cuarto,3,"$621,61 ",Boehm-Mohr,Provincia de Córdoba,Daniel Pino,30 días,Alambre,Tren
Ciudad de Río Cuarto,3,"$2.544,77 ",Boehm-Mohr,Provincia de Córdoba,Jaume García,30 días,Alambre,Tren
Ciudad de Río Cuarto,3,"$2.709,68 ",Boehm-Mohr,Provincia de Córdoba,Joaquín Vega,30 días,Alambre,Tren
Ciudad de Río Cuarto,3,"$80,65 ",Boehm-Mohr,Provincia de Córdoba,José María Pérez,30 días,Alambre,Tren
Ciudad de Río Cuarto,6,"$1.369,39 ",Boehm-Mohr,Provincia de Córdoba,José Sola,30 días,Alambre,Tren
Ciudad de Río Cuarto,3,"$132,87 ",Boehm-Mohr,Provincia de Córdoba,Manuel Muñoz,30 días,Alambre,Tren
Ciudad de Río Cuarto,3,"$956,52 ",Boehm-Mohr,Provincia de Córdoba,María Carmen Serrano,30 días,Alambre,Tren
Ciudad de Río Cuarto,3,"$2.677,88 ",Boehm-Mohr,Provincia de Córdoba,María Fernández,30 días,Alambre,Tren
Ciudad de Río Cuarto,3,"$113,63 ",Boehm-Mohr,Provincia de Córdoba,María Isabel Heredia,30 días,Alambre,Tren
Ciudad de Río Cuarto,14,"$518,20 ",Boehm-Mohr,Provincia de Córdoba,María Isabel León,30 días,Alambre,Tren
Ciudad de Río Cuarto,3,"$309,68 ",Boehm-Mohr,Provincia de Córdoba,María Jesús Peñalver,30 días,Alambre,Tren
Ciudad de Río Cuarto,3,"$133,28 ",Boehm-Mohr,Provincia de Córdoba,María Pilar Pérez,30 días,Alambre,Tren
Ciudad de Río Cuarto,3,"$138,68 ",Boehm-Mohr,Provincia de Córdoba,Sara Pineda,30 días,Alambre,Tren
Ciudad de Río Cuarto,3,"$165,81 ",Boehm-Mohr,Provincia de Córdoba,Sergio Jiménez,30 días,Alambre,Tren
Ciudad de Río Cuarto,3,"$2.664,12 ",Boehm-Mohr,Provincia de Córdoba,Susana Escudero,30 días,Alambre,Tren
Ciudad de Río Cuarto,6,"$1.646,57 ",Boehm-Mohr,Provincia de Córdoba,Teresa Martínez,30 días,Alambre,Tren
Ciudad de Río Cuarto,3,"$22.239,75 ","Brekke, Jenkins and Maggio",Provincia de Córdoba,Antonia Martínez,30 días,Alambre,Tren
Ciudad de Río Cuarto,3,"$80,65 ","Brekke, Jenkins and Maggio",Provincia de Córdoba,José Antonio López,30 días,Alambre,Tren
Ciudad de Río Cuarto,14,"$7.070,32 ","Brown, Russel and Dickens",Provincia de Córdoba,Adrián Souto,30 días,Alambre,Tren
Ciudad de Río Cuarto,14,"$7.070,32 ","Brown, Russel and Dickens",Provincia de Córdoba,Begoña García,30 días,Alambre,Tren
Ciudad de Río Cuarto,14,"$7.070,32 ","Brown, Russel and Dickens",Provincia de Córdoba,Cristina Rodríguez,30 días,Alambre,Tren
Ciudad de Río Cuarto,14,"$7.070,32 ","Brown, Russel and Dickens",Provincia de Córdoba,Joaquín Vega,30 días,Alambre,Tren
Ciudad de Río Cuarto,17,"$8.883,23 ","Brown, Russel and Dickens",Provincia de Córdoba,María Isabel León,30 días,Alambre,Tren
Ciudad de Río Cuarto,14,"$7.070,32 ","Brown, Russel and Dickens",Provincia de Córdoba,Sergio Jiménez,30 días,Alambre,Tren
Ciudad de Río Cuarto,3,"$366.852,09 ",Champlin-Cummerata,Provincia de Córdoba,María Ángeles Ruiz,30 días,Alambre,Tren
Ciudad de Río Cuarto,3,"$4.417,28 ",Denesik-Nader,Provincia de Córdoba,Adrián Souto,30 días,Alambre,Tren
Ciudad de Río Cuarto,3,"$14.264,31 ",Denesik-Nader,Provincia de Córdoba,Elena Fernández,30 días,Alambre,Tren
Ciudad de Río Cuarto,3,"$100,13 ",Denesik-Nader,Provincia de Córdoba,Jaume García,30 días,Alambre,Tren
Ciudad de Río Cuarto,3,"$24.278,71 ",Denesik-Nader,Provincia de Córdoba,Manuel Muñoz,30 días,Alambre,Tren
Ciudad de Río Cuarto,3,"$395,50 ",Morar SRL,Provincia de Córdoba,Sergio Jiménez,30 días,Alambre,Tren
Ciudad de Río Cuarto,3,"$127,79 ",Daska SRL,Provincia de Córdoba,María Isabel León,30 días,Alambre,Tren
Ciudad de Río Cuarto,3,"$309,68 ",Fay PLC,Provincia de Córdoba,Adrián Souto,30 días,Alambre,Tren
Ciudad de Río Cuarto,3,"$338,06 ",Fay PLC,Provincia de Córdoba,Joaquín Vega,30 días,Alambre,Tren
Ciudad de Río Cuarto,3,"$129,03 ","Feest, Hahn and Turner",Provincia de Córdoba,María Ángeles Ruiz,30 días,Alambre,Tren
Ciudad de Río Cuarto,3,"$17.456,78 ","Feest, Hahn and Turner",Provincia de Córdoba,Pablo López,30 días,Alambre,Tren
Ciudad de Río Cuarto,3,"$116,13 ",Grady-Fisher,Provincia de Córdoba,Ana Aguilera,30 días,Alambre,Tren
Ciudad de Río Cuarto,3,"$157,50 ",Grady-Fisher,Provincia de Córdoba,Jaume García,30 días,Alambre,Tren
Ciudad de Río Cuarto,3,$640 ,Grady-Fisher,Provincia de Córdoba,Joaquín Vega,30 días,Alambre,Tren
Ciudad de Río Cuarto,3,"$129,03 ",Grady-Fisher,Provincia de Córdoba,Manuel Muñoz,30 días,Alambre,Tren
Ciudad de Río Cuarto,3,"$258,06 ",Grady-Fisher,Provincia de Córdoba,María Ángeles Ruiz,30 días,Alambre,Tren
Ciudad de Río Cuarto,3,"$1.960,54 ",Grady-Fisher,Provincia de Córdoba,María Isabel Heredia,30 días,Alambre,Tren
Ciudad de Río Cuarto,3,"$29.624,61 ",Grady-Fisher,Provincia de Córdoba,Susana Escudero,30 días,Alambre,Tren
Ciudad de Río Cuarto,17,"$5.236,30 ",Grant-Mraz,Provincia de Córdoba,Ana María Serrano,30 días,Alambre,Tren
Ciudad de Río Cuarto,14,"$4.783,54 ",Grant-Mraz,Provincia de Córdoba,Ángeles Pérez,30 días,Alambre,Tren
Ciudad de Río Cuarto,14,"$4.783,54 ",Grant-Mraz,Provincia de Córdoba,Antonia Lorente,30 días,Alambre,Tren
Ciudad de Río Cuarto,28,"$3.531,54 ",Grant-Mraz,Provincia de Córdoba,Cristina Rodríguez,30 días,Alambre,Tren
Ciudad de Río Cuarto,14,"$1.765,77 ",Grant-Mraz,Provincia de Córdoba,Francisco Miñana,30 días,Alambre,Tren
Ciudad de Río Cuarto,3,"$1.226,55 ",Grant-Mraz,Provincia de Córdoba,José María Pérez,30 días,Alambre,Tren
Ciudad de Río Cuarto,28,"$6.549,31 ",Grant-Mraz,Provincia de Córdoba,José Sola,30 días,Alambre,Tren
Ciudad de Río Cuarto,14,"$4.783,54 ",Grant-Mraz,Provincia de Córdoba,María Carmen Serrano,30 días,Alambre,Tren
Ciudad de Río Cuarto,14,"$4.783,54 ",Grant-Mraz,Provincia de Córdoba,María Cedeño,30 días,Alambre,Tren
Ciudad de Río Cuarto,28,"$3.531,54 ",Grant-Mraz,Provincia de Córdoba,Marta Amigo,30 días,Alambre,Tren
Ciudad de Río Cuarto,3,"$140,06 ",Gutkowski-Stroman,Provincia de Córdoba,Adrián Souto,60 días,Alambre,Tren
Ciudad de Río Cuarto,6,"$796,37 ",Gutkowski-Stroman,Provincia de Córdoba,Alejandro Del Olmo,60 días,Alambre,Tren
Ciudad de Río Cuarto,3,"$214,68 ",Gutkowski-Stroman,Provincia de Córdoba,Carlos Arenas,60 días,Alambre,Tren
Ciudad de Río Cuarto,9,"$741,61 ",Gutkowski-Stroman,Provincia de Córdoba,Carmen Cortes,60 días,Alambre,Tren
Ciudad de Río Cuarto,15,"$2.710,97 ",Gutkowski-Stroman,Provincia de Córdoba,Carmen Diez,60 días,Alambre,Tren
Ciudad de Río Cuarto,6,"$18.173,92 ",Gutkowski-Stroman,Provincia de Córdoba,Carmen Sánchez,60 días,Alambre,Tren
Ciudad de Río Cuarto,9,"$649,79 ",Gutkowski-Stroman,Provincia de Córdoba,Cristina Rodríguez,60 días,Alambre,Tren
Ciudad de Río Cuarto,3,"$309,68 ",Gutkowski-Stroman,Provincia de Córdoba,Cristina Zamora,60 días,Alambre,Tren
Ciudad de Río Cuarto,6,"$1.096,77 ",Gutkowski-Stroman,Provincia de Córdoba,Daniel Pino,60 días,Alambre,Tren
Ciudad de Río Cuarto,3,"$22.730,01 ",Gutkowski-Stroman,Provincia de Córdoba,Elena Fernández,60 días,Alambre,Tren
Ciudad de Río Cuarto,3,"$80,65 ",Gutkowski-Stroman,Provincia de Córdoba,Jaume García,60 días,Alambre,Tren
Ciudad de Río Cuarto,3,"$4.657,74 ",Gutkowski-Stroman,Provincia de Córdoba,José Carretero,60 días,Alambre,Tren
Ciudad de Río Cuarto,3,"$361,29 ",Gutkowski-Stroman,Provincia de Córdoba,Juan Andrés,60 días,Alambre,Tren
Ciudad de Río Cuarto,3,"$1.270,97 ",Gutkowski-Stroman,Provincia de Córdoba,Manuel Grande,60 días,Alambre,Tren
Ciudad de Río Cuarto,9,"$23.795,81 ",Gutkowski-Stroman,Provincia de Córdoba,María Ángeles Ruiz,60 días,Alambre,Tren
Ciudad de Río Cuarto,6,"$3.424,29 ",Gutkowski-Stroman,Provincia de Córdoba,María Carmen Serrano,60 días,Alambre,Tren
Ciudad de Río Cuarto,3,"$118,08 ",Gutkowski-Stroman,Provincia de Córdoba,María Fernández,60 días,Alambre,Tren
Ciudad de Río Cuarto,3,"$197,47 ",Gutkowski-Stroman,Provincia de Córdoba,María Isabel Heredia,60 días,Alambre,Tren
Ciudad de Río Cuarto,3,"$156,77 ",Gutkowski-Stroman,Provincia de Córdoba,María Isabel León,60 días,Alambre,Tren
Ciudad de Río Cuarto,3,"$580,65 ",Gutkowski-Stroman,Provincia de Córdoba,María Pilar Pérez,60 días,Alambre,Tren
Ciudad de Río Cuarto,3,"$309,68 ",Gutkowski-Stroman,Provincia de Córdoba,Marta Amigo,60 días,Alambre,Tren
Ciudad de Río Cuarto,3,"$309,68 ",Gutkowski-Stroman,Provincia de Córdoba,Pablo López,60 días,Alambre,Tren
Ciudad de Río Cuarto,6,"$294,52 ",Gutkowski-Stroman,Provincia de Córdoba,Sergio Jiménez,60 días,Alambre,Tren
Ciudad de Río Cuarto,3,"$80,65 ",Gutkowski-Stroman,Provincia de Córdoba,Susana Escudero,60 días,Alambre,Tren
Ciudad de Río Cuarto,3,"$580,65 ",Gutkowski-Stroman,Provincia de Córdoba,Teresa Martínez,60 días,Alambre,Tren
Ciudad de Río Cuarto,6,"$305,71 ",Treutel SRL,Provincia de Córdoba,Antonia Martínez,30 días,Alambre,Tren
Ciudad de Río Cuarto,3,"$20.642,50 ",Treutel SRL,Provincia de Córdoba,Antonio Calderón,30 días,Alambre,Tren
Ciudad de Río Cuarto,3,"$132,26 ",Treutel SRL,Provincia de Córdoba,Begoña García,30 días,Alambre,Tren
Ciudad de Río Cuarto,3,"$113,48 ",Treutel SRL,Provincia de Córdoba,Carmen Cortes,30 días,Alambre,Tren
Ciudad de Río Cuarto,3,"$14.790,11 ",Treutel SRL,Provincia de Córdoba,Carmen Diez,30 días,Alambre,Tren
Ciudad de Río Cuarto,14,"$704,52 ",Treutel SRL,Provincia de Córdoba,María Pilar Pérez,30 días,Alambre,Tren
Ciudad de Río Cuarto,17,"$931,85 ",Treutel SRL,Provincia de Córdoba,Teresa Martínez,30 días,Alambre,Tren
Ciudad de Río Cuarto,3,"$106,58 ",Hane Inc,Provincia de Córdoba,Alejandro Del Olmo,30 días,Alambre,Tren
Ciudad de Río Cuarto,14,"$415,66 ",Hane Inc,Provincia de Córdoba,Carmen Cortes,30 días,Alambre,Tren
Ciudad de Río Cuarto,14,"$429,60 ",Hane Inc,Provincia de Córdoba,Cristina Zamora,30 días,Alambre,Tren
Ciudad de Río Cuarto,6,"$223,46 ",Hane Inc,Provincia de Córdoba,Daniel Pino,30 días,Alambre,Tren
Ciudad de Río Cuarto,3,"$106,58 ",Hane Inc,Provincia de Córdoba,Manuel Muñoz,30 días,Alambre,Tren
Ciudad de Río Cuarto,3,"$859,63 ",Hane Inc,Provincia de Córdoba,María Ángeles Martínez,30 días,Alambre,Tren
Ciudad de Río Cuarto,3,"$110,15 ",Hane Inc,Provincia de Córdoba,María Jesús Peñalver,30 días,Alambre,Tren
Ciudad de Río Cuarto,6,"$246,66 ",Harber SRL,Provincia de Córdoba,Adrián Souto,30 días,Alambre,Tren
Ciudad de Río Cuarto,6,"$251,10 ",Harber SRL,Provincia de Córdoba,Alberto García,30 días,Alambre,Tren
Ciudad de Río Cuarto,17,"$20.400,97 ",Harber SRL,Provincia de Córdoba,Alejandro Del Olmo,30 días,Alambre,Tren
Ciudad de Río Cuarto,20,"$16.921,54 ",Harber SRL,Provincia de Córdoba,Ana Aguilera,30 días,Alambre,Tren
Ciudad de Río Cuarto,14,"$20.191,94 ",Harber SRL,Provincia de Córdoba,Ana María Delgado,30 días,Alambre,Tren
Ciudad de Río Cuarto,3,"$196,77 ",Harber SRL,Provincia de Córdoba,Antonia Lorente,30 días,Alambre,Tren
Ciudad de Río Cuarto,3,"$134,49 ",Harber SRL,Provincia de Córdoba,Antonio Calderón,30 días,Alambre,Tren
Ciudad de Río Cuarto,9,"$5.531,29 ",Harber SRL,Provincia de Córdoba,Begoña García,30 días,Alambre,Tren
Ciudad de Río Cuarto,6,"$267,18 ",Harber SRL,Provincia de Córdoba,Carlos Arenas,30 días,Alambre,Tren
Ciudad de Río Cuarto,45,"$2.903,94 ",Harber SRL,Provincia de Córdoba,Carmen Diez,30 días,Alambre,Tren
Ciudad de Río Cuarto,34,"$22.056,72 ",Harber SRL,Provincia de Córdoba,Carmen Sánchez,30 días,Alambre,Tren
Ciudad de Río Cuarto,17,"$1.724,11 ",Harber SRL,Provincia de Córdoba,Cristina Rodríguez,30 días,Alambre,Tren
Ciudad de Río Cuarto,6,"$556,86 ",Harber SRL,Provincia de Córdoba,Cristina Zamora,30 días,Alambre,Tren
Ciudad de Río Cuarto,17,"$566,38 ",Harber SRL,Provincia de Córdoba,Francisco Miñana,30 días,Alambre,Tren
Ciudad de Río Cuarto,3,"$2.915,30 ",Harber SRL,Provincia de Córdoba,Joaquín Vega,30 días,Alambre,Tren
Ciudad de Río Cuarto,3,"$180,65 ",Harber SRL,Provincia de Córdoba,José Carretero,30 días,Alambre,Tren
Ciudad de Río Cuarto,45,"$42.679,43 ",Harber SRL,Provincia de Córdoba,José Sola,30 días,Alambre,Tren
Ciudad de Río Cuarto,3,"$110,15 ",Harber SRL,Provincia de Córdoba,Juan Andrés,30 días,Alambre,Tren
Ciudad de Río Cuarto,14,"$452,07 ",Harber SRL,Provincia de Córdoba,Manuel Grande,30 días,Alambre,Tren
Ciudad de Río Cuarto,17,"$20.328,05 ",Harber SRL,Provincia de Córdoba,Manuel Muñoz,30 días,Alambre,Tren
Ciudad de Río Cuarto,3,"$418,06 ",Harber SRL,Provincia de Córdoba,María Ángeles Alves,30 días,Alambre,Tren
Ciudad de Río Cuarto,6,"$1.848,52 ",Harber SRL,Provincia de Córdoba,María Ángeles Martínez,30 días,Alambre,Tren
Ciudad de Río Cuarto,14,"$1.614,27 ",Harber SRL,Provincia de Córdoba,María Ángeles Ruiz,30 días,Alambre,Tren
Ciudad de Río Cuarto,14,"$1.614,27 ",Harber SRL,Provincia de Córdoba,María Carmen Serrano,30 días,Alambre,Tren
Ciudad de Río Cuarto,12,"$644,52 ",Harber SRL,Provincia de Córdoba,María Dolores Sousa,30 días,Alambre,Tren
Ciudad de Río Cuarto,17,"$23.098,37 ",Harber SRL,Provincia de Córdoba,María Isabel Heredia,30 días,Alambre,Tren
Ciudad de Río Cuarto,6,"$4.422,15 ",Harber SRL,Provincia de Córdoba,María Isabel León,30 días,Alambre,Tren
Ciudad de Río Cuarto,3,"$375,48 ",Harber SRL,Provincia de Córdoba,María Jesús Peñalver,30 días,Alambre,Tren
Ciudad de Río Cuarto,3,"$113,87 ",Harber SRL,Provincia de Córdoba,Marta López,30 días,Alambre,Tren
Ciudad de Río Cuarto,3,"$516,13 ",Harber SRL,Provincia de Córdoba,Pablo López,30 días,Alambre,Tren
Ciudad de Río Cuarto,3,"$136,52 ",Harber SRL,Provincia de Córdoba,Raquel Pueyo,30 días,Alambre,Tren
Ciudad de Río Cuarto,6,"$232,32 ",Harber SRL,Provincia de Córdoba,Sara Pineda,30 días,Alambre,Tren
Ciudad de Río Cuarto,14,"$492,08 ",Harber SRL,Provincia de Córdoba,Susana Escudero,30 días,Alambre,Tren
Ciudad de Río Cuarto,3,"$143,94 ",Harber SRL,Provincia de Córdoba,Teresa Martínez,30 días,Alambre,Tren
Ciudad de Río Cuarto,3,"$163,10 ",Heidenreich-Conn,Provincia de Córdoba,Alberto García,30 días,Alambre,Tren
Ciudad de Río Cuarto,3,"$437,42 ",Heidenreich-Conn,Provincia de Córdoba,Ángeles Pérez,30 días,Alambre,Tren
Ciudad de Río Cuarto,6,"$224,84 ",Heidenreich-Conn,Provincia de Córdoba,José Carretero,30 días,Alambre,Tren
Ciudad de Río Cuarto,3,"$20.275,48 ",Heidenreich-Conn,Provincia de Córdoba,Manuel Muñoz,30 días,Alambre,Tren
Ciudad de Río Cuarto,3,"$161,29 ",Simones e Hijos,Provincia de Córdoba,Adrián Souto,60 días,Alambre,Tren
Ciudad de Río Cuarto,3,"$144,52 ",Simones e Hijos,Provincia de Córdoba,Antonia Lorente,60 días,Alambre,Tren
Ciudad de Río Cuarto,3,"$140,65 ",Simones e Hijos,Provincia de Córdoba,Antonio Calderón,60 días,Alambre,Tren
Ciudad de Río Cuarto,3,"$122,05 ",Simones e Hijos,Provincia de Córdoba,Daniel Pino,60 días,Alambre,Tren
Ciudad de Río Cuarto,17,"$13.438,30 ",Simones e Hijos,Provincia de Córdoba,Elena Fernández,60 días,Alambre,Tren
Ciudad de Río Cuarto,14,"$460,50 ",Simones e Hijos,Provincia de Córdoba,Joaquín Vega,60 días,Alambre,Tren
Ciudad de Río Cuarto,17,"$594,05 ",Simones e Hijos,Provincia de Córdoba,José Sola,60 días,Alambre,Tren
Ciudad de Río Cuarto,3,"$387,10 ",Simones e Hijos,Provincia de Córdoba,Manuel Grande,60 días,Alambre,Tren
Ciudad de Río Cuarto,3,"$96,77 ",Simones e Hijos,Provincia de Córdoba,Manuel Muñoz,60 días,Alambre,Tren
Ciudad de Río Cuarto,3,"$139,48 ",Simones e Hijos,Provincia de Córdoba,María Diego,60 días,Alambre,Tren
Ciudad de Río Cuarto,3,"$136,52 ",Simones e Hijos,Provincia de Córdoba,María Dolores Sousa,60 días,Alambre,Tren
Ciudad de Río Cuarto,3,"$134,19 ",Simones e Hijos,Provincia de Córdoba,María Fernández,60 días,Alambre,Tren
Ciudad de Río Cuarto,17,"$740,76 ",Simones e Hijos,Provincia de Córdoba,María Isabel Heredia,60 días,Alambre,Tren
Ciudad de Río Cuarto,3,"$645,16 ",Simones e Hijos,Provincia de Córdoba,Marta Amigo,60 días,Alambre,Tren
Ciudad de Río Cuarto,3,"$3.548,39 ",Simones e Hijos,Provincia de Córdoba,Sergio Jiménez,60 días,Alambre,Tren
Ciudad de Río Cuarto,3,"$180,65 ",Johns-Hettinger,Provincia de Córdoba,Adrián Souto,30 días,Alambre,Tren
Ciudad de Río Cuarto,3,$580 ,Johns-Hettinger,Provincia de Córdoba,María Isabel León,30 días,Alambre,Tren
Ciudad de Río Cuarto,3,"$108,07 ",Kreiger Group,Provincia de Córdoba,Alberto García,30 días,Alambre,Tren
Ciudad de Río Cuarto,14,"$514,15 ",Kreiger Group,Provincia de Córdoba,Ana Aguilera,30 días,Alambre,Tren
Ciudad de Río Cuarto,3,"$121,68 ",Kreiger Group,Provincia de Córdoba,Ángeles Pérez,30 días,Alambre,Tren
Ciudad de Río Cuarto,3,"$102,90 ",Kreiger Group,Provincia de Córdoba,Antonia Martínez,30 días,Alambre,Tren
Ciudad de Río Cuarto,3,$144 ,Kreiger Group,Provincia de Córdoba,Carmen Cortes,30 días,Alambre,Tren
Ciudad de Río Cuarto,3,"$131,83 ",Kreiger Group,Provincia de Córdoba,Cristina Rodríguez,30 días,Alambre,Tren
Ciudad de Río Cuarto,17,"$2.437,16 ",Kreiger Group,Provincia de Córdoba,Daniel Pino,30 días,Alambre,Tren
Ciudad de Río Cuarto,3,"$102,58 ",Kreiger Group,Provincia de Córdoba,José Antonio López,30 días,Alambre,Tren
Ciudad de Río Cuarto,14,"$444,80 ",Kreiger Group,Provincia de Córdoba,José Carretero,30 días,Alambre,Tren
Ciudad de Río Cuarto,3,"$195,81 ",Kreiger Group,Provincia de Córdoba,José Sola,30 días,Alambre,Tren
Ciudad de Río Cuarto,3,"$193,55 ",Kreiger Group,Provincia de Córdoba,María Cedeño,30 días,Alambre,Tren
Ciudad de Río Cuarto,3,"$113,63 ",Kreiger Group,Provincia de Córdoba,María Dolores Sousa,30 días,Alambre,Tren
Ciudad de Río Cuarto,6,"$217,42 ",Kreiger Group,Provincia de Córdoba,María Fernández,30 días,Alambre,Tren
Ciudad de Río Cuarto,3,"$114,05 ",Kreiger Group,Provincia de Córdoba,María Jesús Peñalver,30 días,Alambre,Tren
Ciudad de Río Cuarto,3,"$102,90 ",Kreiger Group,Provincia de Córdoba,Marta Amigo,30 días,Alambre,Tren
Ciudad de Río Cuarto,3,"$121,59 ",Kreiger Group,Provincia de Córdoba,Marta López,30 días,Alambre,Tren
Ciudad de Río Cuarto,14,"$561,60 ",Kreiger Group,Provincia de Córdoba,Sara Pineda,30 días,Alambre,Tren
Ciudad de Río Cuarto,9,"$309,75 ",Kreiger Group,Provincia de Córdoba,Sergio Jiménez,30 días,Alambre,Tren
Ciudad de Río Cuarto,3,"$114,19 ",Kreiger-Dietrich,Provincia de Córdoba,Alberto García,30 días,Alambre,Tren
Ciudad de Río Cuarto,3,"$121,50 ",Kreiger-Dietrich,Provincia de Córdoba,Ana Aguilera,30 días,Alambre,Tren
Ciudad de Río Cuarto,3,"$140,24 ",Kreiger-Dietrich,Provincia de Córdoba,Carmen Sánchez,30 días,Alambre,Tren
Ciudad de Río Cuarto,3,"$96,77 ",Kreiger-Dietrich,Provincia de Córdoba,Cristina Rodríguez,30 días,Alambre,Tren
Ciudad de Río Cuarto,3,"$123,81 ",Kreiger-Dietrich,Provincia de Córdoba,Francisco Miñana,30 días,Alambre,Tren
Ciudad de Río Cuarto,3,"$103,15 ",Kreiger-Dietrich,Provincia de Córdoba,José Salcedo,30 días,Alambre,Tren
Ciudad de Río Cuarto,14,"$473,84 ",Kreiger-Dietrich,Provincia de Córdoba,Manuel Muñoz,30 días,Alambre,Tren
Ciudad de Río Cuarto,3,"$157,78 ",Posadas SRL,Provincia de Córdoba,Alberto García,30 días,Alambre,Tren
Ciudad de Río Cuarto,3,"$136,46 ",Posadas SRL,Provincia de Córdoba,Carlos Arenas,30 días,Alambre,Tren
Ciudad de Río Cuarto,3,"$132,39 ",Posadas SRL,Provincia de Córdoba,María Diego,30 días,Alambre,Tren
Ciudad de Río Cuarto,17,"$2.260,51 ",Posadas SRL,Provincia de Córdoba,María Isabel León,30 días,Alambre,Tren
Ciudad de Río Cuarto,14,"$484,48 ",Langworth Inc,Provincia de Córdoba,Antonia Lorente,30 días,Alambre,Tren
Ciudad de Río Cuarto,3,"$90,94 ",Langworth Inc,Provincia de Córdoba,Begoña García,30 días,Alambre,Tren
Ciudad de Río Cuarto,3,"$150,32 ",Langworth Inc,Provincia de Córdoba,Carmen Cortes,30 días,Alambre,Tren
Ciudad de Río Cuarto,3,"$172,26 ",Langworth Inc,Provincia de Córdoba,Daniel Pino,30 días,Alambre,Tren
Ciudad de Río Cuarto,3,"$17.409,57 ",Langworth Inc,Provincia de Córdoba,Elena Fernández,30 días,Alambre,Tren
Ciudad de Río Cuarto,17,"$565,87 ",Langworth Inc,Provincia de Córdoba,Jaume García,30 días,Alambre,Tren
Ciudad de Río Cuarto,3,"$309,68 ",Langworth Inc,Provincia de Córdoba,José María Pérez,30 días,Alambre,Tren
Ciudad de Río Cuarto,6,"$1.268,75 ",Langworth Inc,Provincia de Córdoba,María Isabel Heredia,30 días,Alambre,Tren
Ciudad de Río Cuarto,3,"$258,06 ",Langworth Inc,Provincia de Córdoba,Sergio Jiménez,30 días,Alambre,Tren
Ciudad de Río Cuarto,6,"$253,26 ",Langworth Inc,Provincia de Córdoba,Susana Escudero,30 días,Alambre,Tren
Ciudad de Río Cuarto,3,"$136,52 ","Lebsack, Padberg and Ortiz",Provincia de Córdoba,Antonio Calderón,30 días,Alambre,Tren
Ciudad de Río Cuarto,3,"$13.626,65 ","Lebsack, Padberg and Ortiz",Provincia de Córdoba,José María Pérez,30 días,Alambre,Tren
Ciudad de Río Cuarto,14,"$532,41 ","Lebsack, Padberg and Ortiz",Provincia de Córdoba,José Sola,30 días,Alambre,Tren
Ciudad de Río Cuarto,3,"$2.072,15 ",Ledner SRL,Provincia de Córdoba,Alberto García,30 días,Alambre,Tren
Ciudad de Río Cuarto,3,"$193,55 ",Ledner SRL,Provincia de Córdoba,Ana María Serrano,30 días,Alambre,Tren
Ciudad de Río Cuarto,3,"$309,68 ",Ledner SRL,Provincia de Córdoba,Ángeles Pérez,30 días,Alambre,Tren
Ciudad de Río Cuarto,14,"$88.168,96 ",Ledner SRL,Provincia de Córdoba,Antonia Martínez,30 días,Alambre,Tren
Ciudad de Río Cuarto,9,"$5.933,88 ",Ledner SRL,Provincia de Córdoba,Antonio Calderón,30 días,Alambre,Tren
Ciudad de Río Cuarto,6,"$54.388,68 ",Ledner SRL,Provincia de Córdoba,Begoña García,30 días,Alambre,Tren
Ciudad de Río Cuarto,14,"$88.168,96 ",Ledner SRL,Provincia de Córdoba,Carmen Sánchez,30 días,Alambre,Tren
Ciudad de Río Cuarto,6,"$1.515,45 ",Ledner SRL,Provincia de Córdoba,Jaume García,30 días,Alambre,Tren
Ciudad de Río Cuarto,6,"$192.646,38 ",Ledner SRL,Provincia de Córdoba,José Carretero,30 días,Alambre,Tren
Ciudad de Río Cuarto,3,"$137,42 ",Ledner SRL,Provincia de Córdoba,José María Pérez,30 días,Alambre,Tren
Ciudad de Río Cuarto,3,"$16.964,45 ",Ledner SRL,Provincia de Córdoba,José Salcedo,30 días,Alambre,Tren
Ciudad de Río Cuarto,3,"$157,30 ",Ledner SRL,Provincia de Córdoba,José Sola,30 días,Alambre,Tren
Ciudad de Río Cuarto,28,"$176.337,92 ",Ledner SRL,Provincia de Córdoba,Juan Andrés,30 días,Alambre,Tren
Ciudad de Río Cuarto,6,"$22.994,52 ",Ledner SRL,Provincia de Córdoba,Manuel Muñoz,30 días,Alambre,Tren
Ciudad de Río Cuarto,17,"$533,93 ",Ledner SRL,Provincia de Córdoba,María Ángeles Alves,30 días,Alambre,Tren
Ciudad de Río Cuarto,6,"$29.818,83 ",Ledner SRL,Provincia de Córdoba,María Ángeles Martínez,30 días,Alambre,Tren
Ciudad de Río Cuarto,3,"$2.405,81 ",Ledner SRL,Provincia de Córdoba,María Carmen Serrano,30 días,Alambre,Tren
Ciudad de Río Cuarto,3,"$290,32 ",Ledner SRL,Provincia de Córdoba,María Dolores Sousa,30 días,Alambre,Tren
Ciudad de Río Cuarto,3,"$209,68 ",Ledner SRL,Provincia de Córdoba,María Fernández,30 días,Alambre,Tren
Ciudad de Río Cuarto,3,"$157,78 ",Ledner SRL,Provincia de Córdoba,María Isabel Heredia,30 días,Alambre,Tren
Ciudad de Río Cuarto,3,"$306,45 ",Ledner SRL,Provincia de Córdoba,María Jesús Peñalver,30 días,Alambre,Tren
Ciudad de Río Cuarto,14,"$88.168,96 ",Ledner SRL,Provincia de Córdoba,María Pilar Pérez,30 días,Alambre,Tren
Ciudad de Río Cuarto,3,"$182,54 ",Ledner SRL,Provincia de Córdoba,Marta López,30 días,Alambre,Tren
Ciudad de Río Cuarto,6,"$18.774,19 ",Ledner SRL,Provincia de Córdoba,Sara Pineda,30 días,Alambre,Tren
Ciudad de Río Cuarto,3,"$1.066,45 ",Ledner SRL,Provincia de Córdoba,Sergio Jiménez,30 días,Alambre,Tren
Ciudad de Río Cuarto,14,"$88.168,96 ",Ledner SRL,Provincia de Córdoba,Susana Escudero,30 días,Alambre,Tren
Ciudad de Río Cuarto,6,"$363,01 ",Ledner SRL,Provincia de Córdoba,Teresa Martínez,30 días,Alambre,Tren
Ciudad de Río Cuarto,3,"$142,95 ","Legros, Graham and Fadel",Provincia de Córdoba,María Ángeles Ruiz,30 días,Alambre,Tren
Ciudad de Río Cuarto,3,"$101,95 ",Lesch-Balistreri,Provincia de Córdoba,Adrián Souto,30 días,Alambre,Tren
Ciudad de Río Cuarto,6,"$223,93 ",Lesch-Balistreri,Provincia de Córdoba,Alberto García,30 días,Alambre,Tren
Ciudad de Río Cuarto,3,"$103,56 ",Lesch-Balistreri,Provincia de Córdoba,Alejandro Del Olmo,30 días,Alambre,Tren
Ciudad de Río Cuarto,20,"$1.018,30 ",Lesch-Balistreri,Provincia de Córdoba,Ana María Delgado,30 días,Alambre,Tren
Ciudad de Río Cuarto,3,"$114,15 ",Lesch-Balistreri,Provincia de Córdoba,Ana María Serrano,30 días,Alambre,Tren
Ciudad de Río Cuarto,3,"$103,18 ",Lesch-Balistreri,Provincia de Córdoba,Ángeles Pérez,30 días,Alambre,Tren
Ciudad de Río Cuarto,3,"$131,81 ",Lesch-Balistreri,Provincia de Córdoba,Antonia Lorente,30 días,Alambre,Tren
Ciudad de Río Cuarto,3,"$101,14 ",Lesch-Balistreri,Provincia de Córdoba,Antonia Martínez,30 días,Alambre,Tren
Ciudad de Río Cuarto,3,"$102,90 ",Lesch-Balistreri,Provincia de Córdoba,Begoña García,30 días,Alambre,Tren
Ciudad de Río Cuarto,23,"$747,84 ",Lesch-Balistreri,Provincia de Córdoba,Carlos Arenas,30 días,Alambre,Tren
Ciudad de Río Cuarto,6,"$15.056,78 ",Lesch-Balistreri,Provincia de Córdoba,Cristina Rodríguez,30 días,Alambre,Tren
Ciudad de Río Cuarto,6,"$219,88 ",Lesch-Balistreri,Provincia de Córdoba,Cristina Zamora,30 días,Alambre,Tren
Ciudad de Río Cuarto,9,"$392,44 ",Lesch-Balistreri,Provincia de Córdoba,Daniel Pino,30 días,Alambre,Tren
Ciudad de Río Cuarto,6,"$530,32 ",Lesch-Balistreri,Provincia de Córdoba,Jaume García,30 días,Alambre,Tren
Ciudad de Río Cuarto,6,"$6.064,26 ",Lesch-Balistreri,Provincia de Córdoba,Joaquín Vega,30 días,Alambre,Tren
Ciudad de Río Cuarto,3,"$114,25 ",Lesch-Balistreri,Provincia de Córdoba,José Antonio López,30 días,Alambre,Tren
Ciudad de Río Cuarto,9,"$500,36 ",Lesch-Balistreri,Provincia de Córdoba,José Carretero,30 días,Alambre,Tren
Ciudad de Río Cuarto,3,"$80,65 ",Lesch-Balistreri,Provincia de Córdoba,José María Pérez,30 días,Alambre,Tren
Ciudad de Río Cuarto,3,"$106,48 ",Lesch-Balistreri,Provincia de Córdoba,José Sola,30 días,Alambre,Tren
Ciudad de Río Cuarto,12,"$438,02 ",Lesch-Balistreri,Provincia de Córdoba,Juan Andrés,30 días,Alambre,Tren
Ciudad de Río Cuarto,12,"$1.570,81 ",Lesch-Balistreri,Provincia de Córdoba,Manuel Grande,30 días,Alambre,Tren
Ciudad de Río Cuarto,3,"$106,58 ",Lesch-Balistreri,Provincia de Córdoba,María Ángeles Martínez,30 días,Alambre,Tren
Ciudad de Río Cuarto,6,"$216,41 ",Lesch-Balistreri,Provincia de Córdoba,María Carmen Serrano,30 días,Alambre,Tren
Ciudad de Río Cuarto,26,"$1.080,23 ",Lesch-Balistreri,Provincia de Córdoba,María Cedeño,30 días,Alambre,Tren
Ciudad de Río Cuarto,3,"$149,03 ",Lesch-Balistreri,Provincia de Córdoba,María Diego,30 días,Alambre,Tren
Ciudad de Río Cuarto,3,"$134,99 ",Lesch-Balistreri,Provincia de Córdoba,María Fernández,30 días,Alambre,Tren
Ciudad de Río Cuarto,3,"$120,49 ",Lesch-Balistreri,Provincia de Córdoba,María Isabel Heredia,30 días,Alambre,Tren
Ciudad de Río Cuarto,3,"$101,45 ",Lesch-Balistreri,Provincia de Córdoba,María Isabel León,30 días,Alambre,Tren
Ciudad de Río Cuarto,9,"$1.351,66 ",Lesch-Balistreri,Provincia de Córdoba,María Jesús Peñalver,30 días,Alambre,Tren
Ciudad de Río Cuarto,6,"$257,63 ",Lesch-Balistreri,Provincia de Córdoba,María Pilar Pérez,30 días,Alambre,Tren
Ciudad de Río Cuarto,17,"$664,50 ",Lesch-Balistreri,Provincia de Córdoba,Marta Amigo,30 días,Alambre,Tren
Ciudad de Río Cuarto,3,"$103,10 ",Lesch-Balistreri,Provincia de Córdoba,Marta López,30 días,Alambre,Tren
Ciudad de Río Cuarto,12,"$848,15 ",Lesch-Balistreri,Provincia de Córdoba,Pablo López,30 días,Alambre,Tren
Ciudad de Río Cuarto,23,"$811,20 ",Lesch-Balistreri,Provincia de Córdoba,Raquel Pueyo,30 días,Alambre,Tren
Ciudad de Río Cuarto,6,"$7.998,58 ",Lesch-Balistreri,Provincia de Córdoba,Sara Pineda,30 días,Alambre,Tren
Ciudad de Río Cuarto,14,"$394,43 ",Lesch-Balistreri,Provincia de Córdoba,Sergio Jiménez,30 días,Alambre,Tren
Ciudad de Río Cuarto,17,"$672,58 ",Lesch-Balistreri,Provincia de Córdoba,Susana Escudero,30 días,Alambre,Tren
Ciudad de Río Cuarto,3,"$101,47 ",Lesch-Balistreri,Provincia de Córdoba,Teresa Martínez,30 días,Alambre,Tren
Ciudad de Río Cuarto,3,"$996,58 ",Lockman PLC,Provincia de Córdoba,Francisco Miñana,30 días,Alambre,Tren
Ciudad de Río Cuarto,3,"$23.445,26 ","Lynch, Macejkovic and Schmitt",Provincia de Córdoba,Ana Aguilera,30 días,Alambre,Tren
Ciudad de Río Cuarto,6,"$26.139,38 ","Lynch, Macejkovic and Schmitt",Provincia de Córdoba,Ángeles Pérez,30 días,Alambre,Tren
Ciudad de Río Cuarto,3,"$196,80 ","Lynch, Macejkovic and Schmitt",Provincia de Córdoba,Carmen Cortes,30 días,Alambre,Tren
Ciudad de Río Cuarto,3,"$619,35 ","Lynch, Macejkovic and Schmitt",Provincia de Córdoba,Carmen Diez,30 días,Alambre,Tren
Ciudad de Río Cuarto,3,"$309,68 ","Lynch, Macejkovic and Schmitt",Provincia de Córdoba,Carmen Sánchez,30 días,Alambre,Tren
Ciudad de Río Cuarto,3,"$23.482,42 ","Lynch, Macejkovic and Schmitt",Provincia de Córdoba,Elena Fernández,30 días,Alambre,Tren
Ciudad de Río Cuarto,3,"$133,28 ","Lynch, Macejkovic and Schmitt",Provincia de Córdoba,José Sola,30 días,Alambre,Tren
Ciudad de Río Cuarto,3,"$23.488,08 ","Lynch, Macejkovic and Schmitt",Provincia de Córdoba,Juan Andrés,30 días,Alambre,Tren
Ciudad de Río Cuarto,3,"$23.427,86 ","Lynch, Macejkovic and Schmitt",Provincia de Córdoba,María Ángeles Alves,30 días,Alambre,Tren
Ciudad de Río Cuarto,3,"$5.688,21 ","Lynch, Macejkovic and Schmitt",Provincia de Córdoba,María Pilar Pérez,30 días,Alambre,Tren
Ciudad de Río Cuarto,6,"$24.011,08 ","Lynch, Macejkovic and Schmitt",Provincia de Córdoba,Raquel Pueyo,30 días,Alambre,Tren
Ciudad de Río Cuarto,6,"$2.245,21 ","Lynch, Macejkovic and Schmitt",Provincia de Córdoba,Sergio Jiménez,30 días,Alambre,Tren
Ciudad de Río Cuarto,3,"$127,79 ",Metz-Bernier,Provincia de Córdoba,Ana Aguilera,60 días,Alambre,Tren
Ciudad de Río Cuarto,3,"$0,01 ",Nolan and Sons,Provincia de Córdoba,Cristina Zamora,30 días,Alambre,Tren
Ciudad de Río Cuarto,3,"$348,39 ","O'Conner, Lind and Ferry",Provincia de Córdoba,Carlos Arenas,30 días,Alambre,Tren
Ciudad de Río Cuarto,3,"$200,22 ","O'Conner, Lind and Ferry",Provincia de Córdoba,Pablo López,30 días,Alambre,Tren
Ciudad de Río Cuarto,3,"$629,03 ",Olson PLC,Provincia de Córdoba,María Ángeles Martínez,30 días,Alambre,Tren
Ciudad de Río Cuarto,3,"$722,58 ","Purdy, Bergstrom and Block",Provincia de Córdoba,Antonia Martínez,30 días,Alambre,Tren
Ciudad de Río Cuarto,3,"$113,63 ","Purdy, Bergstrom and Block",Provincia de Córdoba,Joaquín Vega,30 días,Alambre,Tren
Ciudad de Río Cuarto,3,"$2.322,58 ","Purdy, Bergstrom and Block",Provincia de Córdoba,María Ángeles Martínez,30 días,Alambre,Tren
Ciudad de Río Cuarto,3,"$4.387,10 ","Purdy, Bergstrom and Block",Provincia de Córdoba,María Ángeles Ruiz,30 días,Alambre,Tren
Ciudad de Río Cuarto,3,"$120,65 ","Purdy, Bergstrom and Block",Provincia de Córdoba,María Diego,30 días,Alambre,Tren
Ciudad de Río Cuarto,6,"$3.540,05 ","Purdy, Bergstrom and Block",Provincia de Córdoba,María Dolores Sousa,30 días,Alambre,Tren
Ciudad de Río Cuarto,3,"$30.498,28 ","Purdy, Bergstrom and Block",Provincia de Córdoba,Raquel Pueyo,30 días,Alambre,Tren
Ciudad de Río Cuarto,3,"$109,68 ","Reilly, Larkin and Hintz",Provincia de Córdoba,Alberto García,30 días,Alambre,Tren
Ciudad de Río Cuarto,3,"$161,29 ","Reilly, Larkin and Hintz",Provincia de Córdoba,María Carmen Serrano,30 días,Alambre,Tren
Ciudad de Río Cuarto,3,"$104,97 ","Reilly, Larkin and Hintz",Provincia de Córdoba,María Cedeño,30 días,Alambre,Tren
Ciudad de Río Cuarto,3,"$136,46 ","Reilly, Larkin and Hintz",Provincia de Córdoba,María Isabel Heredia,30 días,Alambre,Tren
Ciudad de Río Cuarto,6,"$5.063,12 ","Reilly, Larkin and Hintz",Provincia de Córdoba,Sergio Jiménez,30 días,Alambre,Tren
Ciudad de Río Cuarto,3,"$20.708,32 ","Reynolds, Feest and Pfeffer",Provincia de Córdoba,Alberto García,30 días,Alambre,Tren
Ciudad de Río Cuarto,14,$2.496 ,"Reynolds, Feest and Pfeffer",Provincia de Córdoba,Ana María Delgado,30 días,Alambre,Tren
Ciudad de Río Cuarto,9,"$400,89 ","Reynolds, Feest and Pfeffer",Provincia de Córdoba,Antonia Martínez,30 días,Alambre,Tren
Ciudad de Río Cuarto,28,$4.992 ,"Reynolds, Feest and Pfeffer",Provincia de Córdoba,Antonio Calderón,30 días,Alambre,Tren
Ciudad de Río Cuarto,3,"$172,26 ","Reynolds, Feest and Pfeffer",Provincia de Córdoba,Carlos Arenas,30 días,Alambre,Tren
Ciudad de Río Cuarto,14,$2.496 ,"Reynolds, Feest and Pfeffer",Provincia de Córdoba,Elena Fernández,30 días,Alambre,Tren
Ciudad de Río Cuarto,3,"$133,28 ","Reynolds, Feest and Pfeffer",Provincia de Córdoba,José Carretero,30 días,Alambre,Tren
Ciudad de Río Cuarto,14,$2.496 ,"Reynolds, Feest and Pfeffer",Provincia de Córdoba,Manuel Grande,30 días,Alambre,Tren
Ciudad de Río Cuarto,14,$2.496 ,"Reynolds, Feest and Pfeffer",Provincia de Córdoba,María Ángeles Alves,30 días,Alambre,Tren
Ciudad de Río Cuarto,14,"$314,52 ","Reynolds, Feest and Pfeffer",Provincia de Córdoba,María Carmen Serrano,30 días,Alambre,Tren
Ciudad de Río Cuarto,3,"$178,48 ","Reynolds, Feest and Pfeffer",Provincia de Córdoba,María Diego,30 días,Alambre,Tren
Ciudad de Río Cuarto,3,"$196,77 ","Reynolds, Feest and Pfeffer",Provincia de Córdoba,María Dolores Sousa,30 días,Alambre,Tren
Ciudad de Río Cuarto,3,"$80,65 ","Reynolds, Feest and Pfeffer",Provincia de Córdoba,María Fernández,30 días,Alambre,Tren
Ciudad de Río Cuarto,6,"$836,85 ","Reynolds, Feest and Pfeffer",Provincia de Córdoba,María Jesús Peñalver,30 días,Alambre,Tren
Ciudad de Río Cuarto,3,"$174,24 ","Reynolds, Feest and Pfeffer",Provincia de Córdoba,Sergio Jiménez,30 días,Alambre,Tren
Ciudad de Río Cuarto,3,"$258,06 ","Reynolds, Feest and Pfeffer",Provincia de Córdoba,Susana Escudero,30 días,Alambre,Tren
Ciudad de Río Cuarto,3,"$1.550,72 ","Reynolds, Feest and Pfeffer",Provincia de Córdoba,Teresa Martínez,30 días,Alambre,Tren
Ciudad de Río Cuarto,3,"$843,23 ","Rippin, Watsica and Wiegand",Provincia de Córdoba,Ana Aguilera,30 días,Alambre,Tren
Ciudad de Río Cuarto,6,"$262,94 ","Rippin, Watsica and Wiegand",Provincia de Córdoba,Ángeles Pérez,30 días,Alambre,Tren
Ciudad de Río Cuarto,3,"$390,42 ","Rippin, Watsica and Wiegand",Provincia de Córdoba,Antonia Martínez,30 días,Alambre,Tren
Ciudad de Río Cuarto,6,"$2.518,54 ","Rippin, Watsica and Wiegand",Provincia de Córdoba,Cristina Rodríguez,30 días,Alambre,Tren
Ciudad de Río Cuarto,3,"$718,06 ","Rippin, Watsica and Wiegand",Provincia de Córdoba,Daniel Pino,30 días,Alambre,Tren
Ciudad de Río Cuarto,3,"$117,68 ","Rippin, Watsica and Wiegand",Provincia de Córdoba,Juan Andrés,30 días,Alambre,Tren
Ciudad de Río Cuarto,3,"$887,80 ","Rippin, Watsica and Wiegand",Provincia de Córdoba,Manuel Muñoz,30 días,Alambre,Tren
Ciudad de Río Cuarto,3,"$117,68 ","Rippin, Watsica and Wiegand",Provincia de Córdoba,María Diego,30 días,Alambre,Tren
Ciudad de Río Cuarto,3,"$117,68 ","Rippin, Watsica and Wiegand",Provincia de Córdoba,María Isabel León,30 días,Alambre,Tren
Ciudad de Río Cuarto,14,"$596,90 ","Rippin, Watsica and Wiegand",Provincia de Córdoba,Marta Amigo,30 días,Alambre,Tren
Ciudad de Río Cuarto,3,"$299,61 ","Rippin, Watsica and Wiegand",Provincia de Córdoba,Raquel Pueyo,30 días,Alambre,Tren
Ciudad de Río Cuarto,3,"$4.731,03 ","Rippin, Watsica and Wiegand",Provincia de Córdoba,Sara Pineda,30 días,Alambre,Tren
Ciudad de Río Cuarto,3,"$309,68 ","Schmitt, Strosin and Sipes",Provincia de Córdoba,Susana Escudero,30 días,Alambre,Tren
Ciudad de Río Cuarto,3,"$121,59 ",Sporer-Heaney,Provincia de Córdoba,Ana Aguilera,30 días,Alambre,Tren
Ciudad de Río Cuarto,14,"$474,21 ",Sporer-Heaney,Provincia de Córdoba,Antonia Lorente,30 días,Alambre,Tren
Ciudad de Río Cuarto,3,"$80,65 ",Sporer-Heaney,Provincia de Córdoba,Teresa Martínez,30 días,Alambre,Tren
Ciudad de Río Cuarto,3,"$128,39 ",Torphy Group,Provincia de Córdoba,Juan Andrés,30 días,Alambre,Tren
Ciudad de Río Cuarto,3,"$551,61 ",Volkman Group,Provincia de Córdoba,Alberto García,30 días,Alambre,Tren
Ciudad de Río Cuarto,3,"$7.489,10 ",Volkman Group,Provincia de Córdoba,Antonia Lorente,30 días,Alambre,Tren
Ciudad de Río Cuarto,3,"$22.444,52 ",Volkman Group,Provincia de Córdoba,Elena Fernández,30 días,Alambre,Tren
Ciudad de Río Cuarto,3,"$1.498,19 ",Volkman Group,Provincia de Córdoba,José Carretero,30 días,Alambre,Tren
Ciudad de Río Cuarto,3,"$516,13 ",Volkman Group,Provincia de Córdoba,María Ángeles Martínez,30 días,Alambre,Tren
Ciudad de Río Cuarto,3,"$677,42 ",Volkman Group,Provincia de Córdoba,María Fernández,30 días,Alambre,Tren
Ciudad de Río Cuarto,3,"$653,23 ",Volkman Group,Provincia de Córdoba,Pablo López,30 días,Alambre,Tren
Ciudad de Río Cuarto,3,"$30.110,17 ",Volkman Group,Provincia de Córdoba,Sara Pineda,30 días,Alambre,Tren
Ciudad de Río Cuarto,6,"$267,85 ",Waters and Sons,Provincia de Córdoba,José Carretero,30 días,Alambre,Tren
Ciudad de Río Cuarto,14,"$314,52 ",Waters and Sons,Provincia de Córdoba,Manuel Grande,30 días,Alambre,Tren
Ciudad de Río Cuarto,3,"$9.926,45 ",Waters and Sons,Provincia de Córdoba,María Ángeles Ruiz,30 días,Alambre,Tren
Ciudad de Río Cuarto,3,"$451,61 ",Waters and Sons,Provincia de Córdoba,María Cedeño,30 días,Alambre,Tren
Ciudad de Río Cuarto,3,"$113,63 ",Waters and Sons,Provincia de Córdoba,María Jesús Peñalver,30 días,Alambre,Tren
Ciudad de Río Cuarto,3,"$904,52 ",Waters and Sons,Provincia de Córdoba,Marta López,30 días,Alambre,Tren
Ciudad de Río Cuarto,3,"$1.252,26 ",Waters and Sons,Provincia de Córdoba,Sergio Jiménez,30 días,Alambre,Tren
Ciudad de Río Cuarto,3,"$128,88 ","Windler, Crona and Metz",Provincia de Córdoba,Antonia Lorente,30 días,Alambre,Tren
Ciudad de Río Cuarto,3,"$199,52 ","Windler, Crona and Metz",Provincia de Córdoba,Antonia Martínez,30 días,Alambre,Tren
Ciudad de Río Cuarto,3,"$161,29 ","Windler, Crona and Metz",Provincia de Córdoba,Francisco Miñana,30 días,Alambre,Tren
Ciudad de Río Cuarto,3,$200 ,"Windler, Crona and Metz",Provincia de Córdoba,María Isabel Heredia,30 días,Alambre,Tren
Ciudad de Río Cuarto,3,"$113,48 ","Windler, Crona and Metz",Provincia de Córdoba,Pablo López,30 días,Alambre,Tren
Ciudad de Salta,201,"$1.125,72 ",Kassulke-Reichert,Provincia de Salta,Alejandro Del Olmo,30 días,Tornillos,Camion
Ciudad de Salta,226,"$2.802,55 ",Kassulke-Reichert,Provincia de Salta,Ángeles Pérez,30 días,Tornillos,Camion
Ciudad de Salta,12,"$1.429,48 ",Kassulke-Reichert,Provincia de Salta,Carmen Diez,30 días,Tornillos,Camion
Ciudad de Salta,201,"$1.125,72 ",Kassulke-Reichert,Provincia de Salta,Jaume García,30 días,Tornillos,Camion
Ciudad de Salta,201,"$1.125,72 ",Kassulke-Reichert,Provincia de Salta,María Dolores Sousa,30 días,Tornillos,Camion
Ciudad de Salta,201,"$1.125,72 ",Kassulke-Reichert,Provincia de Salta,María Fernández,30 días,Tornillos,Camion
Ciudad de Salta,201,"$1.125,72 ",Kassulke-Reichert,Provincia de Salta,María Jesús Peñalver,30 días,Tornillos,Camion
Ciudad de Salta,12,"$164,34 ",Kassulke-Reichert,Provincia de Salta,Marta López,30 días,Tornillos,Camion
Ciudad de Salta,45,"$288,65 ",Kassulke-Reichert,Provincia de Salta,Miguel Ángel Planells,30 días,Tornillos,Camion
Ciudad de Salta,3,"$110,15 ",Rolfson LLC,Provincia de Salta,Adrián Souto,45 días,Tornillos,Camion
Ciudad de Salta,2,"$110,15 ",Rolfson LLC,Provincia de Salta,Alberto García,45 días,Tornillos,Camion
Ciudad de Salta,8,"$118,72 ",Rolfson LLC,Provincia de Salta,Antonia Lorente,45 días,Tornillos,Camion
Ciudad de Salta,2,"$632,32 ",Rolfson LLC,Provincia de Salta,Elena Fernández,45 días,Tornillos,Camion
Ciudad de Salta,2,"$347,83 ",Rolfson LLC,Provincia de Salta,Jaume García,45 días,Tornillos,Camion
Ciudad de Salta,2,"$993,64 ",Rolfson LLC,Provincia de Salta,Juan Andrés,45 días,Tornillos,Camion
Ciudad de Salta,1,"$588,39 ",Rolfson LLC,Provincia de Salta,Manuel Grande,45 días,Tornillos,Camion
Ciudad de Salta,4,"$169,21 ",Rolfson LLC,Provincia de Salta,Manuel Muñoz,45 días,Tornillos,Camion
Ciudad de Salta,6,"$242.450,34 ",Rolfson LLC,Provincia de Salta,María Ángeles Ruiz,45 días,Tornillos,Camion
Ciudad de Salta,3,"$19.743,39 ",Rolfson LLC,Provincia de Salta,María Cedeño,45 días,Tornillos,Camion
Ciudad de Salta,3,"$116,77 ",Rolfson LLC,Provincia de Salta,María Isabel León,45 días,Tornillos,Camion
Ciudad de Salta,3,"$120,12 ",Rolfson LLC,Provincia de Salta,María Jesús Peñalver,45 días,Tornillos,Camion
Ciudad de Salta,14,"$4.501,25 ",Rolfson LLC,Provincia de Salta,Sara Pineda,45 días,Tornillos,Camion
Ciudad de San Luis,55,"$3.652,04 ",Senger LLC,Provincia de San Luis,Adrián Souto,60 días,Tuercas,Camion
Ciudad de San Luis,2,"$499,85 ",Senger LLC,Provincia de San Luis,Alberto García,60 días,Tuercas,Camion
Ciudad de San Luis,2,"$2.653,97 ",Senger LLC,Provincia de San Luis,Ana Aguilera,60 días,Tuercas,Camion
Ciudad de San Luis,44,"$18.565,56 ",Senger LLC,Provincia de San Luis,Ana María Serrano,60 días,Tuercas,Camion
Ciudad de San Luis,31,"$12.722,13 ",Senger LLC,Provincia de San Luis,Ángeles Pérez,60 días,Tuercas,Camion
Ciudad de San Luis,3,"$22.048,88 ",Senger LLC,Provincia de San Luis,Antonia Lorente,60 días,Tuercas,Camion
Ciudad de San Luis,3,"$27.913,98 ",Senger LLC,Provincia de San Luis,Antonio Calderón,60 días,Tuercas,Camion
Ciudad de San Luis,2,"$13.366,92 ",Senger LLC,Provincia de San Luis,Carlos Arenas,60 días,Tuercas,Camion
Ciudad de San Luis,11,"$1.729,34 ",Senger LLC,Provincia de San Luis,Carmen Cortes,60 días,Tuercas,Camion
Ciudad de San Luis,5,"$21.034,73 ",Senger LLC,Provincia de San Luis,Carmen Diez,60 días,Tuercas,Camion
Ciudad de San Luis,2,"$881,23 ",Senger LLC,Provincia de San Luis,Cristina Rodríguez,60 días,Tuercas,Camion
Ciudad de San Luis,5,"$19.846,88 ",Senger LLC,Provincia de San Luis,Daniel Pino,60 días,Tuercas,Camion
Ciudad de San Luis,12,"$21.511,48 ",Senger LLC,Provincia de San Luis,Elena Fernández,60 días,Tuercas,Camion
Ciudad de San Luis,18,"$806,14 ",Senger LLC,Provincia de San Luis,Joaquín Vega,60 días,Tuercas,Camion
Ciudad de San Luis,22,"$9.282,78 ",Senger LLC,Provincia de San Luis,José María Pérez,60 días,Tuercas,Camion
Ciudad de San Luis,1,"$527,74 ",Senger LLC,Provincia de San Luis,Juan Andrés,60 días,Tuercas,Camion
Ciudad de San Luis,2,"$30.501,50 ",Senger LLC,Provincia de San Luis,Manuel Grande,60 días,Tuercas,Camion
Ciudad de San Luis,11,"$1.729,34 ",Senger LLC,Provincia de San Luis,Manuel Muñoz,60 días,Tuercas,Camion
Ciudad de San Luis,55,"$3.652,04 ",Senger LLC,Provincia de San Luis,María Carmen Serrano,60 días,Tuercas,Camion
Ciudad de San Luis,6,"$21.983,95 ",Senger LLC,Provincia de San Luis,María Cedeño,60 días,Tuercas,Camion
Ciudad de San Luis,11,"$1.729,34 ",Senger LLC,Provincia de San Luis,María Diego,60 días,Tuercas,Camion
Ciudad de San Luis,5,"$3.907,95 ",Senger LLC,Provincia de San Luis,María Fernández,60 días,Tuercas,Camion
Ciudad de San Luis,10,"$49.173,99 ",Senger LLC,Provincia de San Luis,María Isabel Heredia,60 días,Tuercas,Camion
Ciudad de San Luis,123,"$9.476,83 ",Senger LLC,Provincia de San Luis,María Isabel León,60 días,Tuercas,Camion
Ciudad de San Luis,22,"$9.282,78 ",Senger LLC,Provincia de San Luis,María Jesús Peñalver,60 días,Tuercas,Camion
Ciudad de San Luis,7,"$36.133,27 ",Senger LLC,Provincia de San Luis,María Pilar Pérez,60 días,Tuercas,Camion
Ciudad de San Luis,33,"$11.012,12 ",Senger LLC,Provincia de San Luis,Marta Amigo,60 días,Tuercas,Camion
Ciudad de San Luis,65,"$31.151,64 ",Senger LLC,Provincia de San Luis,Pablo López,60 días,Tuercas,Camion
Ciudad de San Luis,23,"$2.665,75 ",Senger LLC,Provincia de San Luis,Raquel Pueyo,60 días,Tuercas,Camion
Ciudad de San Luis,1,"$30.453,27 ",Senger LLC,Provincia de San Luis,Susana Escudero,60 días,Tuercas,Camion
Ciudad de San Luis,55,"$3.652,04 ",Senger LLC,Provincia de San Luis,Teresa Martínez,60 días,Tuercas,Camion
Ciudad de Santa Fe,3,"$40.270,28 ",Abernati SRL,Provincia de Santa Fe,Adrián Souto,30 días,Clavos,Camion
Ciudad de Santa Fe,24,"$51.504,26 ",Abernati SRL,Provincia de Santa Fe,Alberto García,30 días,Clavos,Camion
Ciudad de Santa Fe,29,"$37.382,74 ",Abernati SRL,Provincia de Santa Fe,Alejandro Del Olmo,30 días,Clavos,Camion
Ciudad de Santa Fe,42,"$56.933,56 ",Abernati SRL,Provincia de Santa Fe,Ana Aguilera,30 días,Clavos,Camion
Ciudad de Santa Fe,28,"$48.433,06 ",Abernati SRL,Provincia de Santa Fe,Ana María Delgado,30 días,Clavos,Camion
Ciudad de Santa Fe,15,"$31.237,56 ",Abernati SRL,Provincia de Santa Fe,Ana María Serrano,30 días,Clavos,Camion
Ciudad de Santa Fe,7,"$30.395,43 ",Abernati SRL,Provincia de Santa Fe,Ángeles Pérez,30 días,Clavos,Camion
Ciudad de Santa Fe,10,"$11.495,43 ",Abernati SRL,Provincia de Santa Fe,Antonia Lorente,30 días,Clavos,Camion
Ciudad de Santa Fe,18,"$84.788,95 ",Abernati SRL,Provincia de Santa Fe,Antonia Martínez,30 días,Clavos,Camion
Ciudad de Santa Fe,32,"$30.553,10 ",Abernati SRL,Provincia de Santa Fe,Antonio Calderón,30 días,Clavos,Camion
Ciudad de Santa Fe,63,"$30.836,48 ",Abernati SRL,Provincia de Santa Fe,Begoña García,30 días,Clavos,Camion
Ciudad de Santa Fe,28,"$162.495,86 ",Abernati SRL,Provincia de Santa Fe,Carlos Arenas,30 días,Clavos,Camion
Ciudad de Santa Fe,19,"$85.128,44 ",Abernati SRL,Provincia de Santa Fe,Carmen Cortes,30 días,Clavos,Camion
Ciudad de Santa Fe,81,"$99.992,85 ",Abernati SRL,Provincia de Santa Fe,Carmen Diez,30 días,Clavos,Camion
Ciudad de Santa Fe,5,"$19.878,71 ",Abernati SRL,Provincia de Santa Fe,Carmen Sánchez,30 días,Clavos,Camion
Ciudad de Santa Fe,50,"$61.011,87 ",Abernati SRL,Provincia de Santa Fe,Cristina Rodríguez,30 días,Clavos,Camion
Ciudad de Santa Fe,42,"$38.288,23 ",Abernati SRL,Provincia de Santa Fe,Cristina Zamora,30 días,Clavos,Camion
Ciudad de Santa Fe,86,"$68.130,37 ",Abernati SRL,Provincia de Santa Fe,Daniel Pino,30 días,Clavos,Camion
Ciudad de Santa Fe,25,"$53.309,32 ",Abernati SRL,Provincia de Santa Fe,Elena Fernández,30 días,Clavos,Camion
Ciudad de Santa Fe,9,"$63.129,16 ",Abernati SRL,Provincia de Santa Fe,Francisco Miñana,30 días,Clavos,Camion
Ciudad de Santa Fe,86,"$35.572,66 ",Abernati SRL,Provincia de Santa Fe,Jaume García,30 días,Clavos,Camion
Ciudad de Santa Fe,42,"$68.413,43 ",Abernati SRL,Provincia de Santa Fe,Joaquín Vega,30 días,Clavos,Camion
Ciudad de Santa Fe,23,"$37.945,35 ",Abernati SRL,Provincia de Santa Fe,José Antonio López,30 días,Clavos,Camion
Ciudad de Santa Fe,5,"$25.038,43 ",Abernati SRL,Provincia de Santa Fe,José Carretero,30 días,Clavos,Camion
Ciudad de Santa Fe,56,"$58.361,55 ",Abernati SRL,Provincia de Santa Fe,José María Pérez,30 días,Clavos,Camion
Ciudad de Santa Fe,50,"$122.476,44 ",Abernati SRL,Provincia de Santa Fe,José Salcedo,30 días,Clavos,Camion
Ciudad de Santa Fe,25,"$49.814,87 ",Abernati SRL,Provincia de Santa Fe,José Sola,30 días,Clavos,Camion
Ciudad de Santa Fe,29,"$48.785,72 ",Abernati SRL,Provincia de Santa Fe,Juan Andrés,30 días,Clavos,Camion
Ciudad de Santa Fe,32,"$48.283,03 ",Abernati SRL,Provincia de Santa Fe,Manuel Grande,30 días,Clavos,Camion
Ciudad de Santa Fe,32,"$111.643,03 ",Abernati SRL,Provincia de Santa Fe,Manuel Muñoz,30 días,Clavos,Camion
Ciudad de Santa Fe,72,"$56.150,46 ",Abernati SRL,Provincia de Santa Fe,María Ángeles Alves,30 días,Clavos,Camion
Ciudad de Santa Fe,3,"$927,74 ",Abernati SRL,Provincia de Santa Fe,María Ángeles Martínez,30 días,Clavos,Camion
Ciudad de Santa Fe,11,"$89.858,02 ",Abernati SRL,Provincia de Santa Fe,María Ángeles Ruiz,30 días,Clavos,Camion
Ciudad de Santa Fe,69,"$267.726,82 ",Abernati SRL,Provincia de Santa Fe,María Carmen Serrano,30 días,Clavos,Camion
Ciudad de Santa Fe,28,"$70.486,61 ",Abernati SRL,Provincia de Santa Fe,María Cedeño,30 días,Clavos,Camion
Ciudad de Santa Fe,11,"$26.312,30 ",Abernati SRL,Provincia de Santa Fe,María Diego,30 días,Clavos,Camion
Ciudad de Santa Fe,80,"$155.902,44 ",Abernati SRL,Provincia de Santa Fe,María Dolores Sousa,30 días,Clavos,Camion
Ciudad de Santa Fe,41,"$276.854,03 ",Abernati SRL,Provincia de Santa Fe,María Fernández,30 días,Clavos,Camion
Ciudad de Santa Fe,70,"$22.793,96 ",Abernati SRL,Provincia de Santa Fe,María Isabel Heredia,30 días,Clavos,Camion
Ciudad de Santa Fe,7,"$34.652,97 ",Abernati SRL,Provincia de Santa Fe,María Isabel León,30 días,Clavos,Camion
Ciudad de Santa Fe,49,"$19.724,63 ",Abernati SRL,Provincia de Santa Fe,María Jesús Peñalver,30 días,Clavos,Camion
Ciudad de Santa Fe,18,"$98.257,86 ",Abernati SRL,Provincia de Santa Fe,María Pilar Pérez,30 días,Clavos,Camion
Ciudad de Santa Fe,3,"$6.179,23 ",Abernati SRL,Provincia de Santa Fe,Marta Amigo,30 días,Clavos,Camion
Ciudad de Santa Fe,21,"$65.439,95 ",Abernati SRL,Provincia de Santa Fe,Marta López,30 días,Clavos,Camion
Ciudad de Santa Fe,65,"$48.625,03 ",Abernati SRL,Provincia de Santa Fe,Pablo López,30 días,Clavos,Camion
Ciudad de Santa Fe,5,"$47.027,61 ",Abernati SRL,Provincia de Santa Fe,Raquel Pueyo,30 días,Clavos,Camion
Ciudad de Santa Fe,23,$40.326 ,Abernati SRL,Provincia de Santa Fe,Sara Pineda,30 días,Clavos,Camion
Ciudad de Santa Fe,60,"$35.076,28 ",Abernati SRL,Provincia de Santa Fe,Sergio Jiménez,30 días,Clavos,Camion
Ciudad de Santa Fe,28,"$21.019,07 ",Abernati SRL,Provincia de Santa Fe,Susana Escudero,30 días,Clavos,Camion
Ciudad de Santa Fe,4,"$28.236,28 ",Abernati SRL,Provincia de Santa Fe,Teresa Martínez,30 días,Clavos,Camion
Ciudad de Santa Fe,54,"$2.115,11 ",Rosebund,Provincia de Santa Fe,Adrián Souto,30 días,Perfiles De Acero,Tren
Ciudad de Santa Fe,3,"$36.154,23 ",Rosebund,Provincia de Santa Fe,Alberto García,30 días,Perfiles De Acero,Tren
Ciudad de Santa Fe,78,"$2.367,74 ",Rosebund,Provincia de Santa Fe,Ana María Delgado,30 días,Perfiles De Acero,Tren
Ciudad de Santa Fe,12,"$542,34 ",Rosebund,Provincia de Santa Fe,Ana María Serrano,30 días,Perfiles De Acero,Tren
Ciudad de Santa Fe,156,"$23.691,16 ",Rosebund,Provincia de Santa Fe,Antonia Lorente,30 días,Perfiles De Acero,Tren
Ciudad de Santa Fe,3,$221.635 ,Rosebund,Provincia de Santa Fe,Antonio Calderón,30 días,Perfiles De Acero,Tren
Ciudad de Santa Fe,3,"$29.259,10 ",Rosebund,Provincia de Santa Fe,Begoña García,30 días,Perfiles De Acero,Tren
Ciudad de Santa Fe,54,"$2.115,11 ",Rosebund,Provincia de Santa Fe,Carmen Cortes,30 días,Perfiles De Acero,Tren
Ciudad de Santa Fe,34,"$31.437,62 ",Rosebund,Provincia de Santa Fe,Carmen Sánchez,30 días,Perfiles De Acero,Tren
Ciudad de Santa Fe,31,"$24.265,70 ",Rosebund,Provincia de Santa Fe,Cristina Rodríguez,30 días,Perfiles De Acero,Tren
Ciudad de Santa Fe,40,"$31.762,95 ",Rosebund,Provincia de Santa Fe,Cristina Zamora,30 días,Perfiles De Acero,Tren
Ciudad de Santa Fe,9,"$5.261,97 ",Rosebund,Provincia de Santa Fe,Daniel Pino,30 días,Perfiles De Acero,Tren
Ciudad de Santa Fe,54,"$2.115,11 ",Rosebund,Provincia de Santa Fe,Elena Fernández,30 días,Perfiles De Acero,Tren
Ciudad de Santa Fe,28,"$27.966,63 ",Rosebund,Provincia de Santa Fe,Francisco Miñana,30 días,Perfiles De Acero,Tren
Ciudad de Santa Fe,47,"$15.130,85 ",Rosebund,Provincia de Santa Fe,Jaume García,30 días,Perfiles De Acero,Tren
Ciudad de Santa Fe,77,"$1.877,15 ",Rosebund,Provincia de Santa Fe,Joaquín Vega,30 días,Perfiles De Acero,Tren
Ciudad de Santa Fe,3,"$13.871,27 ",Rosebund,Provincia de Santa Fe,José Antonio López,30 días,Perfiles De Acero,Tren
Ciudad de Santa Fe,3,"$24.262,40 ",Rosebund,Provincia de Santa Fe,José Carretero,30 días,Perfiles De Acero,Tren
Ciudad de Santa Fe,54,"$2.115,11 ",Rosebund,Provincia de Santa Fe,José Salcedo,30 días,Perfiles De Acero,Tren
Ciudad de Santa Fe,3,"$231,30 ",Rosebund,Provincia de Santa Fe,José Sola,30 días,Perfiles De Acero,Tren
Ciudad de Santa Fe,3,"$2.716,16 ",Rosebund,Provincia de Santa Fe,Juan Andrés,30 días,Perfiles De Acero,Tren
Ciudad de Santa Fe,3,"$93,20 ",Rosebund,Provincia de Santa Fe,Manuel Grande,30 días,Perfiles De Acero,Tren
Ciudad de Santa Fe,3,"$267,10 ",Rosebund,Provincia de Santa Fe,Manuel Muñoz,30 días,Perfiles De Acero,Tren
Ciudad de Santa Fe,27,"$22.401,06 ",Rosebund,Provincia de Santa Fe,María Ángeles Alves,30 días,Perfiles De Acero,Tren
Ciudad de Santa Fe,3,"$31.055,39 ",Rosebund,Provincia de Santa Fe,María Ángeles Martínez,30 días,Perfiles De Acero,Tren
Ciudad de Santa Fe,11,"$38.030,30 ",Rosebund,Provincia de Santa Fe,María Ángeles Ruiz,30 días,Perfiles De Acero,Tren
Ciudad de Santa Fe,3,"$3.881,81 ",Rosebund,Provincia de Santa Fe,María Cedeño,30 días,Perfiles De Acero,Tren
Ciudad de Santa Fe,3,"$1.852,77 ",Rosebund,Provincia de Santa Fe,María Diego,30 días,Perfiles De Acero,Tren
Ciudad de Santa Fe,73,"$22.346,71 ",Rosebund,Provincia de Santa Fe,María Dolores Sousa,30 días,Perfiles De Acero,Tren
Ciudad de Santa Fe,25,"$9.598,46 ",Rosebund,Provincia de Santa Fe,María Fernández,30 días,Perfiles De Acero,Tren
Ciudad de Santa Fe,3,"$14.992,61 ",Rosebund,Provincia de Santa Fe,María Isabel León,30 días,Perfiles De Acero,Tren
Ciudad de Santa Fe,78,"$304,99 ",Rosebund,Provincia de Santa Fe,Marta Amigo,30 días,Perfiles De Acero,Tren
Ciudad de Santa Fe,65,"$99.151,34 ",Rosebund,Provincia de Santa Fe,Marta López,30 días,Perfiles De Acero,Tren
Ciudad de Santa Fe,54,"$2.115,11 ",Rosebund,Provincia de Santa Fe,Pablo López,30 días,Perfiles De Acero,Tren
Ciudad de Santa Fe,57,"$3.433,10 ",Rosebund,Provincia de Santa Fe,Raquel Pueyo,30 días,Perfiles De Acero,Tren
Ciudad de Santa Fe,76,"$28.219,77 ",Rosebund,Provincia de Santa Fe,Sergio Jiménez,30 días,Perfiles De Acero,Tren
Ciudad de Santa Fe,3,"$85,57 ",Rosebund,Provincia de Santa Fe,Susana Escudero,30 días,Perfiles De Acero,Tren
Ciudad de Santa Fe,6,"$19.130,19 ",Rosebund,Provincia de Santa Fe,Teresa Martínez,30 días,Perfiles De Acero,Tren
Ciudad de Santa Fe,15,"$145,16 ",Torp,Provincia de Santa Fe,Antonia Lorente,30 días,Perfiles De Acero,Camion
Ciudad de Santa Fe,15,"$870,61 ",Torp,Provincia de Santa Fe,Antonia Martínez,30 días,Perfiles De Acero,Camion
Ciudad de Santa Fe,15,"$23.217,15 ",Torp,Provincia de Santa Fe,Carmen Sánchez,30 días,Perfiles De Acero,Camion
Ciudad de Santa Fe,15,"$21.338,99 ",Torp,Provincia de Santa Fe,José María Pérez,30 días,Perfiles De Acero,Camion
Ciudad de Santa Fe,67,"$100.811,70 ",Bins LLC,Provincia de Santa Fe,Alberto García,30 días,Perfiles De Acero,Tren
Ciudad de Santa Fe,30,"$4.117,72 ",Bins LLC,Provincia de Santa Fe,Alejandro Del Olmo,30 días,Perfiles De Acero,Tren
Ciudad de Santa Fe,14,"$2.073,09 ",Bins LLC,Provincia de Santa Fe,Ana Aguilera,30 días,Perfiles De Acero,Tren
Ciudad de Santa Fe,3,"$7.331,76 ",Bins LLC,Provincia de Santa Fe,Ángeles Pérez,30 días,Perfiles De Acero,Tren
Ciudad de Santa Fe,14,"$5.314,06 ",Bins LLC,Provincia de Santa Fe,Antonia Lorente,30 días,Perfiles De Acero,Tren
Ciudad de Santa Fe,3,"$22.022,14 ",Bins LLC,Provincia de Santa Fe,Antonia Martínez,30 días,Perfiles De Acero,Tren
Ciudad de Santa Fe,28,"$94.289,09 ",Bins LLC,Provincia de Santa Fe,Antonio Calderón,30 días,Perfiles De Acero,Tren
Ciudad de Santa Fe,3,"$19.971,84 ",Bins LLC,Provincia de Santa Fe,Begoña García,30 días,Perfiles De Acero,Tren
Ciudad de Santa Fe,6,"$22.942,36 ",Bins LLC,Provincia de Santa Fe,Carlos Arenas,30 días,Perfiles De Acero,Tren
Ciudad de Santa Fe,20,"$1.161,29 ",Bins LLC,Provincia de Santa Fe,Carmen Diez,30 días,Perfiles De Acero,Tren
Ciudad de Santa Fe,14,"$2.073,09 ",Bins LLC,Provincia de Santa Fe,Daniel Pino,30 días,Perfiles De Acero,Tren
Ciudad de Santa Fe,3,"$910,28 ",Bins LLC,Provincia de Santa Fe,Francisco Miñana,30 días,Perfiles De Acero,Tren
Ciudad de Santa Fe,6,"$793,61 ",Bins LLC,Provincia de Santa Fe,Jaume García,30 días,Perfiles De Acero,Tren
Ciudad de Santa Fe,20,$1.160 ,Bins LLC,Provincia de Santa Fe,Joaquín Vega,30 días,Perfiles De Acero,Tren
Ciudad de Santa Fe,7,"$550,63 ",Bins LLC,Provincia de Santa Fe,José Antonio López,30 días,Perfiles De Acero,Tren
Ciudad de Santa Fe,71,"$176.685,66 ",Bins LLC,Provincia de Santa Fe,José Salcedo,30 días,Perfiles De Acero,Tren
Ciudad de Santa Fe,14,"$88.975,03 ",Bins LLC,Provincia de Santa Fe,Manuel Grande,30 días,Perfiles De Acero,Tren
Ciudad de Santa Fe,17,"$107.857,87 ",Bins LLC,Provincia de Santa Fe,Manuel Muñoz,30 días,Perfiles De Acero,Tren
Ciudad de Santa Fe,91,"$2.363,41 ",Bins LLC,Provincia de Santa Fe,María Ángeles Alves,30 días,Perfiles De Acero,Tren
Ciudad de Santa Fe,14,"$2.073,09 ",Bins LLC,Provincia de Santa Fe,María Ángeles Martínez,30 días,Perfiles De Acero,Tren
Ciudad de Santa Fe,16,"$5.492,55 ",Bins LLC,Provincia de Santa Fe,María Ángeles Ruiz,30 días,Perfiles De Acero,Tren
Ciudad de Santa Fe,14,"$5.314,06 ",Bins LLC,Provincia de Santa Fe,María Cedeño,30 días,Perfiles De Acero,Tren
Ciudad de Santa Fe,3,"$1.362,58 ",Bins LLC,Provincia de Santa Fe,María Dolores Sousa,30 días,Perfiles De Acero,Tren
Ciudad de Santa Fe,28,"$91.048,12 ",Bins LLC,Provincia de Santa Fe,María Fernández,30 días,Perfiles De Acero,Tren
Ciudad de Santa Fe,6,"$274,48 ",Bins LLC,Provincia de Santa Fe,María Isabel León,30 días,Perfiles De Acero,Tren
Ciudad de Santa Fe,35,"$7.301,16 ",Bins LLC,Provincia de Santa Fe,María Jesús Peñalver,30 días,Perfiles De Acero,Tren
Ciudad de Santa Fe,23,"$18.110,75 ",Bins LLC,Provincia de Santa Fe,María Pilar Pérez,30 días,Perfiles De Acero,Tren
Ciudad de Santa Fe,17,"$89.596,61 ",Bins LLC,Provincia de Santa Fe,Marta López,30 días,Perfiles De Acero,Tren
Ciudad de Santa Fe,3,"$531,56 ",Bins LLC,Provincia de Santa Fe,Pablo López,30 días,Perfiles De Acero,Tren
Ciudad de Santa Fe,3,"$1.296,77 ",Bins LLC,Provincia de Santa Fe,Raquel Pueyo,30 días,Perfiles De Acero,Tren
Ciudad de Santa Fe,14,"$88.975,03 ",Bins LLC,Provincia de Santa Fe,Sara Pineda,30 días,Perfiles De Acero,Tren
Ciudad de Santa Fe,17,"$31.398,60 ",Bins LLC,Provincia de Santa Fe,Susana Escudero,30 días,Perfiles De Acero,Tren
Ciudad de Santa Fe,3,"$454,92 ",Bins LLC,Provincia de Santa Fe,Teresa Martínez,30 días,Perfiles De Acero,Tren
Ciudad de Santa Fe,10,"$1.335,48 ",Carretero Hermanos,Provincia de Santa Fe,José Carretero,30 días,Tornillos,Camion
Ciudad de Santa Fe,5,"$51.592,42 ","Conroy, Kirlin and Schaden",Provincia de Santa Fe,Adrián Souto,60 días,Tornillos,Camion
Ciudad de Santa Fe,1,"$196,77 ","Conroy, Kirlin and Schaden",Provincia de Santa Fe,Alberto García,60 días,Tornillos,Camion
Ciudad de Santa Fe,1,"$1.450,66 ","Conroy, Kirlin and Schaden",Provincia de Santa Fe,Alejandro Del Olmo,60 días,Tornillos,Camion
Ciudad de Santa Fe,14,"$12.801,03 ","Conroy, Kirlin and Schaden",Provincia de Santa Fe,Ana Aguilera,60 días,Tornillos,Camion
Ciudad de Santa Fe,30,"$15.366,18 ","Conroy, Kirlin and Schaden",Provincia de Santa Fe,Ana María Delgado,60 días,Tornillos,Camion
Ciudad de Santa Fe,39,"$49.416,29 ","Conroy, Kirlin and Schaden",Provincia de Santa Fe,Ana María Serrano,60 días,Tornillos,Camion
Ciudad de Santa Fe,30,"$85.997,11 ","Conroy, Kirlin and Schaden",Provincia de Santa Fe,Ángeles Pérez,60 días,Tornillos,Camion
Ciudad de Santa Fe,13,"$21.041,05 ","Conroy, Kirlin and Schaden",Provincia de Santa Fe,Antonia Lorente,60 días,Tornillos,Camion
Ciudad de Santa Fe,21,"$3.635,88 ","Conroy, Kirlin and Schaden",Provincia de Santa Fe,Antonia Martínez,60 días,Tornillos,Camion
Ciudad de Santa Fe,14,"$12.801,03 ","Conroy, Kirlin and Schaden",Provincia de Santa Fe,Antonio Calderón,60 días,Tornillos,Camion
Ciudad de Santa Fe,8,"$11.216,28 ","Conroy, Kirlin and Schaden",Provincia de Santa Fe,Begoña García,60 días,Tornillos,Camion
Ciudad de Santa Fe,2,"$5.749,67 ","Conroy, Kirlin and Schaden",Provincia de Santa Fe,Carlos Arenas,30 días,Tornillos,Camion
Ciudad de Santa Fe,27,"$35.178,66 ","Conroy, Kirlin and Schaden",Provincia de Santa Fe,Carlos Arenas,60 días,Tornillos,Camion
Ciudad de Santa Fe,1,"$20.007,14 ","Conroy, Kirlin and Schaden",Provincia de Santa Fe,Carmen Cortes,60 días,Tornillos,Camion
Ciudad de Santa Fe,26,"$100.785,65 ","Conroy, Kirlin and Schaden",Provincia de Santa Fe,Carmen Diez,60 días,Tornillos,Camion
Ciudad de Santa Fe,3,"$4.650,97 ","Conroy, Kirlin and Schaden",Provincia de Santa Fe,Carmen Sánchez,60 días,Tornillos,Camion
Ciudad de Santa Fe,41,"$22.424,48 ","Conroy, Kirlin and Schaden",Provincia de Santa Fe,Cristina Rodríguez,60 días,Tornillos,Camion
Ciudad de Santa Fe,30,"$10.856,16 ","Conroy, Kirlin and Schaden",Provincia de Santa Fe,Cristina Zamora,60 días,Tornillos,Camion
Ciudad de Santa Fe,4,"$22.658,37 ","Conroy, Kirlin and Schaden",Provincia de Santa Fe,Daniel Pino,60 días,Tornillos,Camion
Ciudad de Santa Fe,14,"$1.873,21 ","Conroy, Kirlin and Schaden",Provincia de Santa Fe,Elena Fernández,60 días,Tornillos,Camion
Ciudad de Santa Fe,14,"$8.171,03 ","Conroy, Kirlin and Schaden",Provincia de Santa Fe,Francisco Miñana,60 días,Tornillos,Camion
Ciudad de Santa Fe,33,"$101.694,41 ","Conroy, Kirlin and Schaden",Provincia de Santa Fe,Joaquín Vega,60 días,Tornillos,Camion
Ciudad de Santa Fe,3,"$31.858,08 ","Conroy, Kirlin and Schaden",Provincia de Santa Fe,José Antonio López,60 días,Tornillos,Camion
Ciudad de Santa Fe,4,"$41.235,38 ","Conroy, Kirlin and Schaden",Provincia de Santa Fe,José Carretero,60 días,Tornillos,Camion
Ciudad de Santa Fe,48,"$102.047,42 ","Conroy, Kirlin and Schaden",Provincia de Santa Fe,José Salcedo,60 días,Tornillos,Camion
Ciudad de Santa Fe,1,"$105,84 ","Conroy, Kirlin and Schaden",Provincia de Santa Fe,José Sola,60 días,Tornillos,Camion
Ciudad de Santa Fe,31,"$101.648,09 ","Conroy, Kirlin and Schaden",Provincia de Santa Fe,Juan Andrés,60 días,Tornillos,Camion
Ciudad de Santa Fe,6,"$26.460,50 ","Conroy, Kirlin and Schaden",Provincia de Santa Fe,Manuel Grande,60 días,Tornillos,Camion
Ciudad de Santa Fe,4,"$3.397,72 ","Conroy, Kirlin and Schaden",Provincia de Santa Fe,Manuel Muñoz,60 días,Tornillos,Camion
Ciudad de Santa Fe,2,"$860,73 ","Conroy, Kirlin and Schaden",Provincia de Santa Fe,María Ángeles Alves,30 días,Tornillos,Camion
Ciudad de Santa Fe,7,"$4.085,51 ","Conroy, Kirlin and Schaden",Provincia de Santa Fe,María Ángeles Alves,60 días,Tornillos,Camion
Ciudad de Santa Fe,1,"$1.971,29 ","Conroy, Kirlin and Schaden",Provincia de Santa Fe,María Ángeles Ruiz,30 días,Tornillos,Camion
Ciudad de Santa Fe,14,"$13.445,31 ","Conroy, Kirlin and Schaden",Provincia de Santa Fe,María Ángeles Ruiz,60 días,Tornillos,Camion
Ciudad de Santa Fe,20,"$13.588,70 ","Conroy, Kirlin and Schaden",Provincia de Santa Fe,María Carmen Serrano,60 días,Tornillos,Camion
Ciudad de Santa Fe,19,"$16.746,30 ","Conroy, Kirlin and Schaden",Provincia de Santa Fe,María Cedeño,60 días,Tornillos,Camion
Ciudad de Santa Fe,2,"$263,87 ","Conroy, Kirlin and Schaden",Provincia de Santa Fe,María Dolores Sousa,30 días,Tornillos,Camion
Ciudad de Santa Fe,23,"$26.374,78 ","Conroy, Kirlin and Schaden",Provincia de Santa Fe,María Fernández,60 días,Tornillos,Camion
Ciudad de Santa Fe,1,"$1.465,86 ","Conroy, Kirlin and Schaden",Provincia de Santa Fe,María Isabel Heredia,60 días,Tornillos,Camion
Ciudad de Santa Fe,24,"$109.021,54 ","Conroy, Kirlin and Schaden",Provincia de Santa Fe,María Isabel León,60 días,Tornillos,Camion
Ciudad de Santa Fe,1,"$2.324,52 ","Conroy, Kirlin and Schaden",Provincia de Santa Fe,María Jesús Peñalver,60 días,Tornillos,Camion
Ciudad de Santa Fe,1,"$329,03 ","Conroy, Kirlin and Schaden",Provincia de Santa Fe,María Pilar Pérez,30 días,Tornillos,Camion
Ciudad de Santa Fe,14,"$12.801,03 ","Conroy, Kirlin and Schaden",Provincia de Santa Fe,María Pilar Pérez,60 días,Tornillos,Camion
Ciudad de Santa Fe,1,"$2.024,48 ","Conroy, Kirlin and Schaden",Provincia de Santa Fe,Marta López,60 días,Tornillos,Camion
Ciudad de Santa Fe,9,"$12.513,04 ","Conroy, Kirlin and Schaden",Provincia de Santa Fe,Pablo López,60 días,Tornillos,Camion
Ciudad de Santa Fe,23,"$6.844,35 ","Conroy, Kirlin and Schaden",Provincia de Santa Fe,Raquel Pueyo,60 días,Tornillos,Camion
Ciudad de Santa Fe,3,"$199,43 ","Conroy, Kirlin and Schaden",Provincia de Santa Fe,Sergio Jiménez,60 días,Tornillos,Camion
Ciudad de Santa Fe,2,"$19.773,94 ","Conroy, Kirlin and Schaden",Provincia de Santa Fe,Susana Escudero,60 días,Tornillos,Camion
Ciudad de Santa Fe,18,"$88.367,63 ","Conroy, Kirlin and Schaden",Provincia de Santa Fe,Teresa Martínez,60 días,Tornillos,Camion
Ciudad de Santa Fe,4,"$146,40 ",Donnelly-O'Keefe,Provincia de Santa Fe,Cristina Rodríguez,30 días,Tornillos,Camion
Ciudad de Santa Fe,18,"$1.258,06 ","Greenholt, Kutch and Tremblay",Provincia de Santa Fe,José Sola,30 días,Tornillos,Tren
Ciudad de Santa Fe,82,"$1.504,52 ",Heaney-Wolf,Provincia de Santa Fe,José Sola,30 días,Perfiles De Acero,Tren
Ciudad de Santa Fe,83,"$2.913,86 ",Heaney-Wolf,Provincia de Santa Fe,Juan Andrés,30 días,Perfiles De Acero,Tren
Ciudad de Santa Fe,86,"$3.615,48 ",Heaney-Wolf,Provincia de Santa Fe,Marta Amigo,30 días,Perfiles De Acero,Tren
Ciudad de Santa Fe,380,"$2.521,99 ",Huel e Hijos,Provincia de Santa Fe,Adrián Souto,30 días,Perfiles De Acero,Tren
Ciudad de Santa Fe,380,"$2.521,99 ",Huel e Hijos,Provincia de Santa Fe,Alberto García,30 días,Perfiles De Acero,Tren
Ciudad de Santa Fe,380,"$2.521,99 ",Huel e Hijos,Provincia de Santa Fe,Antonia Lorente,30 días,Perfiles De Acero,Tren
Ciudad de Santa Fe,84,"$646,66 ",Huel e Hijos,Provincia de Santa Fe,Carlos Arenas,30 días,Perfiles De Acero,Tren
Ciudad de Santa Fe,380,"$2.521,99 ",Huel e Hijos,Provincia de Santa Fe,Carmen Sánchez,30 días,Perfiles De Acero,Tren
Ciudad de Santa Fe,84,"$3.019,35 ",Huel e Hijos,Provincia de Santa Fe,Daniel Pino,30 días,Perfiles De Acero,Tren
Ciudad de Santa Fe,74,"$785,75 ",Huel e Hijos,Provincia de Santa Fe,Joaquín Vega,30 días,Perfiles De Acero,Tren
Ciudad de Santa Fe,167,"$26.734,63 ",Huel e Hijos,Provincia de Santa Fe,José Antonio López,30 días,Perfiles De Acero,Tren
Ciudad de Santa Fe,84,"$791,74 ",Huel e Hijos,Provincia de Santa Fe,Manuel Muñoz,30 días,Perfiles De Acero,Tren
Ciudad de Santa Fe,83,"$789,78 ",Huel e Hijos,Provincia de Santa Fe,María Ángeles Alves,30 días,Perfiles De Acero,Tren
Ciudad de Santa Fe,65,"$142,80 ",Huel e Hijos,Provincia de Santa Fe,María Ángeles Martínez,30 días,Perfiles De Acero,Tren
Ciudad de Santa Fe,84,"$5.597,18 ",Huel e Hijos,Provincia de Santa Fe,María Cedeño,30 días,Perfiles De Acero,Tren
Ciudad de Santa Fe,380,"$2.521,99 ",Huel e Hijos,Provincia de Santa Fe,María Diego,30 días,Perfiles De Acero,Tren
Ciudad de Santa Fe,84,"$26.500,85 ",Huel e Hijos,Provincia de Santa Fe,María Dolores Sousa,30 días,Perfiles De Acero,Tren
Ciudad de Santa Fe,168,"$3.083,87 ",Huel e Hijos,Provincia de Santa Fe,María Fernández,30 días,Perfiles De Acero,Tren
Ciudad de Santa Fe,84,"$3.953,96 ",Huel e Hijos,Provincia de Santa Fe,María Isabel León,30 días,Perfiles De Acero,Tren
Ciudad de Santa Fe,84,"$102.566,24 ",Huel e Hijos,Provincia de Santa Fe,Marta López,30 días,Perfiles De Acero,Tren
Ciudad de Santa Fe,83,"$32.399,02 ",Huel e Hijos,Provincia de Santa Fe,Pablo López,30 días,Perfiles De Acero,Tren
Ciudad de Santa Fe,380,"$2.521,99 ",Huel e Hijos,Provincia de Santa Fe,Raquel Pueyo,30 días,Perfiles De Acero,Tren
Ciudad de Santa Fe,16,"$3.176,26 ",Huel e Hijos,Provincia de Santa Fe,Sara Pineda,30 días,Perfiles De Acero,Tren
Ciudad de Santa Fe,84,"$26.191,83 ",Huel e Hijos,Provincia de Santa Fe,Sergio Jiménez,30 días,Perfiles De Acero,Tren
Ciudad de Santa Fe,3,"$155,92 ",Jakubowski Ltd,Provincia de Santa Fe,Cristina Zamora,30 días,Tornillos,Camion
Ciudad de Santa Fe,3,"$47.709,58 ",Jakubowski Ltd,Provincia de Santa Fe,María Pilar Pérez,30 días,Tornillos,Camion
Ciudad de Santa Fe,378,"$59.728,98 ",Kreiger Group,Provincia de Santa Fe,Adrián Souto,30 días,Perfiles De Acero,Tren
Ciudad de Santa Fe,79,"$136,77 ",Kreiger Group,Provincia de Santa Fe,Ana María Serrano,30 días,Perfiles De Acero,Tren
Ciudad de Santa Fe,756,"$119.457,96 ",Kreiger Group,Provincia de Santa Fe,Antonio Calderón,30 días,Perfiles De Acero,Tren
Ciudad de Santa Fe,378,"$59.728,98 ",Kreiger Group,Provincia de Santa Fe,Elena Fernández,30 días,Perfiles De Acero,Tren
Ciudad de Santa Fe,378,"$59.728,98 ",Kreiger Group,Provincia de Santa Fe,Joaquín Vega,30 días,Perfiles De Acero,Tren
Ciudad de Santa Fe,378,"$59.728,98 ",Kreiger Group,Provincia de Santa Fe,Marta López,30 días,Perfiles De Acero,Tren
Ciudad de Santa Fe,84,"$15.315,12 ",Kreiger Group,Provincia de Santa Fe,Pablo López,30 días,Perfiles De Acero,Tren
Ciudad de Santa Fe,40,"$23.096,51 ",Kundelez,Provincia de Santa Fe,Adrián Souto,30 días,Perfiles De Acero,Tren
Ciudad de Santa Fe,20,"$22.679,57 ",Kundelez,Provincia de Santa Fe,Alejandro Del Olmo,30 días,Perfiles De Acero,Tren
Ciudad de Santa Fe,79,"$9.867,66 ",Kundelez,Provincia de Santa Fe,Ana María Delgado,30 días,Perfiles De Acero,Tren
Ciudad de Santa Fe,83,"$29.114,86 ",Kundelez,Provincia de Santa Fe,Ana María Serrano,30 días,Perfiles De Acero,Tren
Ciudad de Santa Fe,80,"$29.607,03 ",Kundelez,Provincia de Santa Fe,Antonia Lorente,30 días,Perfiles De Acero,Tren
Ciudad de Santa Fe,15,"$10.622,10 ",Kundelez,Provincia de Santa Fe,Carlos Arenas,30 días,Perfiles De Acero,Tren
Ciudad de Santa Fe,29,"$2.354,84 ",Kundelez,Provincia de Santa Fe,Carmen Cortes,30 días,Perfiles De Acero,Tren
Ciudad de Santa Fe,99,"$78.224,32 ",Kundelez,Provincia de Santa Fe,Cristina Rodríguez,30 días,Perfiles De Acero,Tren
Ciudad de Santa Fe,12,"$147.048,46 ",Kundelez,Provincia de Santa Fe,Cristina Zamora,30 días,Perfiles De Acero,Tren
Ciudad de Santa Fe,224,"$159.341,81 ",Kundelez,Provincia de Santa Fe,Daniel Pino,30 días,Perfiles De Acero,Tren
Ciudad de Santa Fe,51,"$908,28 ",Kundelez,Provincia de Santa Fe,Elena Fernández,30 días,Perfiles De Acero,Tren
Ciudad de Santa Fe,5,"$23.630,30 ",Kundelez,Provincia de Santa Fe,Jaume García,30 días,Perfiles De Acero,Tren
Ciudad de Santa Fe,73,"$1.290,32 ",Kundelez,Provincia de Santa Fe,Joaquín Vega,30 días,Perfiles De Acero,Tren
Ciudad de Santa Fe,60,"$19.252,44 ",Kundelez,Provincia de Santa Fe,José Antonio López,30 días,Perfiles De Acero,Tren
Ciudad de Santa Fe,3,"$19.947,67 ",Kundelez,Provincia de Santa Fe,José Carretero,30 días,Perfiles De Acero,Camion
Ciudad de Santa Fe,83,"$96.837,87 ",Kundelez,Provincia de Santa Fe,José Carretero,30 días,Perfiles De Acero,Tren
Ciudad de Santa Fe,8,"$11.170,70 ",Kundelez,Provincia de Santa Fe,José Salcedo,30 días,Perfiles De Acero,Tren
Ciudad de Santa Fe,19,"$427,55 ",Kundelez,Provincia de Santa Fe,José Sola,30 días,Perfiles De Acero,Camion
Ciudad de Santa Fe,16,"$168,21 ",Kundelez,Provincia de Santa Fe,José Sola,30 días,Perfiles De Acero,Tren
Ciudad de Santa Fe,33,"$22.261,11 ",Kundelez,Provincia de Santa Fe,Manuel Grande,30 días,Perfiles De Acero,Tren
Ciudad de Santa Fe,82,"$1.807,74 ",Kundelez,Provincia de Santa Fe,María Ángeles Alves,30 días,Perfiles De Acero,Tren
Ciudad de Santa Fe,69,"$178.692,55 ",Kundelez,Provincia de Santa Fe,María Carmen Serrano,30 días,Perfiles De Acero,Tren
Ciudad de Santa Fe,43,"$5.786,97 ",Kundelez,Provincia de Santa Fe,María Cedeño,30 días,Perfiles De Acero,Tren
Ciudad de Santa Fe,42,"$1.741,94 ",Kundelez,Provincia de Santa Fe,María Dolores Sousa,30 días,Perfiles De Acero,Tren
Ciudad de Santa Fe,84,"$23.540,40 ",Kundelez,Provincia de Santa Fe,María Fernández,30 días,Perfiles De Acero,Tren
Ciudad de Santa Fe,153,"$560,56 ",Kundelez,Provincia de Santa Fe,María Isabel León,30 días,Perfiles De Acero,Tren
Ciudad de Santa Fe,166,"$26.334,24 ",Kundelez,Provincia de Santa Fe,Marta Amigo,30 días,Perfiles De Acero,Tren
Ciudad de Santa Fe,86,"$7.483,54 ",Kundelez,Provincia de Santa Fe,Pablo López,30 días,Perfiles De Acero,Tren
Ciudad de Santa Fe,82,"$160.558,45 ",Kundelez,Provincia de Santa Fe,Sergio Jiménez,30 días,Perfiles De Acero,Tren
Ciudad de Santa Fe,15,"$605,25 ",Kundelez,Provincia de Santa Fe,Teresa Martínez,30 días,Perfiles De Acero,Tren
Ciudad de Santa Fe,3,"$13.867,45 ","Larson, Effertz and Emmerich",Provincia de Santa Fe,Alberto García,30 días,Tornillos,Camion
Ciudad de Santa Fe,19,"$9.175,66 ","Larson, Effertz and Emmerich",Provincia de Santa Fe,Ana Aguilera,30 días,Tornillos,Camion
Ciudad de Santa Fe,14,"$4.654,84 ","Larson, Effertz and Emmerich",Provincia de Santa Fe,Ana María Delgado,30 días,Tornillos,Camion
Ciudad de Santa Fe,1,"$26.844,94 ","Larson, Effertz and Emmerich",Provincia de Santa Fe,Ana María Serrano,30 días,Tornillos,Camion
Ciudad de Santa Fe,10,"$9.378,23 ","Larson, Effertz and Emmerich",Provincia de Santa Fe,Ángeles Pérez,30 días,Tornillos,Camion
Ciudad de Santa Fe,12,"$6.307,25 ","Larson, Effertz and Emmerich",Provincia de Santa Fe,Antonia Lorente,30 días,Tornillos,Camion
Ciudad de Santa Fe,23,"$7.070,32 ","Larson, Effertz and Emmerich",Provincia de Santa Fe,Antonia Martínez,30 días,Tornillos,Camion
Ciudad de Santa Fe,5,"$102.925,15 ","Larson, Effertz and Emmerich",Provincia de Santa Fe,Antonio Calderón,30 días,Tornillos,Camion
Ciudad de Santa Fe,9,"$2.415,48 ","Larson, Effertz and Emmerich",Provincia de Santa Fe,Begoña García,30 días,Tornillos,Camion
Ciudad de Santa Fe,6,"$1.856,52 ","Larson, Effertz and Emmerich",Provincia de Santa Fe,Cristina Zamora,30 días,Tornillos,Camion
Ciudad de Santa Fe,6,"$5.107,74 ","Larson, Effertz and Emmerich",Provincia de Santa Fe,Francisco Miñana,30 días,Tornillos,Camion
Ciudad de Santa Fe,24,"$106.303,85 ","Larson, Effertz and Emmerich",Provincia de Santa Fe,Joaquín Vega,30 días,Tornillos,Camion
Ciudad de Santa Fe,9,"$2.415,48 ","Larson, Effertz and Emmerich",Provincia de Santa Fe,José Carretero,30 días,Tornillos,Camion
Ciudad de Santa Fe,17,"$29.582,21 ","Larson, Effertz and Emmerich",Provincia de Santa Fe,José María Pérez,30 días,Tornillos,Camion
Ciudad de Santa Fe,10,"$8.572,26 ","Larson, Effertz and Emmerich",Provincia de Santa Fe,José Sola,30 días,Tornillos,Camion
Ciudad de Santa Fe,6,"$14.328,39 ","Larson, Effertz and Emmerich",Provincia de Santa Fe,Manuel Grande,30 días,Tornillos,Camion
Ciudad de Santa Fe,1,"$909,29 ","Larson, Effertz and Emmerich",Provincia de Santa Fe,María Ángeles Alves,30 días,Tornillos,Camion
Ciudad de Santa Fe,9,"$2.415,48 ","Larson, Effertz and Emmerich",Provincia de Santa Fe,María Ángeles Martínez,30 días,Tornillos,Camion
Ciudad de Santa Fe,24,"$128.929,10 ","Larson, Effertz and Emmerich",Provincia de Santa Fe,María Cedeño,30 días,Tornillos,Camion
Ciudad de Santa Fe,10,"$6.589,68 ","Larson, Effertz and Emmerich",Provincia de Santa Fe,María Isabel Heredia,30 días,Tornillos,Camion
Ciudad de Santa Fe,10,"$1.289,29 ","Larson, Effertz and Emmerich",Provincia de Santa Fe,María Isabel León,30 días,Tornillos,Camion
Ciudad de Santa Fe,6,"$5.107,74 ","Larson, Effertz and Emmerich",Provincia de Santa Fe,María Jesús Peñalver,30 días,Tornillos,Camion
Ciudad de Santa Fe,18,"$7.547,74 ","Larson, Effertz and Emmerich",Provincia de Santa Fe,María Pilar Pérez,30 días,Tornillos,Camion
Ciudad de Santa Fe,8,"$86,22 ","Larson, Effertz and Emmerich",Provincia de Santa Fe,Marta López,30 días,Tornillos,Camion
Ciudad de Santa Fe,3,"$61.620,62 ","Larson, Effertz and Emmerich",Provincia de Santa Fe,Raquel Pueyo,30 días,Tornillos,Camion
Ciudad de Santa Fe,23,"$7.070,32 ","Larson, Effertz and Emmerich",Provincia de Santa Fe,Sara Pineda,30 días,Tornillos,Camion
Ciudad de Santa Fe,5,"$11.752,26 ","Larson, Effertz and Emmerich",Provincia de Santa Fe,Sergio Jiménez,30 días,Tornillos,Camion
Ciudad de Santa Fe,3,"$1.193,55 ","Larson, Effertz and Emmerich",Provincia de Santa Fe,Teresa Martínez,30 días,Tornillos,Camion
Ciudad de Santa Fe,1,"$20.661,11 ",Lynch Group,Provincia de Santa Fe,Carmen Sánchez,30 días,Clavos,Camion
Ciudad de Santa Fe,1,"$110,15 ",Lynch Group,Provincia de Santa Fe,José Sola,30 días,Clavos,Camion
Ciudad de Santa Fe,2,"$429,60 ",Lynch Group,Provincia de Santa Fe,Raquel Pueyo,30 días,Clavos,Camion
Ciudad de Santa Fe,19,"$1.126,68 ",Miller-Hessel,Provincia de Santa Fe,Ana María Serrano,30 días,Clavos,Camion
Ciudad de Santa Fe,19,"$5.655,40 ","Quigley, Upton and Jacobi",Provincia de Santa Fe,Carlos Arenas,30 días,Tornillos,Camion
Ciudad de Santa Fe,3,"$148,39 ","Quigley, Upton and Jacobi",Provincia de Santa Fe,Daniel Pino,30 días,Tornillos,Camion
Ciudad de Santa Fe,1,"$1.244,71 ","Quigley, Upton and Jacobi",Provincia de Santa Fe,Elena Fernández,30 días,Tornillos,Camion
Ciudad de Santa Fe,14,"$578,71 ","Quigley, Upton and Jacobi",Provincia de Santa Fe,Joaquín Vega,30 días,Tornillos,Camion
Ciudad de Santa Fe,5,"$4.854,37 ","Quigley, Upton and Jacobi",Provincia de Santa Fe,José Carretero,30 días,Tornillos,Camion
Ciudad de Santa Fe,3,"$23.360,21 ","Quigley, Upton and Jacobi",Provincia de Santa Fe,José María Pérez,30 días,Tornillos,Camion
Ciudad de Santa Fe,5,"$4.854,37 ","Quigley, Upton and Jacobi",Provincia de Santa Fe,Manuel Grande,30 días,Tornillos,Camion
Ciudad de Santa Fe,8,"$5.649,85 ","Quigley, Upton and Jacobi",Provincia de Santa Fe,María Ángeles Alves,30 días,Tornillos,Camion
Ciudad de Santa Fe,1,"$70.278,72 ","Quigley, Upton and Jacobi",Provincia de Santa Fe,María Cedeño,30 días,Tornillos,Camion
Ciudad de Santa Fe,3,"$129,03 ","Quigley, Upton and Jacobi",Provincia de Santa Fe,María Dolores Sousa,30 días,Tornillos,Camion
Ciudad de Santa Fe,5,"$4.854,37 ","Quigley, Upton and Jacobi",Provincia de Santa Fe,María Isabel León,30 días,Tornillos,Camion
Ciudad de Santa Fe,1,"$24.455,60 ","Quigley, Upton and Jacobi",Provincia de Santa Fe,María Pilar Pérez,30 días,Tornillos,Camion
Ciudad de Santa Fe,17,"$708,62 ","Quigley, Upton and Jacobi",Provincia de Santa Fe,Marta Amigo,30 días,Tornillos,Camion
Ciudad de Santa Fe,8,"$6.187,92 ","Quigley, Upton and Jacobi",Provincia de Santa Fe,Pablo López,30 días,Tornillos,Camion
Ciudad de Santa Fe,6,"$162.809,13 ","Quigley, Upton and Jacobi",Provincia de Santa Fe,Teresa Martínez,30 días,Tornillos,Camion
Ciudad de Santa Fe,6,"$7.303,84 ",Schaden-Roberts,Provincia de Santa Fe,Adrián Souto,45 días,Tornillos,Camion
Ciudad de Santa Fe,1,"$1.478,79 ",Schaden-Roberts,Provincia de Santa Fe,Alejandro Del Olmo,45 días,Tornillos,Camion
Ciudad de Santa Fe,4,"$5.149,89 ",Schaden-Roberts,Provincia de Santa Fe,Ana Aguilera,45 días,Tornillos,Camion
Ciudad de Santa Fe,1,"$534,71 ",Schaden-Roberts,Provincia de Santa Fe,Ana María Serrano,45 días,Tornillos,Camion
Ciudad de Santa Fe,9,"$5.515,37 ",Schaden-Roberts,Provincia de Santa Fe,Ángeles Pérez,45 días,Tornillos,Camion
Ciudad de Santa Fe,1,"$2.408,06 ",Schaden-Roberts,Provincia de Santa Fe,Carlos Arenas,45 días,Tornillos,Camion
Ciudad de Santa Fe,3,"$780,65 ",Schaden-Roberts,Provincia de Santa Fe,Carmen Cortes,45 días,Tornillos,Camion
Ciudad de Santa Fe,16,"$24.287,66 ",Schaden-Roberts,Provincia de Santa Fe,Cristina Rodríguez,45 días,Tornillos,Camion
Ciudad de Santa Fe,4,"$5.149,89 ",Schaden-Roberts,Provincia de Santa Fe,Cristina Zamora,45 días,Tornillos,Camion
Ciudad de Santa Fe,3,"$23.889,54 ",Schaden-Roberts,Provincia de Santa Fe,Elena Fernández,45 días,Tornillos,Camion
Ciudad de Santa Fe,2,"$207,10 ",Schaden-Roberts,Provincia de Santa Fe,Joaquín Vega,45 días,Tornillos,Camion
Ciudad de Santa Fe,2,"$3.769,16 ",Schaden-Roberts,Provincia de Santa Fe,José Antonio López,45 días,Tornillos,Camion
Ciudad de Santa Fe,4,"$5.149,89 ",Schaden-Roberts,Provincia de Santa Fe,José Sola,45 días,Tornillos,Camion
Ciudad de Santa Fe,2,"$3.769,16 ",Schaden-Roberts,Provincia de Santa Fe,Manuel Grande,45 días,Tornillos,Camion
Ciudad de Santa Fe,1,"$1.320,48 ",Schaden-Roberts,Provincia de Santa Fe,María Ángeles Alves,45 días,Tornillos,Camion
Ciudad de Santa Fe,2,"$3.769,16 ",Schaden-Roberts,Provincia de Santa Fe,María Ángeles Martínez,45 días,Tornillos,Camion
Ciudad de Santa Fe,4,"$1.498,55 ",Schaden-Roberts,Provincia de Santa Fe,María Ángeles Ruiz,45 días,Tornillos,Camion
Ciudad de Santa Fe,2,"$3.769,16 ",Schaden-Roberts,Provincia de Santa Fe,María Carmen Serrano,45 días,Tornillos,Camion
Ciudad de Santa Fe,2,"$3.769,16 ",Schaden-Roberts,Provincia de Santa Fe,María Isabel León,45 días,Tornillos,Camion
Ciudad de Santa Fe,4,"$5.149,89 ",Schaden-Roberts,Provincia de Santa Fe,Pablo López,45 días,Tornillos,Camion
Ciudad de Santa Fe,4,"$5.149,89 ",Schaden-Roberts,Provincia de Santa Fe,Susana Escudero,45 días,Tornillos,Camion
Ciudad de Santa Fe,4,"$527,74 ",Schimmel Group,Provincia de Santa Fe,Adrián Souto,60 días,Clavos,Camion
Ciudad de Santa Fe,1,"$859,35 ",Schimmel Group,Provincia de Santa Fe,Alberto García,60 días,Clavos,Camion
Ciudad de Santa Fe,6,"$10.097,74 ",Schimmel Group,Provincia de Santa Fe,Alejandro Del Olmo,60 días,Clavos,Camion
Ciudad de Santa Fe,4,"$13.396,84 ",Schimmel Group,Provincia de Santa Fe,Antonia Lorente,60 días,Clavos,Camion
Ciudad de Santa Fe,6,"$21.396,19 ",Schimmel Group,Provincia de Santa Fe,Antonia Martínez,60 días,Clavos,Camion
Ciudad de Santa Fe,2,"$22.095,90 ",Schimmel Group,Provincia de Santa Fe,Antonio Calderón,60 días,Clavos,Camion
Ciudad de Santa Fe,13,"$19.516,90 ",Schimmel Group,Provincia de Santa Fe,Carlos Arenas,60 días,Clavos,Camion
Ciudad de Santa Fe,17,"$134,13 ",Schimmel Group,Provincia de Santa Fe,Carmen Cortes,60 días,Clavos,Camion
Ciudad de Santa Fe,2,"$1.354,84 ",Schimmel Group,Provincia de Santa Fe,Carmen Diez,60 días,Clavos,Camion
Ciudad de Santa Fe,4,"$157,90 ",Schimmel Group,Provincia de Santa Fe,Carmen Sánchez,60 días,Clavos,Camion
Ciudad de Santa Fe,7,"$24.006,75 ",Schimmel Group,Provincia de Santa Fe,Cristina Zamora,60 días,Clavos,Camion
Ciudad de Santa Fe,13,"$21.965,52 ",Schimmel Group,Provincia de Santa Fe,Daniel Pino,60 días,Clavos,Camion
Ciudad de Santa Fe,36,"$61.434,45 ",Schimmel Group,Provincia de Santa Fe,Francisco Miñana,60 días,Clavos,Camion
Ciudad de Santa Fe,2,"$59.664,52 ",Schimmel Group,Provincia de Santa Fe,Jaume García,60 días,Clavos,Camion
Ciudad de Santa Fe,8,"$923,35 ",Schimmel Group,Provincia de Santa Fe,Joaquín Vega,60 días,Clavos,Camion
Ciudad de Santa Fe,3,"$4.525,42 ",Schimmel Group,Provincia de Santa Fe,José María Pérez,60 días,Clavos,Camion
Ciudad de Santa Fe,3,"$2.696,45 ",Schimmel Group,Provincia de Santa Fe,José Salcedo,60 días,Clavos,Camion
Ciudad de Santa Fe,3,"$115,42 ",Schimmel Group,Provincia de Santa Fe,José Sola,60 días,Clavos,Camion
Ciudad de Santa Fe,10,"$22.066,19 ",Schimmel Group,Provincia de Santa Fe,Juan Andrés,60 días,Clavos,Camion
Ciudad de Santa Fe,7,"$23.301,15 ",Schimmel Group,Provincia de Santa Fe,María Ángeles Alves,60 días,Clavos,Camion
Ciudad de Santa Fe,15,"$894,75 ",Schimmel Group,Provincia de Santa Fe,María Carmen Serrano,60 días,Clavos,Camion
Ciudad de Santa Fe,4,"$38.123,81 ",Schimmel Group,Provincia de Santa Fe,María Diego,60 días,Clavos,Camion
Ciudad de Santa Fe,1,"$19.916,68 ",Schimmel Group,Provincia de Santa Fe,María Isabel Heredia,60 días,Clavos,Camion
Ciudad de Santa Fe,8,"$20.979,10 ",Schimmel Group,Provincia de Santa Fe,María Isabel León,60 días,Clavos,Camion
Ciudad de Santa Fe,10,"$22.793,68 ",Schimmel Group,Provincia de Santa Fe,María Pilar Pérez,60 días,Clavos,Camion
Ciudad de Santa Fe,12,"$5.696,83 ",Schimmel Group,Provincia de Santa Fe,Marta Amigo,60 días,Clavos,Camion
Ciudad de Santa Fe,1,"$219,68 ",Schimmel Group,Provincia de Santa Fe,Marta López,60 días,Clavos,Camion
Ciudad de Santa Fe,8,"$1.073,03 ",Schimmel Group,Provincia de Santa Fe,Pablo López,60 días,Clavos,Camion
Ciudad de Santa Fe,15,"$15.995,87 ",Schimmel Group,Provincia de Santa Fe,Sergio Jiménez,60 días,Clavos,Camion
Ciudad de Santa Fe,9,"$451,61 ",Stehr-Mills,Provincia de Santa Fe,Marta López,90 días,Clavos,Camion
Ciudad de Santa Fe,3,"$16.898,75 ",Semart,Provincia de Santa Fe,Francisco Miñana,30 días,Tornillos,Camion
Ciudad de Santa Fe,4,"$306,29 ",Semart,Provincia de Santa Fe,María Isabel León,30 días,Tornillos,Camion
Ciudad de Santa Fe,1,"$17.486,59 ",Semart,Provincia de Santa Fe,María Pilar Pérez,30 días,Tornillos,Camion
Ciudad de Santa Fe,7,"$13.615,20 ","White, Kassulke and Sanford",Provincia de Santa Fe,Cristina Rodríguez,30 días,Tornillos,Camion
Ciudad de Santa Fe,2,"$15.376,97 ","White, Kassulke and Sanford",Provincia de Santa Fe,José Carretero,30 días,Tornillos,Camion
Ciudad de Santa Fe,3,"$4.445,16 ","White, Kassulke and Sanford",Provincia de Santa Fe,María Ángeles Martínez,30 días,Tornillos,Camion
Ciudad de Santa Fe,3,"$78.716,45 ","White, Kassulke and Sanford",Provincia de Santa Fe,María Ángeles Ruiz,30 días,Tornillos,Camion
Ciudad de Santa Fe,4,"$789,94 ","White, Kassulke and Sanford",Provincia de Santa Fe,María Pilar Pérez,30 días,Tornillos,Camion
Ciudad de Santa Fe,3,"$25.132,48 ","White, Kassulke and Sanford",Provincia de Santa Fe,Marta Amigo,30 días,Tornillos,Camion
Ciudad de Santa Fe,3,"$26.365,11 ","White, Kassulke and Sanford",Provincia de Santa Fe,Teresa Martínez,30 días,Tornillos,Camion
Ciudad de Santa Fe,3,"$12.145,89 ",White-Cartwright,Provincia de Santa Fe,Ana Aguilera,30 días,Tornillos,Camion
Ciudad de Santa Fe,3,"$15.991,61 ",White-Cartwright,Provincia de Santa Fe,Antonia Lorente,30 días,Tornillos,Camion
Ciudad de Santa Fe,3,"$22.082,47 ",White-Cartwright,Provincia de Santa Fe,Antonia Martínez,30 días,Tornillos,Camion
Ciudad de Santa Fe,2,"$1.966,45 ",White-Cartwright,Provincia de Santa Fe,Begoña García,30 días,Tornillos,Camion
Ciudad de Santa Fe,3,"$14.314,81 ",White-Cartwright,Provincia de Santa Fe,Joaquín Vega,30 días,Tornillos,Camion
Ciudad de Santa Fe,2,"$3.096,77 ",White-Cartwright,Provincia de Santa Fe,Manuel Grande,30 días,Tornillos,Camion
Ciudad de Santa Fe,1,"$45.586,83 ",White-Cartwright,Provincia de Santa Fe,María Jesús Peñalver,30 días,Tornillos,Camion
Ciudad de Santa Fe,1,"$142,80 ",White-Cartwright,Provincia de Santa Fe,Susana Escudero,30 días,Tornillos,Camion
Ciudad de Santa Fe,8,"$21.787,64 ",Wilderman Group,Provincia de Santa Fe,José Antonio López,30 días,Perfiles De Acero,Camion
Ciudad de Santa Fe,3,$580 ,Wilderman Group,Provincia de Santa Fe,Juan Andrés,30 días,Perfiles De Acero,Camion
Ciudad de Santa Fe,91,"$31.280,64 ",Wilderman Group,Provincia de Santa Fe,Juan Andrés,30 días,Perfiles De Acero,Tren
Ciudad de Santa Fe,3,"$112,14 ",Wilderman Group,Provincia de Santa Fe,Manuel Muñoz,30 días,Perfiles De Acero,Camion
Ciudad de Santa Fe,91,"$1.629,15 ",Wilderman Group,Provincia de Santa Fe,Teresa Martínez,30 días,Perfiles De Acero,Tren
Ciudad de Santiago del Estero,19,"$113,63 ",Bins LLC,Provincia de Santiago del Estero,José Antonio López,30 días,Perfiles De Acero,Camion
Ciudad de Santiago del Estero,19,"$125,81 ",Blanda Ltd,Provincia de Santiago del Estero,Ana María Serrano,30 días,Perfiles De Acero,Camion
Ciudad de Santiago del Estero,84,"$490,65 ",Blanda Ltd,Provincia de Santiago del Estero,Francisco Miñana,30 días,Perfiles De Acero,Camion
Ciudad de Santiago del Estero,17,"$163,10 ",Blanda Ltd,Provincia de Santiago del Estero,Juan Andrés,30 días,Perfiles De Acero,Camion
Comodoro Rivadavia,99,"$309,68 ","Auer, Sawayn and Schulist",Provincia del Chubut,Ana María Serrano,30 días,Perfiles De Acero,Camion
Comodoro Rivadavia,63,"$104,61 ","Auer, Sawayn and Schulist",Provincia del Chubut,Teresa Martínez,30 días,Perfiles De Acero,Camion
Comodoro Rivadavia,3,"$3.874,05 ",Denesik-Nader,Provincia del Chubut,Antonia Lorente,60 días,Perfiles De Acero,Camion
Comodoro Rivadavia,7,"($1.225,51)",Denesik-Nader,Provincia del Chubut,Daniel Pino,60 días,Perfiles De Acero,Camion
Comodoro Rivadavia,3,"$887,24 ",Denesik-Nader,Provincia del Chubut,Francisco Miñana,60 días,Perfiles De Acero,Camion
Comodoro Rivadavia,7,"$12.437,18 ",Denesik-Nader,Provincia del Chubut,Joaquín Vega,60 días,Perfiles De Acero,Camion
Comodoro Rivadavia,3,"$1.288,46 ",Denesik-Nader,Provincia del Chubut,José Salcedo,60 días,Perfiles De Acero,Camion
Comodoro Rivadavia,3,"$654,84 ",Denesik-Nader,Provincia del Chubut,Teresa Martínez,60 días,Perfiles De Acero,Camion
Comodoro Rivadavia,5,"$1.055,48 ",Grady-Fisher,Provincia del Chubut,Ángeles Pérez,30 días,Perfiles De Acero,Camion
Comodoro Rivadavia,6,"$474,41 ",Harber SRL,Provincia del Chubut,Adrián Souto,30 días,Perfiles De Acero,Camion
Comodoro Rivadavia,1,"$138,30 ",Harber SRL,Provincia del Chubut,Alberto García,30 días,Perfiles De Acero,Camion
Comodoro Rivadavia,3,"$110,34 ",Harber SRL,Provincia del Chubut,Ana María Serrano,30 días,Perfiles De Acero,Camion
Comodoro Rivadavia,6,"$242,41 ",Harber SRL,Provincia del Chubut,Carmen Diez,30 días,Perfiles De Acero,Camion
Comodoro Rivadavia,3,"$1.939,95 ",Harber SRL,Provincia del Chubut,Carmen Sánchez,30 días,Perfiles De Acero,Camion
Comodoro Rivadavia,19,"$2.011,26 ",Harber SRL,Provincia del Chubut,Cristina Zamora,30 días,Perfiles De Acero,Camion
Comodoro Rivadavia,2,"$384,43 ",Harber SRL,Provincia del Chubut,Elena Fernández,30 días,Perfiles De Acero,Camion
Comodoro Rivadavia,4,"$118,75 ",Harber SRL,Provincia del Chubut,Francisco Miñana,30 días,Perfiles De Acero,Camion
Comodoro Rivadavia,15,"$242,55 ",Harber SRL,Provincia del Chubut,José Antonio López,30 días,Perfiles De Acero,Camion
Comodoro Rivadavia,15,"$420,97 ",Harber SRL,Provincia del Chubut,Manuel Grande,30 días,Perfiles De Acero,Camion
Comodoro Rivadavia,23,"$872,26 ",Harber SRL,Provincia del Chubut,María Ángeles Martínez,30 días,Perfiles De Acero,Camion
Comodoro Rivadavia,3,"$123,23 ",Harber SRL,Provincia del Chubut,María Carmen Serrano,30 días,Perfiles De Acero,Camion
Comodoro Rivadavia,3,"$132,23 ",Harber SRL,Provincia del Chubut,María Isabel León,30 días,Perfiles De Acero,Camion
Comodoro Rivadavia,3,"$175,55 ",Harber SRL,Provincia del Chubut,María Pilar Pérez,30 días,Perfiles De Acero,Camion
Comodoro Rivadavia,7,"$635,48 ",Heidenreich-Conn,Provincia del Chubut,Adrián Souto,30 días,Perfiles De Acero,Camion
Comodoro Rivadavia,10,"$336,48 ",Heidenreich-Conn,Provincia del Chubut,Ana Aguilera,30 días,Perfiles De Acero,Camion
Comodoro Rivadavia,3,"$1.274,63 ",Heidenreich-Conn,Provincia del Chubut,Ana María Serrano,30 días,Perfiles De Acero,Camion
Comodoro Rivadavia,9,"$1.084,99 ",Heidenreich-Conn,Provincia del Chubut,Ángeles Pérez,30 días,Perfiles De Acero,Camion
Comodoro Rivadavia,19,"$27.249,10 ",Heidenreich-Conn,Provincia del Chubut,Antonia Lorente,30 días,Perfiles De Acero,Camion
Comodoro Rivadavia,3,"$1.461,75 ",Heidenreich-Conn,Provincia del Chubut,Antonia Martínez,30 días,Perfiles De Acero,Camion
Comodoro Rivadavia,90,"$15.453,32 ",Heidenreich-Conn,Provincia del Chubut,Carlos Arenas,30 días,Perfiles De Acero,Camion
Comodoro Rivadavia,90,"$309,68 ",Heidenreich-Conn,Provincia del Chubut,Carmen Cortes,30 días,Perfiles De Acero,Camion
Comodoro Rivadavia,3,"$193,07 ",Heidenreich-Conn,Provincia del Chubut,Carmen Sánchez,30 días,Perfiles De Acero,Camion
Comodoro Rivadavia,3,"$295,51 ",Heidenreich-Conn,Provincia del Chubut,Daniel Pino,30 días,Perfiles De Acero,Camion
Comodoro Rivadavia,6,"$16.556,17 ",Heidenreich-Conn,Provincia del Chubut,Francisco Miñana,30 días,Perfiles De Acero,Camion
Comodoro Rivadavia,76,"$278,97 ",Heidenreich-Conn,Provincia del Chubut,Jaume García,30 días,Perfiles De Acero,Camion
Comodoro Rivadavia,41,"$114,50 ",Heidenreich-Conn,Provincia del Chubut,Manuel Muñoz,30 días,Perfiles De Acero,Camion
Comodoro Rivadavia,3,"$279,40 ",Heidenreich-Conn,Provincia del Chubut,María Ángeles Martínez,30 días,Perfiles De Acero,Camion
Comodoro Rivadavia,3,"$137,26 ",Heidenreich-Conn,Provincia del Chubut,María Fernández,30 días,Perfiles De Acero,Camion
Comodoro Rivadavia,3,"$118,75 ",Heidenreich-Conn,Provincia del Chubut,María Isabel Heredia,30 días,Perfiles De Acero,Camion
Comodoro Rivadavia,20,"$100,13 ",Heidenreich-Conn,Provincia del Chubut,Pablo López,30 días,Perfiles De Acero,Camion
Comodoro Rivadavia,11,"$4.275,40 ",Heidenreich-Conn,Provincia del Chubut,Susana Escudero,30 días,Perfiles De Acero,Camion
Comodoro Rivadavia,3,"$110,32 ",Luettgen-Terry,Provincia del Chubut,Carmen Diez,30 días,Perfiles De Acero,Camion
Concordia,3,"$758,71 ",Bernhard Inc,Provincia de Entre Ríos,Adrián Souto,30 días,Perfiles De Acero,Camion
Concordia,3,"$2.271,03 ",Bins LLC,Provincia de Entre Ríos,Alejandro Del Olmo,30 días,Perfiles De Acero,Camion
Concordia,7,"$841,99 ",Bins LLC,Provincia de Entre Ríos,Ana María Serrano,30 días,Perfiles De Acero,Camion
Concordia,1,"$479,23 ",Bins LLC,Provincia de Entre Ríos,Ángeles Pérez,30 días,Perfiles De Acero,Camion
Concordia,17,"$896,71 ",Bins LLC,Provincia de Entre Ríos,Cristina Zamora,30 días,Perfiles De Acero,Camion
Concordia,3,"$22.075,78 ",Bins LLC,Provincia de Entre Ríos,Elena Fernández,30 días,Perfiles De Acero,Camion
Concordia,3,"$799,35 ",Bins LLC,Provincia de Entre Ríos,Joaquín Vega,30 días,Alambre,Tren
Concordia,33,"$1.560,33 ",Bins LLC,Provincia de Entre Ríos,Joaquín Vega,30 días,Perfiles De Acero,Camion
Concordia,14,"$915,48 ",Bins LLC,Provincia de Entre Ríos,José Antonio López,30 días,Perfiles De Acero,Camion
Concordia,55,"$309,68 ",Bins LLC,Provincia de Entre Ríos,José Carretero,30 días,Perfiles De Acero,Camion
Concordia,10,"$1.003,87 ",Bins LLC,Provincia de Entre Ríos,María Cedeño,30 días,Perfiles De Acero,Camion
Concordia,3,"$403,63 ",Bins LLC,Provincia de Entre Ríos,María Fernández,30 días,Perfiles De Acero,Camion
Concordia,1,"$516,13 ",Bins LLC,Provincia de Entre Ríos,María Isabel Heredia,30 días,Perfiles De Acero,Camion
Concordia,3,"$2.239,43 ",Bins LLC,Provincia de Entre Ríos,María Isabel León,30 días,Perfiles De Acero,Camion
Concordia,2,"$2.912,16 ",Bins LLC,Provincia de Entre Ríos,Marta López,30 días,Perfiles De Acero,Camion
Concordia,1,"$180,65 ",Bins LLC,Provincia de Entre Ríos,Raquel Pueyo,30 días,Perfiles De Acero,Camion
Concordia,24,"$24.370,38 ",Bins LLC,Provincia de Entre Ríos,Teresa Martínez,30 días,Perfiles De Acero,Camion
Concordia,3,"$903,87 ",Blanda Ltd,Provincia de Entre Ríos,José Sola,30 días,Perfiles De Acero,Camion
Concordia,3,"$480,65 ",Blanda Ltd,Provincia de Entre Ríos,María Ángeles Ruiz,30 días,Perfiles De Acero,Camion
Concordia,19,"$150,08 ",Boehm-Mohr,Provincia de Entre Ríos,Antonia Lorente,30 días,Perfiles De Acero,Camion
Concordia,3,"$967,74 ",Boehm-Mohr,Provincia de Entre Ríos,Antonio Calderón,30 días,Perfiles De Acero,Camion
Concordia,13,"$520,83 ",Boehm-Mohr,Provincia de Entre Ríos,Cristina Rodríguez,30 días,Perfiles De Acero,Camion
Concordia,21,"$117,68 ",Boehm-Mohr,Provincia de Entre Ríos,José Sola,30 días,Perfiles De Acero,Camion
Concordia,3,"$946,35 ",Boehm-Mohr,Provincia de Entre Ríos,Juan Andrés,30 días,Alambre,Camion
Concordia,21,"$147,97 ",Boehm-Mohr,Provincia de Entre Ríos,María Ángeles Ruiz,30 días,Perfiles De Acero,Camion
Concordia,3,"$20.173,15 ",Bradtke PLC,Provincia de Entre Ríos,Cristina Zamora,30 días,Perfiles De Acero,Camion
Concordia,3,"$64.210,58 ","Brown, Quitzon and Klein",Provincia de Entre Ríos,Adrián Souto,60 días,Alambre,Tren
Concordia,3,"$4.665,59 ","Brown, Quitzon and Klein",Provincia de Entre Ríos,Begoña García,60 días,Alambre,Tren
Concordia,3,"$21.674,30 ","Brown, Quitzon and Klein",Provincia de Entre Ríos,Carmen Cortes,60 días,Alambre,Tren
Concordia,11,"$681,29 ","Brown, Quitzon and Klein",Provincia de Entre Ríos,Carmen Diez,60 días,Perfiles De Acero,Camion
Concordia,3,"$5.680,23 ","Brown, Quitzon and Klein",Provincia de Entre Ríos,José Antonio López,30 días,Alambre,Tren
Concordia,9,"$18.665,36 ","Brown, Quitzon and Klein",Provincia de Entre Ríos,José Antonio López,60 días,Perfiles De Acero,Camion
Concordia,3,"$8.174,98 ","Brown, Quitzon and Klein",Provincia de Entre Ríos,Juan Andrés,60 días,Alambre,Camion
Concordia,11,"$337,10 ","Brown, Quitzon and Klein",Provincia de Entre Ríos,María Ángeles Alves,60 días,Perfiles De Acero,Camion
Concordia,3,"$5.028,85 ","Brown, Quitzon and Klein",Provincia de Entre Ríos,María Jesús Peñalver,60 días,Alambre,Tren
Concordia,9,"$48.327,45 ","Brown, Quitzon and Klein",Provincia de Entre Ríos,Sara Pineda,60 días,Perfiles De Acero,Camion
Concordia,3,"$56.982,94 ","Brown, Quitzon and Klein",Provincia de Entre Ríos,Susana Escudero,60 días,Alambre,Camion
Concordia,3,"$23.318,97 ",Buckridge Group,Provincia de Entre Ríos,Begoña García,30 días,Perfiles De Acero,Camion
Concordia,3,"$22.642,61 ",Corwin Inc,Provincia de Entre Ríos,Ana María Delgado,30 días,Perfiles De Acero,Camion
Concordia,3,"$601,63 ",Corwin Inc,Provincia de Entre Ríos,Elena Fernández,30 días,Perfiles De Acero,Camion
Concordia,3,"$18.610,21 ",Corwin Inc,Provincia de Entre Ríos,Pablo López,30 días,Perfiles De Acero,Camion
Concordia,3,"$175,48 ",Morar SRL,Provincia de Entre Ríos,Daniel Pino,30 días,Perfiles De Acero,Camion
Concordia,11,"$147,26 ",Morar SRL,Provincia de Entre Ríos,María Dolores Sousa,30 días,Perfiles De Acero,Camion
Concordia,3,"$147,21 ",Morar SRL,Provincia de Entre Ríos,Sergio Jiménez,30 días,Perfiles De Acero,Camion
Concordia,13,"$892,90 ",Effertz Ltd,Provincia de Entre Ríos,Begoña García,60 días,Perfiles De Acero,Camion
Concordia,7,"$27.885,45 ",Effertz Ltd,Provincia de Entre Ríos,Carlos Arenas,60 días,Perfiles De Acero,Camion
Concordia,6,"$15.625,80 ",Effertz Ltd,Provincia de Entre Ríos,Carmen Diez,60 días,Perfiles De Acero,Camion
Concordia,3,"$9.241,54 ",Effertz Ltd,Provincia de Entre Ríos,Jaume García,60 días,Alambre,Camion
Concordia,3,"$116,13 ",Effertz Ltd,Provincia de Entre Ríos,José Sola,60 días,Perfiles De Acero,Camion
Concordia,12,"$406,92 ",Effertz Ltd,Provincia de Entre Ríos,María Jesús Peñalver,60 días,Perfiles De Acero,Camion
Concordia,3,"$112,90 ",Effertz Ltd,Provincia de Entre Ríos,Susana Escudero,60 días,Perfiles De Acero,Camion
Concordia,7,"$21.537,36 ",Eichmann LLC,Provincia de Entre Ríos,Ángeles Pérez,30 días,Perfiles De Acero,Camion
Concordia,3,"$648,39 ",Emard S.A.,Provincia de Entre Ríos,Ángeles Pérez,30 días,Perfiles De Acero,Camion
Concordia,19,"$18.356,17 ",Emard S.A.,Provincia de Entre Ríos,José Antonio López,30 días,Perfiles De Acero,Camion
Concordia,3,"$92,75 ",Emard S.A.,Provincia de Entre Ríos,María Ángeles Alves,30 días,Perfiles De Acero,Camion
Concordia,3,"$451,61 ",Emard S.A.,Provincia de Entre Ríos,Pablo López,30 días,Perfiles De Acero,Camion
Concordia,3,"$18.241,58 ","Fadel, Kling and Dare",Provincia de Entre Ríos,Marta Amigo,30 días,Alambre,Camion
Concordia,50,"$1.086,95 ",Fisher-Ortiz,Provincia de Entre Ríos,Ana Aguilera,45 días,Perfiles De Acero,Camion
Concordia,17,"$893,13 ",Franecki and Sons,Provincia de Entre Ríos,Adrián Souto,30 días,Perfiles De Acero,Camion
Concordia,23,"$1.010,58 ",Franecki and Sons,Provincia de Entre Ríos,Alejandro Del Olmo,30 días,Perfiles De Acero,Camion
Concordia,3,"$19.314,41 ",Franecki and Sons,Provincia de Entre Ríos,Manuel Grande,30 días,Perfiles De Acero,Camion
Concordia,4,"$229,01 ",Franecki and Sons,Provincia de Entre Ríos,María Cedeño,30 días,Perfiles De Acero,Camion
Concordia,3,"$7.532,46 ",Franecki and Sons,Provincia de Entre Ríos,Sergio Jiménez,30 días,Perfiles De Acero,Camion
Concordia,3,"$1.677,66 ",Graham and Sons,Provincia de Entre Ríos,Begoña García,30 días,Alambre,Camion
Concordia,12,"$29.396,61 ",Graham and Sons,Provincia de Entre Ríos,Daniel Pino,30 días,Perfiles De Acero,Camion
Concordia,9,"$191,68 ",Grant-Mraz,Provincia de Entre Ríos,Francisco Miñana,30 días,Perfiles De Acero,Camion
Concordia,3,"$16.260,61 ",Grant-Mraz,Provincia de Entre Ríos,María Isabel León,30 días,Perfiles De Acero,Camion
Concordia,3,"$170,29 ",Hane Inc,Provincia de Entre Ríos,Adrián Souto,30 días,Perfiles De Acero,Camion
Concordia,12,"$118,52 ",Hane Inc,Provincia de Entre Ríos,Ana Aguilera,30 días,Perfiles De Acero,Camion
Concordia,39,"$3.526,46 ",Hane Inc,Provincia de Entre Ríos,Antonia Lorente,30 días,Perfiles De Acero,Camion
Concordia,3,"$246,97 ",Hane Inc,Provincia de Entre Ríos,Antonia Martínez,30 días,Perfiles De Acero,Camion
Concordia,3,"$549,40 ",Hane Inc,Provincia de Entre Ríos,Antonio Calderón,30 días,Perfiles De Acero,Camion
Concordia,3,"$737,60 ",Hane Inc,Provincia de Entre Ríos,Carmen Diez,30 días,Perfiles De Acero,Camion
Concordia,3,"$199,62 ",Hane Inc,Provincia de Entre Ríos,Francisco Miñana,30 días,Perfiles De Acero,Camion
Concordia,3,"$1.622,96 ",Hane Inc,Provincia de Entre Ríos,José Sola,30 días,Perfiles De Acero,Camion
Concordia,3,"$4.334,87 ",Hane Inc,Provincia de Entre Ríos,Juan Andrés,30 días,Perfiles De Acero,Camion
Concordia,7,"$567,50 ",Hane Inc,Provincia de Entre Ríos,María Ángeles Martínez,30 días,Perfiles De Acero,Camion
Concordia,3,"$528,10 ",Hane Inc,Provincia de Entre Ríos,María Diego,30 días,Perfiles De Acero,Camion
Concordia,3,"$954,19 ",Hane Inc,Provincia de Entre Ríos,María Pilar Pérez,30 días,Perfiles De Acero,Camion
Concordia,25,"$1.851,26 ",Hane Inc,Provincia de Entre Ríos,Marta Amigo,30 días,Perfiles De Acero,Camion
Concordia,3,"$528,18 ",Hane Inc,Provincia de Entre Ríos,Raquel Pueyo,30 días,Perfiles De Acero,Camion
Concordia,21,"$128,25 ",Hane Inc,Provincia de Entre Ríos,Teresa Martínez,30 días,Perfiles De Acero,Camion
Concordia,21,"$28.439,87 ",Heaney-Wolf,Provincia de Entre Ríos,Alejandro Del Olmo,30 días,Perfiles De Acero,Camion
Concordia,21,"$159,23 ",Heaney-Wolf,Provincia de Entre Ríos,Carlos Arenas,30 días,Perfiles De Acero,Camion
Concordia,42,"$1.053,03 ",Heaney-Wolf,Provincia de Entre Ríos,Cristina Zamora,30 días,Perfiles De Acero,Camion
Concordia,21,"$1.607,74 ",Heaney-Wolf,Provincia de Entre Ríos,Jaume García,30 días,Perfiles De Acero,Camion
Concordia,21,"$1.172,85 ",Heaney-Wolf,Provincia de Entre Ríos,José Carretero,30 días,Perfiles De Acero,Camion
Concordia,8,"$5.215,48 ",Heaney-Wolf,Provincia de Entre Ríos,Manuel Muñoz,30 días,Perfiles De Acero,Camion
Concordia,20,"$2.145,16 ",Heaney-Wolf,Provincia de Entre Ríos,María Fernández,30 días,Perfiles De Acero,Camion
Concordia,21,"$33.416,43 ",Heaney-Wolf,Provincia de Entre Ríos,María Isabel Heredia,30 días,Perfiles De Acero,Camion
Concordia,12,"($1.924,88)",Heidenreich-Conn,Provincia de Entre Ríos,Carmen Diez,30 días,Perfiles De Acero,Camion
Concordia,3,"$7.318,41 ",Heidenreich-Conn,Provincia de Entre Ríos,María Pilar Pérez,30 días,Perfiles De Acero,Camion
Concordia,2,"$22.801,11 ",Homenick and Sons,Provincia de Entre Ríos,José María Pérez,30 días,Perfiles De Acero,Camion
Concordia,7,"$656,86 ",Simones e Hijos,Provincia de Entre Ríos,Ángeles Pérez,60 días,Perfiles De Acero,Camion
Concordia,124,"($19.756,06)",King-Little,Provincia de Entre Ríos,María Pilar Pérez,30 días,Perfiles De Acero,Camion
Concordia,19,"$806,45 ",Kreiger Group,Provincia de Entre Ríos,Ana Aguilera,30 días,Perfiles De Acero,Camion
Concordia,20,"$1.606,45 ",Kreiger Group,Provincia de Entre Ríos,Antonia Lorente,30 días,Perfiles De Acero,Camion
Concordia,21,"$258,06 ",Kreiger Group,Provincia de Entre Ríos,José Salcedo,30 días,Perfiles De Acero,Camion
Concordia,18,"$17.239,03 ",Kreiger Group,Provincia de Entre Ríos,Manuel Grande,30 días,Perfiles De Acero,Camion
Concordia,5,"$2.708,39 ",Posadas SRL,Provincia de Entre Ríos,Ana Aguilera,30 días,Perfiles De Acero,Camion
Concordia,11,"$25.831,81 ",Posadas SRL,Provincia de Entre Ríos,Ana María Serrano,30 días,Perfiles De Acero,Camion
Concordia,23,"$458,94 ",Posadas SRL,Provincia de Entre Ríos,Carmen Cortes,30 días,Perfiles De Acero,Camion
Concordia,5,"$117,68 ",Posadas SRL,Provincia de Entre Ríos,Joaquín Vega,30 días,Perfiles De Acero,Camion
Concordia,8,"$1.812,90 ","Lebsack, Padberg and Ortiz",Provincia de Entre Ríos,Adrián Souto,30 días,Perfiles De Acero,Camion
Concordia,2,"$13.796,90 ",Ledner SRL,Provincia de Entre Ríos,Cristina Rodríguez,30 días,Perfiles De Acero,Camion
Concordia,86,"$4.754,30 ",Nolan and Sons,Provincia de Entre Ríos,Carmen Cortes,30 días,Perfiles De Acero,Camion
Concordia,40,"$25.059,15 ","Reilly, Larkin and Hintz",Provincia de Entre Ríos,Alberto García,30 días,Perfiles De Acero,Camion
Concordia,91,"$3.548,70 ","Reilly, Larkin and Hintz",Provincia de Entre Ríos,Ana María Serrano,30 días,Perfiles De Acero,Camion
Concordia,3,"$483,87 ","Reilly, Larkin and Hintz",Provincia de Entre Ríos,Ángeles Pérez,30 días,Perfiles De Acero,Camion
Concordia,108,"$3.711,80 ","Reilly, Larkin and Hintz",Provincia de Entre Ríos,Antonia Lorente,30 días,Perfiles De Acero,Camion
Concordia,6,"$1.899,03 ","Reilly, Larkin and Hintz",Provincia de Entre Ríos,Carlos Arenas,30 días,Perfiles De Acero,Camion
Concordia,6,"$18.070,42 ","Reilly, Larkin and Hintz",Provincia de Entre Ríos,Carmen Diez,30 días,Perfiles De Acero,Camion
Concordia,3,"$1.192,84 ","Reilly, Larkin and Hintz",Provincia de Entre Ríos,Cristina Rodríguez,30 días,Perfiles De Acero,Camion
Concordia,17,"$324,24 ","Reilly, Larkin and Hintz",Provincia de Entre Ríos,Cristina Zamora,30 días,Perfiles De Acero,Camion
Concordia,91,"$3.548,70 ","Reilly, Larkin and Hintz",Provincia de Entre Ríos,Elena Fernández,30 días,Perfiles De Acero,Camion
Concordia,94,"$3.786,31 ","Reilly, Larkin and Hintz",Provincia de Entre Ríos,Francisco Miñana,30 días,Perfiles De Acero,Camion
Concordia,6,"$25.040,11 ","Reilly, Larkin and Hintz",Provincia de Entre Ríos,Jaume García,30 días,Perfiles De Acero,Camion
Concordia,79,"$2.190,88 ","Reilly, Larkin and Hintz",Provincia de Entre Ríos,Joaquín Vega,30 días,Perfiles De Acero,Camion
Concordia,20,"$863,87 ","Reilly, Larkin and Hintz",Provincia de Entre Ríos,José Antonio López,30 días,Perfiles De Acero,Camion
Concordia,3,"$1.127,55 ","Reilly, Larkin and Hintz",Provincia de Entre Ríos,José Sola,30 días,Perfiles De Acero,Camion
Concordia,94,"$13.315,53 ","Reilly, Larkin and Hintz",Provincia de Entre Ríos,Manuel Grande,30 días,Perfiles De Acero,Camion
Concordia,1,"$758,13 ","Reilly, Larkin and Hintz",Provincia de Entre Ríos,María Ángeles Ruiz,30 días,Perfiles De Acero,Camion
Concordia,5,($22.136),"Reilly, Larkin and Hintz",Provincia de Entre Ríos,María Cedeño,30 días,Perfiles De Acero,Camion
Concordia,2,"$562,26 ","Reilly, Larkin and Hintz",Provincia de Entre Ríos,María Diego,30 días,Perfiles De Acero,Camion
Concordia,3,"$19.766,65 ","Reilly, Larkin and Hintz",Provincia de Entre Ríos,Pablo López,30 días,Perfiles De Acero,Camion
Concordia,91,"$3.548,70 ","Reilly, Larkin and Hintz",Provincia de Entre Ríos,Sergio Jiménez,30 días,Perfiles De Acero,Camion
Concordia,20,"$909,92 ","Reilly, Larkin and Hintz",Provincia de Entre Ríos,Susana Escudero,30 días,Perfiles De Acero,Camion
Concordia,18,"$24.370,38 ",Torpan S.A.,Provincia de Entre Ríos,Antonia Lorente,30 días,Perfiles De Acero,Camion
Concordia,20,"$315,87 ",Torpan S.A.,Provincia de Entre Ríos,Begoña García,30 días,Perfiles De Acero,Camion
Concordia,21,"$29.296,02 ",Torpan S.A.,Provincia de Entre Ríos,Carlos Arenas,30 días,Perfiles De Acero,Camion
Concordia,21,"$185,16 ",Torpan S.A.,Provincia de Entre Ríos,Carmen Diez,30 días,Perfiles De Acero,Camion
Concordia,83,"$966,39 ",Torpan S.A.,Provincia de Entre Ríos,Cristina Rodríguez,30 días,Perfiles De Acero,Camion
Concordia,92,"$4.506,39 ",Torpan S.A.,Provincia de Entre Ríos,Cristina Zamora,30 días,Perfiles De Acero,Camion
Concordia,69,"$7.082,90 ",Torpan S.A.,Provincia de Entre Ríos,Elena Fernández,30 días,Perfiles De Acero,Camion
Concordia,28,"$1.471,35 ",Torpan S.A.,Provincia de Entre Ríos,Francisco Miñana,30 días,Perfiles De Acero,Camion
Concordia,103,"$28.759,69 ",Torpan S.A.,Provincia de Entre Ríos,Jaume García,30 días,Perfiles De Acero,Camion
Concordia,16,"$532,90 ",Torpan S.A.,Provincia de Entre Ríos,José Antonio López,30 días,Perfiles De Acero,Camion
Concordia,110,"$28.071,56 ",Torpan S.A.,Provincia de Entre Ríos,José Carretero,30 días,Perfiles De Acero,Camion
Concordia,110,"$29.166,15 ",Torpan S.A.,Provincia de Entre Ríos,José María Pérez,30 días,Perfiles De Acero,Camion
Concordia,69,"$7.082,90 ",Torpan S.A.,Provincia de Entre Ríos,José Sola,30 días,Perfiles De Acero,Camion
Concordia,69,"$7.082,90 ",Torpan S.A.,Provincia de Entre Ríos,Manuel Grande,30 días,Perfiles De Acero,Camion
Concordia,69,"$7.082,90 ",Torpan S.A.,Provincia de Entre Ríos,Manuel Muñoz,30 días,Perfiles De Acero,Camion
Concordia,92,"$4.506,39 ",Torpan S.A.,Provincia de Entre Ríos,María Ángeles Alves,30 días,Perfiles De Acero,Camion
Concordia,104,"$24.388,38 ",Torpan S.A.,Provincia de Entre Ríos,María Ángeles Martínez,30 días,Perfiles De Acero,Camion
Concordia,21,"$186,06 ",Torpan S.A.,Provincia de Entre Ríos,María Ángeles Ruiz,30 días,Perfiles De Acero,Camion
Concordia,69,"$7.082,90 ",Torpan S.A.,Provincia de Entre Ríos,María Cedeño,30 días,Perfiles De Acero,Camion
Concordia,105,"$40.663,13 ",Torpan S.A.,Provincia de Entre Ríos,María Dolores Sousa,30 días,Perfiles De Acero,Camion
Concordia,94,"$544,69 ",Torpan S.A.,Provincia de Entre Ríos,María Isabel León,30 días,Perfiles De Acero,Camion
Concordia,92,"$4.506,39 ",Torpan S.A.,Provincia de Entre Ríos,María Pilar Pérez,30 días,Perfiles De Acero,Camion
Concordia,84,"$25.557,85 ",Torpan S.A.,Provincia de Entre Ríos,Marta Amigo,30 días,Perfiles De Acero,Camion
Concordia,21,"$139,66 ",Torpan S.A.,Provincia de Entre Ríos,Marta López,30 días,Perfiles De Acero,Camion
Concordia,193,"$5.720,58 ",Torpan S.A.,Provincia de Entre Ríos,Pablo López,30 días,Perfiles De Acero,Camion
Concordia,83,"$966,39 ",Torpan S.A.,Provincia de Entre Ríos,Sara Pineda,30 días,Perfiles De Acero,Camion
Concordia,15,"$1.816,13 ",Torpan S.A.,Provincia de Entre Ríos,Teresa Martínez,30 días,Perfiles De Acero,Camion
Concordia,3,"$358,85 ","Schmitt, Schuppe and Hermiston",Provincia de Entre Ríos,Daniel Pino,30 días,Perfiles De Acero,Camion
Concordia,3,"$181,94 ",Sporer-Heaney,Provincia de Entre Ríos,Carmen Diez,30 días,Perfiles De Acero,Camion
Concordia,89,"$24.147,85 ",Tillman-Lind,Provincia de Entre Ríos,Ana Aguilera,45 días,Perfiles De Acero,Camion
Concordia,3,"$403,63 ",Tremblay SRL,Provincia de Entre Ríos,Alberto García,30 días,Alambre,Camion
Concordia,6,"$23.110,69 ",Tremblay SRL,Provincia de Entre Ríos,Alejandro Del Olmo,30 días,Alambre,Camion
Concordia,3,"$1.032,26 ",Tremblay SRL,Provincia de Entre Ríos,Ana Aguilera,30 días,Alambre,Camion
Concordia,6,"$2.923,87 ",Tremblay SRL,Provincia de Entre Ríos,Ana María Delgado,30 días,Alambre,Camion
Concordia,3,"$6.443,10 ",Tremblay SRL,Provincia de Entre Ríos,Ana María Serrano,30 días,Alambre,Camion
Concordia,3,"$2.286,69 ",Tremblay SRL,Provincia de Entre Ríos,Antonia Martínez,30 días,Alambre,Camion
Concordia,6,"$1.254,36 ",Tremblay SRL,Provincia de Entre Ríos,Antonio Calderón,30 días,Alambre,Camion
Concordia,6,"$1.012,22 ",Tremblay SRL,Provincia de Entre Ríos,Begoña García,30 días,Alambre,Camion
Concordia,6,"$307,52 ",Tremblay SRL,Provincia de Entre Ríos,Carlos Arenas,30 días,Alambre,Camion
Concordia,6,"$5.107,10 ",Tremblay SRL,Provincia de Entre Ríos,Carmen Cortes,30 días,Alambre,Camion
Concordia,3,"$129,03 ",Tremblay SRL,Provincia de Entre Ríos,Carmen Diez,30 días,Alambre,Camion
Concordia,3,"$85,57 ",Tremblay SRL,Provincia de Entre Ríos,Carmen Sánchez,30 días,Alambre,Camion
Concordia,3,"$4.215,64 ",Tremblay SRL,Provincia de Entre Ríos,Cristina Rodríguez,30 días,Alambre,Camion
Concordia,6,"$505,52 ",Tremblay SRL,Provincia de Entre Ríos,Daniel Pino,30 días,Alambre,Camion
Concordia,3,"$180,91 ",Tremblay SRL,Provincia de Entre Ríos,Elena Fernández,30 días,Alambre,Camion
Concordia,6,"$8.341,14 ",Tremblay SRL,Provincia de Entre Ríos,Francisco Miñana,30 días,Alambre,Camion
Concordia,3,"$131,61 ",Tremblay SRL,Provincia de Entre Ríos,Joaquín Vega,30 días,Alambre,Camion
Concordia,3,"$134,57 ",Tremblay SRL,Provincia de Entre Ríos,José Carretero,30 días,Alambre,Camion
Concordia,3,"$24.143,17 ",Tremblay SRL,Provincia de Entre Ríos,José María Pérez,30 días,Alambre,Camion
Concordia,3,"$22.202,59 ",Tremblay SRL,Provincia de Entre Ríos,José María Pérez,30 días,Perfiles De Acero,Camion
Concordia,6,"$4.072,77 ",Tremblay SRL,Provincia de Entre Ríos,José Salcedo,30 días,Alambre,Camion
Concordia,3,"$102,90 ",Tremblay SRL,Provincia de Entre Ríos,José Sola,30 días,Alambre,Camion
Concordia,6,"$2.928,06 ",Tremblay SRL,Provincia de Entre Ríos,Juan Andrés,30 días,Alambre,Camion
Concordia,6,"$328,68 ",Tremblay SRL,Provincia de Entre Ríos,Manuel Muñoz,30 días,Alambre,Camion
Concordia,3,"$254,84 ",Tremblay SRL,Provincia de Entre Ríos,Manuel Muñoz,30 días,Perfiles De Acero,Camion
Concordia,9,"$1.063,87 ",Tremblay SRL,Provincia de Entre Ríos,María Ángeles Alves,30 días,Alambre,Camion
Concordia,9,"$77.017,95 ",Tremblay SRL,Provincia de Entre Ríos,María Ángeles Martínez,30 días,Alambre,Camion
Concordia,3,"$1.661,94 ",Tremblay SRL,Provincia de Entre Ríos,María Ángeles Ruiz,30 días,Alambre,Camion
Concordia,6,"$1.353,55 ",Tremblay SRL,Provincia de Entre Ríos,María Carmen Serrano,30 días,Alambre,Camion
Concordia,3,"$108,80 ",Tremblay SRL,Provincia de Entre Ríos,María Cedeño,30 días,Alambre,Camion
Concordia,6,"$32.538,85 ",Tremblay SRL,Provincia de Entre Ríos,María Diego,30 días,Alambre,Camion
Concordia,3,"$109,68 ",Tremblay SRL,Provincia de Entre Ríos,María Dolores Sousa,30 días,Alambre,Camion
Concordia,3,"$185,57 ",Tremblay SRL,Provincia de Entre Ríos,María Fernández,30 días,Alambre,Camion
Concordia,12,"$7.630,25 ",Tremblay SRL,Provincia de Entre Ríos,María Jesús Peñalver,30 días,Alambre,Camion
Concordia,3,"$123,08 ",Tremblay SRL,Provincia de Entre Ríos,Pablo López,30 días,Alambre,Camion
Concordia,4,"$85,92 ",Tremblay SRL,Provincia de Entre Ríos,Pablo López,30 días,Perfiles De Acero,Camion
Concordia,9,"$437,56 ",Tremblay SRL,Provincia de Entre Ríos,Raquel Pueyo,30 días,Alambre,Camion
Concordia,3,"$176,77 ",Tremblay SRL,Provincia de Entre Ríos,Sara Pineda,30 días,Alambre,Camion
Concordia,3,"$109,42 ",Tremblay SRL,Provincia de Entre Ríos,Sergio Jiménez,30 días,Perfiles De Acero,Camion
Concordia,3,"$88.012,33 ",Tremblay SRL,Provincia de Entre Ríos,Susana Escudero,30 días,Alambre,Camion
Concordia,3,"$85,57 ",Tremblay SRL,Provincia de Entre Ríos,Teresa Martínez,30 días,Alambre,Camion
Concordia,9,"$65.468,86 ",West LLC,Provincia de Entre Ríos,Jaume García,30 días,Perfiles De Acero,Camion
Concordia,144,"$29.303,47 ",Wilderman Group,Provincia de Entre Ríos,Antonia Martínez,30 días,Perfiles De Acero,Camion
Concordia,144,"$80,65 ",Wilderman Group,Provincia de Entre Ríos,Cristina Rodríguez,30 días,Perfiles De Acero,Camion
Concordia,144,"$478,90 ",Wilderman Group,Provincia de Entre Ríos,Elena Fernández,30 días,Perfiles De Acero,Camion
Concordia,144,"$184.724,02 ",Wilderman Group,Provincia de Entre Ríos,Jaume García,30 días,Perfiles De Acero,Camion
Concordia,149,"$19.549,74 ",Wilderman Group,Provincia de Entre Ríos,María Isabel León,30 días,Perfiles De Acero,Camion
Concordia,144,"$155,99 ",Wilderman Group,Provincia de Entre Ríos,Susana Escudero,30 días,Perfiles De Acero,Camion
Córdoba,3,"($527,74)","Cassin, Gislason and Hoppe",Provincia de Córdoba,Manuel Muñoz,30 días,Tornillos,Tren
Córdoba,3,"$23.096,32 ","Doyle, Koepp and Mills",Provincia de Córdoba,Ana María Serrano,30 días,Tornillos,Tren
Córdoba,3,"$45.769,19 ",Fay PLC,Provincia de Córdoba,Carmen Cortes,30 días,Tornillos,Tren
Córdoba,3,"$200,22 ",Huel e Hijos,Provincia de Córdoba,Joaquín Vega,30 días,Tornillos,Tren
Córdoba,3,"$387,10 ",Huel e Hijos,Provincia de Córdoba,Sergio Jiménez,30 días,Tornillos,Tren
Córdoba,18,"$5.970,80 ",Jacobs Group,Provincia de Córdoba,Adrián Souto,30 días,Perfiles De Acero,Camion
Córdoba,7,"$21.463,70 ",Jacobs Group,Provincia de Córdoba,Ana María Delgado,30 días,Perfiles De Acero,Camion
Córdoba,10,"$340,17 ",Jacobs Group,Provincia de Córdoba,Carmen Sánchez,30 días,Perfiles De Acero,Camion
Córdoba,93,"$16.221,33 ",Jacobs Group,Provincia de Córdoba,Manuel Grande,30 días,Perfiles De Acero,Camion
Córdoba,1,"$2.724,26 ",Jacobs Group,Provincia de Córdoba,Susana Escudero,30 días,Perfiles De Acero,Camion
Córdoba,3,"$1.306,45 ","Lehner, Fadel and Kerluke",Provincia de Córdoba,Ángeles Pérez,60 días,Tornillos,Tren
Córdoba,3,"($158.138,59)","Lehner, Fadel and Kerluke",Provincia de Córdoba,Joaquín Vega,30 días,Tornillos,Tren
Córdoba,3,"$743,23 ","Lehner, Fadel and Kerluke",Provincia de Córdoba,José Carretero,30 días,Tornillos,Tren
Córdoba,3,"($34.746,77)","Lehner, Fadel and Kerluke",Provincia de Córdoba,María Dolores Sousa,30 días,Tornillos,Tren
Córdoba,3,"($358,71)","Lehner, Fadel and Kerluke",Provincia de Córdoba,María Jesús Peñalver,30 días,Tornillos,Tren
Córdoba,3,"($702.406,79)","Lehner, Schroeder and Heidenreich",Provincia de Córdoba,María Isabel León,30 días,Tornillos,Tren
Córdoba,3,"($3.483,87)",Luettgen-Reinger,Provincia de Córdoba,María Fernández,30 días,Tornillos,Tren
Córdoba,3,"$455,68 ","Price, Walker and Leffler",Provincia de Córdoba,Manuel Grande,60 días,Tornillos,Tren
Córdoba,3,"$188.614,37 ",Torpan S.A.,Provincia de Córdoba,Alberto García,30 días,Tornillos,Tren
Córdoba,3,"$2.032,26 ",Torpan S.A.,Provincia de Córdoba,Ángeles Pérez,30 días,Tornillos,Tren
Córdoba,3,"$870,97 ",Torpan S.A.,Provincia de Córdoba,Begoña García,30 días,Tornillos,Tren
Córdoba,3,"$838,01 ",Torpan S.A.,Provincia de Córdoba,Joaquín Vega,30 días,Tornillos,Tren
Córdoba,3,"$333,29 ",Schuppe Inc,Provincia de Córdoba,Carlos Arenas,30 días,Tornillos,Tren
Córdoba,10,"$28.142,39 ",Torphy Inc,Provincia de Córdoba,Alejandro Del Olmo,45 días,Tuercas,Camion
Córdoba,17,"$5.002,34 ",Torphy Inc,Provincia de Córdoba,Begoña García,30 días,Tuercas,Camion
Córdoba,4,"$2.589,94 ",Torphy Inc,Provincia de Córdoba,Cristina Rodríguez,30 días,Tuercas,Camion
Córdoba,4,"$22.394,55 ",Torphy Inc,Provincia de Córdoba,Francisco Miñana,30 días,Tuercas,Camion
Córdoba,17,"$25.937,07 ",Torphy Inc,Provincia de Córdoba,Raquel Pueyo,30 días,Tuercas,Camion
Córdoba,8,"$28.216,25 ",Torphy Inc,Provincia de Córdoba,Sara Pineda,30 días,Tuercas,Camion
Córdoba,337,"$133,28 ",Wiegand and Sons,Provincia de Córdoba,Carlos Arenas,30 días,Tuercas,Barco
Córdoba,174,"$184,14 ",Wiegand and Sons,Provincia de Córdoba,José María Pérez,30 días,Tuercas,Barco
Florencio Varela,3,"$12.600,64 ",Bernhard Inc,Provincia de Buenos Aires,Adrián Souto,30 días,Perfiles De Acero,Camion
Florencio Varela,3,"$364,53 ",Bernhard Inc,Provincia de Buenos Aires,Alberto García,30 días,Perfiles De Acero,Camion
Florencio Varela,119,"$1.270,97 ",Bernhard Inc,Provincia de Buenos Aires,Ana Aguilera,30 días,Perfiles De Acero,Camion
Florencio Varela,104,"$14.178,97 ",Bernhard Inc,Provincia de Buenos Aires,Antonio Calderón,30 días,Perfiles De Acero,Camion
Florencio Varela,3,"$20.014,28 ",Bernhard Inc,Provincia de Buenos Aires,Carmen Sánchez,30 días,Perfiles De Acero,Camion
Florencio Varela,3,"$16.092,58 ",Bernhard Inc,Provincia de Buenos Aires,Cristina Zamora,30 días,Perfiles De Acero,Camion
Florencio Varela,112,"$903,23 ",Bernhard Inc,Provincia de Buenos Aires,Elena Fernández,30 días,Perfiles De Acero,Camion
Florencio Varela,3,"$176.920,01 ",Bernhard Inc,Provincia de Buenos Aires,José Carretero,30 días,Perfiles De Acero,Camion
Florencio Varela,9,"$191.264,37 ",Bernhard Inc,Provincia de Buenos Aires,José María Pérez,30 días,Perfiles De Acero,Camion
Florencio Varela,3,"$155.874,43 ",Bernhard Inc,Provincia de Buenos Aires,José Sola,30 días,Perfiles De Acero,Camion
Florencio Varela,127,"$25.166,14 ",Bernhard Inc,Provincia de Buenos Aires,Manuel Grande,30 días,Perfiles De Acero,Camion
Florencio Varela,6,$5.800 ,Bernhard Inc,Provincia de Buenos Aires,Manuel Muñoz,30 días,Perfiles De Acero,Camion
Florencio Varela,3,"$624,31 ",Bernhard Inc,Provincia de Buenos Aires,María Ángeles Alves,30 días,Perfiles De Acero,Camion
Florencio Varela,3,"$49.587,10 ",Bernhard Inc,Provincia de Buenos Aires,María Cedeño,30 días,Perfiles De Acero,Camion
Florencio Varela,3,"$19.767,17 ",Bernhard Inc,Provincia de Buenos Aires,María Isabel Heredia,30 días,Perfiles De Acero,Camion
Florencio Varela,3,"$8.952,43 ",Bernhard Inc,Provincia de Buenos Aires,Marta Amigo,30 días,Perfiles De Acero,Camion
Florencio Varela,3,"$21.497,39 ",Bernhard Inc,Provincia de Buenos Aires,Sara Pineda,30 días,Perfiles De Acero,Camion
Florencio Varela,73,"$1.117,38 ",Bins LLC,Provincia de Buenos Aires,María Diego,30 días,Perfiles De Acero,Camion
Florencio Varela,809,"$21.618,45 ","Fadel, Kling and Dare",Provincia de Buenos Aires,María Cedeño,30 días,Perfiles De Acero,Camion
Florencio Varela,3,"$191,68 ",Harber SRL,Provincia de Buenos Aires,María Dolores Sousa,30 días,Perfiles De Acero,Camion
Florencio Varela,28,"$136,13 ",Heaney-Wolf,Provincia de Buenos Aires,Carlos Arenas,30 días,Perfiles De Acero,Camion
Florencio Varela,10,"$30.608,15 ",Simones e Hijos,Provincia de Buenos Aires,Alberto García,60 días,Perfiles De Acero,Camion
Florencio Varela,106,"$687,33 ",Simones e Hijos,Provincia de Buenos Aires,Ana Aguilera,60 días,Perfiles De Acero,Camion
Florencio Varela,76,"$119,35 ",Simones e Hijos,Provincia de Buenos Aires,Ángeles Pérez,60 días,Perfiles De Acero,Camion
Florencio Varela,99,"$4.872,42 ",Simones e Hijos,Provincia de Buenos Aires,Antonia Martínez,60 días,Perfiles De Acero,Camion
Florencio Varela,68,"$358,71 ",Simones e Hijos,Provincia de Buenos Aires,Carmen Sánchez,60 días,Perfiles De Acero,Camion
Florencio Varela,4,"$677,42 ",Simones e Hijos,Provincia de Buenos Aires,Cristina Rodríguez,60 días,Perfiles De Acero,Camion
Florencio Varela,144,"$46.820,58 ",Simones e Hijos,Provincia de Buenos Aires,Cristina Zamora,60 días,Perfiles De Acero,Camion
Florencio Varela,3,"$17.551,35 ",Simones e Hijos,Provincia de Buenos Aires,Daniel Pino,60 días,Perfiles De Acero,Camion
Florencio Varela,32,"$144,76 ",Simones e Hijos,Provincia de Buenos Aires,José Salcedo,60 días,Perfiles De Acero,Camion
Florencio Varela,45,"$21.539,68 ",Simones e Hijos,Provincia de Buenos Aires,Manuel Grande,60 días,Perfiles De Acero,Camion
Florencio Varela,20,"$25.798,80 ",Simones e Hijos,Provincia de Buenos Aires,María Ángeles Ruiz,60 días,Perfiles De Acero,Camion
Florencio Varela,4,"$229,01 ",Simones e Hijos,Provincia de Buenos Aires,María Cedeño,60 días,Perfiles De Acero,Camion
Florencio Varela,3,"$17.505,05 ",Simones e Hijos,Provincia de Buenos Aires,María Jesús Peñalver,60 días,Perfiles De Acero,Camion
Florencio Varela,140,"$15.303,65 ",Simones e Hijos,Provincia de Buenos Aires,María Pilar Pérez,60 días,Perfiles De Acero,Camion
Florencio Varela,34,"$246,97 ",Simones e Hijos,Provincia de Buenos Aires,Marta López,60 días,Perfiles De Acero,Camion
Florencio Varela,112,"$291,50 ","Reilly, Larkin and Hintz",Provincia de Buenos Aires,Adrián Souto,30 días,Perfiles De Acero,Camion
Florencio Varela,22,"$485,34 ","Reilly, Larkin and Hintz",Provincia de Buenos Aires,Ana María Delgado,30 días,Perfiles De Acero,Camion
Florencio Varela,156,"$207,11 ","Reilly, Larkin and Hintz",Provincia de Buenos Aires,Cristina Rodríguez,30 días,Perfiles De Acero,Camion
Florencio Varela,89,"$794,21 ","Schuster, Kozey and Wisoky",Provincia de Buenos Aires,José Antonio López,30 días,Perfiles De Acero,Camion
Florencio Varela,222,"$642,77 ",Sporer-Heaney,Provincia de Buenos Aires,Ana Aguilera,30 días,Perfiles De Acero,Camion
Florencio Varela,8,"$4.997,42 ",Sporer-Heaney,Provincia de Buenos Aires,Carmen Sánchez,30 días,Perfiles De Acero,Camion
Godoy Cruz,60,"$29.410,99 ","Auer, Sawayn and Schulist",Provincia de Mendoza,Ana María Serrano,30 días,Perfiles De Acero,Camion
Godoy Cruz,69,"$1.870,97 ","Auer, Sawayn and Schulist",Provincia de Mendoza,Marta López,30 días,Perfiles De Acero,Camion
Godoy Cruz,32,"$112.173,99 ",Bins LLC,Provincia de Mendoza,Joaquín Vega,30 días,Perfiles De Acero,Camion
Godoy Cruz,20,"$185,46 ",Bins LLC,Provincia de Mendoza,José María Pérez,30 días,Perfiles De Acero,Camion
Godoy Cruz,16,"$531,61 ",Harber SRL,Provincia de Mendoza,Marta Amigo,30 días,Perfiles De Acero,Camion
González Catán,1,"$12.667,70 ",Sporer-Heaney,Provincia de Buenos Aires,Antonia Lorente,30 días,Perfiles De Acero,Camion
González Catán,68,"$22.491,35 ",Sporer-Heaney,Provincia de Buenos Aires,José María Pérez,30 días,Perfiles De Acero,Camion
González Catán,2,"$2.781,43 ",Sporer-Heaney,Provincia de Buenos Aires,María Pilar Pérez,30 días,Perfiles De Acero,Camion
Gregorio de Laferrere,123,"$1.225,08 ",Rosebund,Provincia de Buenos Aires,Carmen Diez,30 días,Perfiles De Acero,Camion
Gregorio de Laferrere,1312,"$515,81 ",Rosebund,Provincia de Buenos Aires,Elena Fernández,30 días,Perfiles De Acero,Camion
Gregorio de Laferrere,292,"$132,26 ",Rosebund,Provincia de Buenos Aires,Joaquín Vega,30 días,Perfiles De Acero,Camion
Gregorio de Laferrere,340,"$1.629,68 ",Huel e Hijos,Provincia de Buenos Aires,Joaquín Vega,30 días,Perfiles De Acero,Camion
Guaymallén,20,"$140,43 ",Rosebund,Provincia de Mendoza,Alejandro Del Olmo,30 días,Perfiles De Acero,Camion
Guaymallén,20,"$1.207,74 ",Rosebund,Provincia de Mendoza,Ana María Delgado,30 días,Perfiles De Acero,Camion
Guaymallén,20,"$956,15 ",Rosebund,Provincia de Mendoza,Ángeles Pérez,30 días,Perfiles De Acero,Camion
Guaymallén,20,"$26.328,28 ",Rosebund,Provincia de Mendoza,Antonia Martínez,30 días,Perfiles De Acero,Camion
Guaymallén,20,"$104,35 ",Rosebund,Provincia de Mendoza,Antonio Calderón,30 días,Perfiles De Acero,Camion
Guaymallén,20,"$405,81 ",Rosebund,Provincia de Mendoza,Carmen Sánchez,30 días,Perfiles De Acero,Camion
Guaymallén,20,"$1.552,72 ",Rosebund,Provincia de Mendoza,Elena Fernández,30 días,Perfiles De Acero,Camion
Guaymallén,90,"$406,98 ",Rosebund,Provincia de Mendoza,Jaume García,30 días,Perfiles De Acero,Camion
Guaymallén,41,"$19.828,85 ",Rosebund,Provincia de Mendoza,Juan Andrés,30 días,Perfiles De Acero,Camion
Guaymallén,20,"$111,59 ",Rosebund,Provincia de Mendoza,María Ángeles Ruiz,30 días,Perfiles De Acero,Camion
Guaymallén,20,"$18.447,29 ",Rosebund,Provincia de Mendoza,María Diego,30 días,Perfiles De Acero,Camion
Guaymallén,20,"$28.588,99 ",Rosebund,Provincia de Mendoza,María Fernández,30 días,Perfiles De Acero,Camion
Guaymallén,20,"$830,97 ",Rosebund,Provincia de Mendoza,Raquel Pueyo,30 días,Perfiles De Acero,Camion
Guaymallén,21,"$3.741,94 ",Rosebund,Provincia de Mendoza,Sergio Jiménez,30 días,Perfiles De Acero,Camion
Guaymallén,20,"$82.467,01 ",Rosebund,Provincia de Mendoza,Teresa Martínez,30 días,Perfiles De Acero,Camion
Guaymallén,13,"$1.171,50 ",Bins LLC,Provincia de Mendoza,José María Pérez,30 días,Perfiles De Acero,Camion
Guaymallén,19,"$224,53 ",Bins LLC,Provincia de Mendoza,María Fernández,30 días,Perfiles De Acero,Camion
Guaymallén,1,"$26.561,50 ",Bins LLC,Provincia de Mendoza,Sergio Jiménez,30 días,Perfiles De Acero,Camion
Guaymallén,20,"$102,14 ",Blanda Ltd,Provincia de Mendoza,Cristina Rodríguez,30 días,Perfiles De Acero,Camion
Guaymallén,20,"$771,61 ",Blanda Ltd,Provincia de Mendoza,Francisco Miñana,30 días,Perfiles De Acero,Camion
Guaymallén,41,"$1.253,88 ",Blanda Ltd,Provincia de Mendoza,Joaquín Vega,30 días,Perfiles De Acero,Camion
Guaymallén,11,"$741,94 ",Blanda Ltd,Provincia de Mendoza,María Pilar Pérez,30 días,Perfiles De Acero,Camion
Guaymallén,331,"$341,94 ",Fisher-Ortiz,Provincia de Mendoza,María Isabel Heredia,45 días,Perfiles De Acero,Tren
Guaymallén,20,"$1.191,70 ",Greenholt-Roob,Provincia de Mendoza,José María Pérez,30 días,Perfiles De Acero,Camion
Guaymallén,18,"$138,17 ",Hane Inc,Provincia de Mendoza,Ana Aguilera,30 días,Perfiles De Acero,Camion
Guaymallén,20,"$185,16 ",Hane Inc,Provincia de Mendoza,Francisco Miñana,30 días,Perfiles De Acero,Camion
Guaymallén,20,"$133,28 ",Hane Inc,Provincia de Mendoza,José Antonio López,30 días,Perfiles De Acero,Camion
Guaymallén,20,"$125,81 ",Heaney-Wolf,Provincia de Mendoza,Adrián Souto,30 días,Perfiles De Acero,Camion
Guaymallén,9,"$1.238,71 ",Heaney-Wolf,Provincia de Mendoza,Cristina Zamora,30 días,Perfiles De Acero,Camion
Guaymallén,21,"$2.311,83 ",Heidenreich-Conn,Provincia de Mendoza,Alejandro Del Olmo,30 días,Perfiles De Acero,Camion
Guaymallén,20,"$771,61 ",Heidenreich-Conn,Provincia de Mendoza,Cristina Zamora,30 días,Perfiles De Acero,Camion
Guaymallén,20,"$134,89 ",Heidenreich-Conn,Provincia de Mendoza,Elena Fernández,30 días,Perfiles De Acero,Camion
Guaymallén,18,"$516,13 ",Heidenreich-Conn,Provincia de Mendoza,Juan Andrés,30 días,Perfiles De Acero,Camion
Guaymallén,20,"$2.970,12 ",Heidenreich-Conn,Provincia de Mendoza,Manuel Grande,30 días,Perfiles De Acero,Camion
Guaymallén,16,"$2.678,03 ",Huel e Hijos,Provincia de Mendoza,Alberto García,30 días,Perfiles De Acero,Tren
Guaymallén,21,"$611,13 ",Huel e Hijos,Provincia de Mendoza,Antonia Martínez,30 días,Perfiles De Acero,Tren
Guaymallén,28,"$17.854,99 ",Huel e Hijos,Provincia de Mendoza,Elena Fernández,30 días,Perfiles De Acero,Tren
Guaymallén,19,"$716,53 ",Huel e Hijos,Provincia de Mendoza,Jaume García,30 días,Perfiles De Acero,Tren
Guaymallén,83,"$987,74 ",Huel e Hijos,Provincia de Mendoza,José Antonio López,30 días,Perfiles De Acero,Tren
Guaymallén,19,"$18.059,42 ",Huel e Hijos,Provincia de Mendoza,José Carretero,30 días,Perfiles De Acero,Tren
Guaymallén,19,"$118,75 ",Huel e Hijos,Provincia de Mendoza,José Sola,30 días,Perfiles De Acero,Tren
Guaymallén,19,"$26.326,10 ",Huel e Hijos,Provincia de Mendoza,María Carmen Serrano,30 días,Perfiles De Acero,Tren
Guaymallén,19,"$22.607,43 ",Huel e Hijos,Provincia de Mendoza,María Cedeño,30 días,Perfiles De Acero,Tren
Guaymallén,21,"$163,13 ",Kreiger Group,Provincia de Mendoza,Antonio Calderón,30 días,Perfiles De Acero,Camion
Guaymallén,59,"$42.420,63 ",Kreiger Group,Provincia de Mendoza,Carlos Arenas,30 días,Perfiles De Acero,Camion
Guaymallén,20,"$172,75 ",Kreiger Group,Provincia de Mendoza,Francisco Miñana,30 días,Perfiles De Acero,Camion
Guaymallén,21,"$2.447,90 ",Kreiger Group,Provincia de Mendoza,María Ángeles Alves,30 días,Perfiles De Acero,Camion
Guaymallén,21,"$80,65 ",Kreiger Group,Provincia de Mendoza,María Isabel Heredia,30 días,Perfiles De Acero,Camion
Guaymallén,71,"$10.466,92 ","Reilly, Larkin and Hintz",Provincia de Mendoza,Antonia Martínez,30 días,Perfiles De Acero,Camion
Guaymallén,16,"$2.683,83 ","Reilly, Larkin and Hintz",Provincia de Mendoza,Cristina Zamora,30 días,Perfiles De Acero,Camion
Guaymallén,71,"$10.466,92 ","Reilly, Larkin and Hintz",Provincia de Mendoza,José Carretero,30 días,Perfiles De Acero,Camion
Guaymallén,125,"$3.882,69 ","Reilly, Larkin and Hintz",Provincia de Mendoza,María Cedeño,30 días,Perfiles De Acero,Camion
Guaymallén,91,"$10.579,82 ","Reilly, Larkin and Hintz",Provincia de Mendoza,Marta Amigo,30 días,Perfiles De Acero,Camion
Guaymallén,71,"$10.466,92 ","Reilly, Larkin and Hintz",Provincia de Mendoza,Pablo López,30 días,Perfiles De Acero,Camion
Guaymallén,12,"$9.761,03 ","Reilly, Larkin and Hintz",Provincia de Mendoza,Raquel Pueyo,30 días,Perfiles De Acero,Camion
Guaymallén,71,"$10.466,92 ","Reilly, Larkin and Hintz",Provincia de Mendoza,Sara Pineda,30 días,Perfiles De Acero,Camion
Guaymallén,71,"$10.466,92 ","Reilly, Larkin and Hintz",Provincia de Mendoza,Sergio Jiménez,30 días,Perfiles De Acero,Camion
Guaymallén,20,"$2.117,43 ",Torpan S.A.,Provincia de Mendoza,Adrián Souto,30 días,Perfiles De Acero,Camion
Guaymallén,21,"$26.837,45 ",Torpan S.A.,Provincia de Mendoza,Ana María Delgado,30 días,Perfiles De Acero,Camion
Guaymallén,21,"$358,71 ",Torpan S.A.,Provincia de Mendoza,Antonia Martínez,30 días,Perfiles De Acero,Camion
Guaymallén,21,"$527,74 ",Torpan S.A.,Provincia de Mendoza,Antonio Calderón,30 días,Perfiles De Acero,Camion
Guaymallén,21,"$101,36 ",Torpan S.A.,Provincia de Mendoza,Carmen Cortes,30 días,Perfiles De Acero,Camion
Guaymallén,21,"$2.467,74 ",Torpan S.A.,Provincia de Mendoza,Jaume García,30 días,Perfiles De Acero,Camion
Guaymallén,21,"$346,58 ",Torpan S.A.,Provincia de Mendoza,José Carretero,30 días,Perfiles De Acero,Camion
Guaymallén,21,"$110,16 ",Torpan S.A.,Provincia de Mendoza,José Sola,30 días,Perfiles De Acero,Camion
Guaymallén,21,"$18.716,03 ",Torpan S.A.,Provincia de Mendoza,María Fernández,30 días,Perfiles De Acero,Camion
Guaymallén,94,"$429,63 ",Torpan S.A.,Provincia de Mendoza,María Isabel León,30 días,Perfiles De Acero,Camion
Guaymallén,21,"$24.008,36 ",Torpan S.A.,Provincia de Mendoza,Marta Amigo,30 días,Perfiles De Acero,Camion
Guaymallén,20,"$1.795,59 ",Torpan S.A.,Provincia de Mendoza,Sara Pineda,30 días,Perfiles De Acero,Camion
Guaymallén,21,"$1.258,06 ",Torpan S.A.,Provincia de Mendoza,Sergio Jiménez,30 días,Perfiles De Acero,Camion
Guaymallén,16,"$6.950,97 ",Wisozk LLC,Provincia de Mendoza,Ángeles Pérez,30 días,Perfiles De Acero,Camion
Isidro Casanova,3,"$100.418,26 ","Hartmann, Hilll and Nolan",Provincia de Buenos Aires,Alberto García,30 días,Perfiles De Acero,Camion
Isidro Casanova,3,"$118,06 ","Hartmann, Hilll and Nolan",Provincia de Buenos Aires,Alejandro Del Olmo,30 días,Perfiles De Acero,Camion
Isidro Casanova,3,"$138,26 ","Hartmann, Hilll and Nolan",Provincia de Buenos Aires,Ana María Delgado,30 días,Perfiles De Acero,Camion
Isidro Casanova,3,"$4.285,86 ","Hartmann, Hilll and Nolan",Provincia de Buenos Aires,Ángeles Pérez,30 días,Perfiles De Acero,Camion
Isidro Casanova,3,"$100.362,70 ","Hartmann, Hilll and Nolan",Provincia de Buenos Aires,Antonia Lorente,30 días,Perfiles De Acero,Camion
Isidro Casanova,3,"$883,87 ","Hartmann, Hilll and Nolan",Provincia de Buenos Aires,Begoña García,30 días,Perfiles De Acero,Camion
Isidro Casanova,6,"$1.922,89 ","Hartmann, Hilll and Nolan",Provincia de Buenos Aires,Carmen Cortes,30 días,Perfiles De Acero,Camion
Isidro Casanova,3,"$158,06 ","Hartmann, Hilll and Nolan",Provincia de Buenos Aires,Carmen Diez,30 días,Perfiles De Acero,Camion
Isidro Casanova,6,"$1.223,23 ","Hartmann, Hilll and Nolan",Provincia de Buenos Aires,Francisco Miñana,30 días,Perfiles De Acero,Camion
Isidro Casanova,3,"$667,74 ","Hartmann, Hilll and Nolan",Provincia de Buenos Aires,Jaume García,30 días,Perfiles De Acero,Camion
Isidro Casanova,1,"$667,74 ","Hartmann, Hilll and Nolan",Provincia de Buenos Aires,José Antonio López,30 días,Perfiles De Acero,Camion
Isidro Casanova,11,"$1.089,44 ","Hartmann, Hilll and Nolan",Provincia de Buenos Aires,José Sola,30 días,Perfiles De Acero,Camion
Isidro Casanova,2,"$31.877,31 ","Hartmann, Hilll and Nolan",Provincia de Buenos Aires,Juan Andrés,30 días,Perfiles De Acero,Camion
Isidro Casanova,2,"$5.434,77 ","Hartmann, Hilll and Nolan",Provincia de Buenos Aires,María Ángeles Alves,30 días,Perfiles De Acero,Camion
Isidro Casanova,3,"$25.439,31 ","Hartmann, Hilll and Nolan",Provincia de Buenos Aires,María Ángeles Martínez,30 días,Perfiles De Acero,Camion
Isidro Casanova,3,"$9.775,25 ","Hartmann, Hilll and Nolan",Provincia de Buenos Aires,María Cedeño,30 días,Perfiles De Acero,Camion
Isidro Casanova,3,"$1.127,79 ","Hartmann, Hilll and Nolan",Provincia de Buenos Aires,María Pilar Pérez,30 días,Perfiles De Acero,Camion
Isidro Casanova,1,"$111,13 ",Konopelski Group,Provincia de Buenos Aires,José Carretero,30 días,Perfiles De Acero,Camion
Isidro Casanova,3,"$1.283,87 ",Konopelski Group,Provincia de Buenos Aires,María Diego,30 días,Perfiles De Acero,Camion
Isidro Casanova,3,"$309,68 ","Muller, Reichert and Schmitt",Provincia de Buenos Aires,Carmen Diez,30 días,Perfiles De Acero,Camion
Isidro Casanova,6,"$3.096,77 ","Schmitt, Hermiston and Johnson",Provincia de Buenos Aires,Manuel Muñoz,30 días,Perfiles De Acero,Camion
Ituzaingó,93,"$877,42 ",Treutel SRL,Provincia de Buenos Aires,Adrián Souto,30 días,Perfiles De Acero,Camion
Ituzaingó,47,"$20.233,59 ",Treutel SRL,Provincia de Buenos Aires,Antonia Lorente,30 días,Perfiles De Acero,Camion
Ituzaingó,2,"$988,39 ",Treutel SRL,Provincia de Buenos Aires,Antonio Calderón,30 días,Perfiles De Acero,Camion
Ituzaingó,3,"$112,21 ",Treutel SRL,Provincia de Buenos Aires,Begoña García,30 días,Perfiles De Acero,Camion
Ituzaingó,2,"$109,29 ",Treutel SRL,Provincia de Buenos Aires,Carlos Arenas,30 días,Perfiles De Acero,Camion
Ituzaingó,87,"$1.033,32 ",Treutel SRL,Provincia de Buenos Aires,Carmen Sánchez,30 días,Perfiles De Acero,Camion
Ituzaingó,4,"$356,82 ",Treutel SRL,Provincia de Buenos Aires,Cristina Rodríguez,30 días,Perfiles De Acero,Camion
Ituzaingó,9,"$1.562,43 ",Treutel SRL,Provincia de Buenos Aires,Francisco Miñana,30 días,Perfiles De Acero,Camion
Ituzaingó,2,"$5.035,85 ",Treutel SRL,Provincia de Buenos Aires,Jaume García,30 días,Perfiles De Acero,Camion
Ituzaingó,3,$2.320 ,Treutel SRL,Provincia de Buenos Aires,José Antonio López,30 días,Perfiles De Acero,Camion
Ituzaingó,3,$308 ,Treutel SRL,Provincia de Buenos Aires,José Carretero,30 días,Perfiles De Acero,Camion
Ituzaingó,11,"$464,96 ",Treutel SRL,Provincia de Buenos Aires,José Salcedo,30 días,Perfiles De Acero,Camion
Ituzaingó,119,"$32.244,59 ",Treutel SRL,Provincia de Buenos Aires,Juan Andrés,30 días,Perfiles De Acero,Camion
Ituzaingó,53,"$31.258,71 ",Treutel SRL,Provincia de Buenos Aires,Manuel Grande,30 días,Perfiles De Acero,Camion
Ituzaingó,47,"$11.885,21 ",Treutel SRL,Provincia de Buenos Aires,Manuel Muñoz,30 días,Perfiles De Acero,Camion
Ituzaingó,1,"$50.401,69 ",Treutel SRL,Provincia de Buenos Aires,María Ángeles Martínez,30 días,Perfiles De Acero,Camion
Ituzaingó,49,"$1.212,98 ",Treutel SRL,Provincia de Buenos Aires,María Ángeles Ruiz,30 días,Perfiles De Acero,Camion
Ituzaingó,3,"$25.765,27 ",Treutel SRL,Provincia de Buenos Aires,María Carmen Serrano,30 días,Perfiles De Acero,Camion
Ituzaingó,49,"$1.000,06 ",Treutel SRL,Provincia de Buenos Aires,María Dolores Sousa,30 días,Perfiles De Acero,Camion
Ituzaingó,120,"$676,77 ",Treutel SRL,Provincia de Buenos Aires,María Fernández,30 días,Perfiles De Acero,Camion
Ituzaingó,2,"$18.060,72 ",Treutel SRL,Provincia de Buenos Aires,María Jesús Peñalver,30 días,Perfiles De Acero,Camion
Ituzaingó,46,"$74.803,97 ",Treutel SRL,Provincia de Buenos Aires,Marta Amigo,30 días,Perfiles De Acero,Camion
Ituzaingó,1,"$7.533,81 ",Treutel SRL,Provincia de Buenos Aires,Pablo López,30 días,Perfiles De Acero,Camion
Ituzaingó,3,"$102,13 ",Treutel SRL,Provincia de Buenos Aires,Sergio Jiménez,30 días,Perfiles De Acero,Camion
José C. Paz,3,"$486,39 ",Hane Inc,Provincia de Buenos Aires,María Isabel Heredia,30 días,Perfiles De Acero,Camion
José C. Paz,7,"$869,28 ",Hane Inc,Provincia de Buenos Aires,Marta Amigo,30 días,Perfiles De Acero,Camion
José C. Paz,11,"$184,75 ","Reilly, Larkin and Hintz",Provincia de Buenos Aires,Jaume García,30 días,Perfiles De Acero,Camion
La Plata,289,"$265.335,35 ",Rosebund,Provincia de Buenos Aires,Adrián Souto,30 días,Perfiles De Acero,Camion
La Plata,148,"$20.076,85 ",Rosebund,Provincia de Buenos Aires,Adrián Souto,30 días,Perfiles De Acero,Tren
La Plata,249,"$325.575,06 ",Rosebund,Provincia de Buenos Aires,Alberto García,30 días,Perfiles De Acero,Camion
La Plata,83,"$139.321,72 ",Rosebund,Provincia de Buenos Aires,Alejandro Del Olmo,30 días,Perfiles De Acero,Camion
La Plata,75,"$12.636,06 ",Rosebund,Provincia de Buenos Aires,Alejandro Del Olmo,30 días,Perfiles De Acero,Tren
La Plata,93,"$97.455,92 ",Rosebund,Provincia de Buenos Aires,Ana Aguilera,30 días,Perfiles De Acero,Camion
La Plata,155,"$68.633,68 ",Rosebund,Provincia de Buenos Aires,Ana María Delgado,30 días,Perfiles De Acero,Camion
La Plata,114,"$121.662,06 ",Rosebund,Provincia de Buenos Aires,Ángeles Pérez,30 días,Perfiles De Acero,Camion
La Plata,94,"$94.342,89 ",Rosebund,Provincia de Buenos Aires,Antonia Lorente,30 días,Perfiles De Acero,Camion
La Plata,42,"$49.672,69 ",Rosebund,Provincia de Buenos Aires,Antonia Martínez,30 días,Perfiles De Acero,Camion
La Plata,336,"$49.280,63 ",Rosebund,Provincia de Buenos Aires,Antonia Martínez,30 días,Perfiles De Acero,Tren
La Plata,42,"$66.737,05 ",Rosebund,Provincia de Buenos Aires,Antonio Calderón,30 días,Perfiles De Acero,Camion
La Plata,75,"$5.210,39 ",Rosebund,Provincia de Buenos Aires,Antonio Calderón,30 días,Perfiles De Acero,Tren
La Plata,268,"$269.084,54 ",Rosebund,Provincia de Buenos Aires,Begoña García,30 días,Perfiles De Acero,Camion
La Plata,155,"$276.519,74 ",Rosebund,Provincia de Buenos Aires,Carlos Arenas,30 días,Perfiles De Acero,Camion
La Plata,459,"$459.806,60 ",Rosebund,Provincia de Buenos Aires,Carmen Cortes,30 días,Perfiles De Acero,Camion
La Plata,226,"$150.144,55 ",Rosebund,Provincia de Buenos Aires,Carmen Diez,30 días,Perfiles De Acero,Camion
La Plata,247,"$78.663,33 ",Rosebund,Provincia de Buenos Aires,Carmen Sánchez,30 días,Perfiles De Acero,Camion
La Plata,408,"$191.007,40 ",Rosebund,Provincia de Buenos Aires,Carmen Sánchez,30 días,Perfiles De Acero,Tren
La Plata,395,"$410.241,70 ",Rosebund,Provincia de Buenos Aires,Cristina Rodríguez,30 días,Perfiles De Acero,Camion
La Plata,225,"$309.944,79 ",Rosebund,Provincia de Buenos Aires,Cristina Zamora,30 días,Perfiles De Acero,Camion
La Plata,114,"$213.330,91 ",Rosebund,Provincia de Buenos Aires,Daniel Pino,30 días,Perfiles De Acero,Camion
La Plata,336,"$49.280,63 ",Rosebund,Provincia de Buenos Aires,Daniel Pino,30 días,Perfiles De Acero,Tren
La Plata,176,"$169.714,65 ",Rosebund,Provincia de Buenos Aires,Elena Fernández,30 días,Perfiles De Acero,Camion
La Plata,407,"$190.937,68 ",Rosebund,Provincia de Buenos Aires,Elena Fernández,30 días,Perfiles De Acero,Tren
La Plata,208,"$212.137,47 ",Rosebund,Provincia de Buenos Aires,Francisco Miñana,30 días,Perfiles De Acero,Camion
La Plata,208,"$220.395,17 ",Rosebund,Provincia de Buenos Aires,Jaume García,30 días,Perfiles De Acero,Camion
La Plata,333,"$2.012,90 ",Rosebund,Provincia de Buenos Aires,Jaume García,30 días,Perfiles De Acero,Tren
La Plata,229,"$305.566,66 ",Rosebund,Provincia de Buenos Aires,Joaquín Vega,30 días,Perfiles De Acero,Camion
La Plata,42,"$24.480,85 ",Rosebund,Provincia de Buenos Aires,José Antonio López,30 días,Perfiles De Acero,Camion
La Plata,74,"$2.322,58 ",Rosebund,Provincia de Buenos Aires,José Antonio López,30 días,Perfiles De Acero,Tren
La Plata,134,"$29.910,55 ",Rosebund,Provincia de Buenos Aires,José Carretero,30 días,Perfiles De Acero,Camion
La Plata,269,"$279.577,15 ",Rosebund,Provincia de Buenos Aires,José María Pérez,30 días,Perfiles De Acero,Camion
La Plata,175,"$214.427,76 ",Rosebund,Provincia de Buenos Aires,José Salcedo,30 días,Perfiles De Acero,Camion
La Plata,75,"$2.322,58 ",Rosebund,Provincia de Buenos Aires,José Salcedo,30 días,Perfiles De Acero,Tren
La Plata,41,"$25.152,46 ",Rosebund,Provincia de Buenos Aires,José Sola,30 días,Perfiles De Acero,Camion
La Plata,74,"$516,13 ",Rosebund,Provincia de Buenos Aires,José Sola,30 días,Perfiles De Acero,Tren
La Plata,402,"$652.822,49 ",Rosebund,Provincia de Buenos Aires,Juan Andrés,30 días,Perfiles De Acero,Camion
La Plata,299,"$485.176,74 ",Rosebund,Provincia de Buenos Aires,Manuel Grande,30 días,Perfiles De Acero,Camion
La Plata,84,"$114.889,95 ",Rosebund,Provincia de Buenos Aires,Manuel Muñoz,30 días,Perfiles De Acero,Camion
La Plata,207,"$365.289,85 ",Rosebund,Provincia de Buenos Aires,María Ángeles Alves,30 días,Perfiles De Acero,Camion
La Plata,333,"$2.012,90 ",Rosebund,Provincia de Buenos Aires,María Ángeles Alves,30 días,Perfiles De Acero,Tren
La Plata,240,"$237.682,22 ",Rosebund,Provincia de Buenos Aires,María Ángeles Martínez,30 días,Perfiles De Acero,Camion
La Plata,417,"$440.146,05 ",Rosebund,Provincia de Buenos Aires,María Ángeles Ruiz,30 días,Perfiles De Acero,Camion
La Plata,336,"$49.280,63 ",Rosebund,Provincia de Buenos Aires,María Ángeles Ruiz,30 días,Perfiles De Acero,Tren
La Plata,301,"$217.595,38 ",Rosebund,Provincia de Buenos Aires,María Carmen Serrano,30 días,Perfiles De Acero,Camion
La Plata,669,"$51.293,53 ",Rosebund,Provincia de Buenos Aires,María Carmen Serrano,30 días,Perfiles De Acero,Tren
La Plata,41,"$30.850,37 ",Rosebund,Provincia de Buenos Aires,María Cedeño,30 días,Perfiles De Acero,Camion
La Plata,75,"$3.494,28 ",Rosebund,Provincia de Buenos Aires,María Cedeño,30 días,Perfiles De Acero,Tren
La Plata,21,"$487,74 ",Rosebund,Provincia de Buenos Aires,María Diego,30 días,Perfiles De Acero,Camion
La Plata,132,"$236.579,60 ",Rosebund,Provincia de Buenos Aires,María Dolores Sousa,30 días,Perfiles De Acero,Camion
La Plata,42,"$48.717,19 ",Rosebund,Provincia de Buenos Aires,María Isabel Heredia,30 días,Perfiles De Acero,Camion
La Plata,336,"$49.280,63 ",Rosebund,Provincia de Buenos Aires,María Isabel Heredia,30 días,Perfiles De Acero,Tren
La Plata,113,"$25.136,88 ",Rosebund,Provincia de Buenos Aires,María Isabel León,30 días,Perfiles De Acero,Camion
La Plata,75,"$903,23 ",Rosebund,Provincia de Buenos Aires,María Isabel León,30 días,Perfiles De Acero,Tren
La Plata,62,"$138.782,05 ",Rosebund,Provincia de Buenos Aires,María Jesús Peñalver,30 días,Perfiles De Acero,Camion
La Plata,74,"$516,13 ",Rosebund,Provincia de Buenos Aires,María Jesús Peñalver,30 días,Perfiles De Acero,Tren
La Plata,228,"$235.913,64 ",Rosebund,Provincia de Buenos Aires,María Pilar Pérez,30 días,Perfiles De Acero,Camion
La Plata,21,"$24.303,39 ",Rosebund,Provincia de Buenos Aires,Marta Amigo,30 días,Perfiles De Acero,Camion
La Plata,197,"$310.624,01 ",Rosebund,Provincia de Buenos Aires,Marta López,30 días,Perfiles De Acero,Camion
La Plata,506,$642.014 ,Rosebund,Provincia de Buenos Aires,Pablo López,30 días,Perfiles De Acero,Camion
La Plata,341,"$439.465,59 ",Rosebund,Provincia de Buenos Aires,Raquel Pueyo,30 días,Perfiles De Acero,Camion
La Plata,333,"$2.012,90 ",Rosebund,Provincia de Buenos Aires,Raquel Pueyo,30 días,Perfiles De Acero,Tren
La Plata,229,"$176.337,42 ",Rosebund,Provincia de Buenos Aires,Sara Pineda,30 días,Perfiles De Acero,Camion
La Plata,219,"$108.415,62 ",Rosebund,Provincia de Buenos Aires,Sergio Jiménez,30 días,Perfiles De Acero,Camion
La Plata,336,"$49.280,63 ",Rosebund,Provincia de Buenos Aires,Sergio Jiménez,30 días,Perfiles De Acero,Tren
La Plata,434,"$539.140,51 ",Rosebund,Provincia de Buenos Aires,Susana Escudero,30 días,Perfiles De Acero,Camion
La Plata,62,"$51.240,86 ",Rosebund,Provincia de Buenos Aires,Teresa Martínez,30 días,Perfiles De Acero,Camion
La Plata,18,"$1.767,74 ","Beier, Wilderman and Waters",Provincia de Buenos Aires,Ana Aguilera,30 días,Tornillos,Camion
La Plata,98,"$171,54 ","Beier, Wilderman and Waters",Provincia de Buenos Aires,Ángeles Pérez,30 días,Tornillos,Camion
La Plata,19,"$25.315,06 ","Beier, Wilderman and Waters",Provincia de Buenos Aires,Carmen Sánchez,30 días,Tornillos,Camion
La Plata,19,"$31.849,05 ","Beier, Wilderman and Waters",Provincia de Buenos Aires,Cristina Zamora,30 días,Tornillos,Camion
La Plata,19,"$1.944,80 ","Beier, Wilderman and Waters",Provincia de Buenos Aires,José María Pérez,30 días,Tornillos,Camion
La Plata,19,"$22.041,37 ","Beier, Wilderman and Waters",Provincia de Buenos Aires,Manuel Muñoz,30 días,Tornillos,Camion
La Plata,19,"$2.935,32 ","Beier, Wilderman and Waters",Provincia de Buenos Aires,Pablo López,30 días,Tornillos,Camion
La Plata,684,"$161,94 ","Beier, Wilderman and Waters",Provincia de Buenos Aires,Susana Escudero,30 días,Tornillos,Camion
La Plata,20,"$230,19 ",Carter PLC,Provincia de Buenos Aires,Cristina Zamora,30 días,Tornillos,Camion
La Plata,19,"$2.196,82 ",Carter PLC,Provincia de Buenos Aires,José Antonio López,30 días,Tornillos,Camion
La Plata,91,"$897,75 ",Carter PLC,Provincia de Buenos Aires,Pablo López,30 días,Tornillos,Camion
La Plata,20,"$25.453,61 ",Carter PLC,Provincia de Buenos Aires,Sergio Jiménez,30 días,Tornillos,Camion
La Plata,17,"$340,65 ","Dietrich, Schamberger and Okuneva",Provincia de Buenos Aires,Antonia Martínez,30 días,Tornillos,Camion
La Plata,1567,"$123,39 ","Dietrich, Schamberger and Okuneva",Provincia de Buenos Aires,Carmen Diez,30 días,Tornillos,Camion
La Plata,331,"$548,39 ","Dietrich, Schamberger and Okuneva",Provincia de Buenos Aires,Carmen Sánchez,30 días,Tornillos,Camion
La Plata,3,"$22.383,27 ","Dietrich, Schamberger and Okuneva",Provincia de Buenos Aires,Cristina Rodríguez,30 días,Alambre,Tren
La Plata,1509,"$19.334,14 ","Dietrich, Schamberger and Okuneva",Provincia de Buenos Aires,Francisco Miñana,30 días,Tornillos,Camion
La Plata,3,"$23.016,43 ","Dietrich, Schamberger and Okuneva",Provincia de Buenos Aires,Jaume García,30 días,Alambre,Tren
La Plata,3,"$2.838,71 ","Dietrich, Schamberger and Okuneva",Provincia de Buenos Aires,José Sola,30 días,Alambre,Tren
La Plata,2188,"$548,39 ","Dietrich, Schamberger and Okuneva",Provincia de Buenos Aires,José Sola,30 días,Tornillos,Camion
La Plata,428,"$96,77 ","Dietrich, Schamberger and Okuneva",Provincia de Buenos Aires,María Ángeles Martínez,30 días,Tornillos,Camion
La Plata,3,"$275,57 ","Dietrich, Schamberger and Okuneva",Provincia de Buenos Aires,María Ángeles Ruiz,30 días,Alambre,Tren
La Plata,1021,"$3.615,48 ","Dietrich, Schamberger and Okuneva",Provincia de Buenos Aires,María Carmen Serrano,30 días,Tornillos,Camion
La Plata,17,"$136,46 ","Dietrich, Schamberger and Okuneva",Provincia de Buenos Aires,María Cedeño,30 días,Tornillos,Camion
La Plata,892,"$548,39 ","Dietrich, Schamberger and Okuneva",Provincia de Buenos Aires,María Cedeño,30 días,Tornillos,Tren
La Plata,20,"$1.309,68 ","Dietrich, Schamberger and Okuneva",Provincia de Buenos Aires,María Fernández,30 días,Tornillos,Camion
La Plata,943,"$7.361,07 ","Dietrich, Schamberger and Okuneva",Provincia de Buenos Aires,María Isabel León,30 días,Tornillos,Camion
La Plata,7,"$1.434,72 ",Fisher-Ortiz,Provincia de Buenos Aires,María Fernández,45 días,Perfiles De Acero,Camion
La Plata,19,"$22.883,55 ","Greenholt, Kutch and Tremblay",Provincia de Buenos Aires,Alejandro Del Olmo,30 días,Tornillos,Camion
La Plata,19,"$22.994,67 ","Greenholt, Kutch and Tremblay",Provincia de Buenos Aires,Ana Aguilera,30 días,Tornillos,Camion
La Plata,20,"$15.551,23 ","Greenholt, Kutch and Tremblay",Provincia de Buenos Aires,Ángeles Pérez,30 días,Tornillos,Camion
La Plata,39,"$27.500,39 ","Greenholt, Kutch and Tremblay",Provincia de Buenos Aires,Antonia Lorente,30 días,Tornillos,Camion
La Plata,20,"$23.421,59 ","Greenholt, Kutch and Tremblay",Provincia de Buenos Aires,Carmen Cortes,30 días,Tornillos,Camion
La Plata,38,"$40.136,73 ","Greenholt, Kutch and Tremblay",Provincia de Buenos Aires,Carmen Diez,30 días,Tornillos,Camion
La Plata,19,"$22.173,82 ","Greenholt, Kutch and Tremblay",Provincia de Buenos Aires,Jaume García,30 días,Tornillos,Camion
La Plata,20,"$23.195,76 ","Greenholt, Kutch and Tremblay",Provincia de Buenos Aires,José Antonio López,30 días,Tornillos,Camion
La Plata,18,"$15.987,40 ","Greenholt, Kutch and Tremblay",Provincia de Buenos Aires,José María Pérez,30 días,Tornillos,Camion
La Plata,19,"$23.332,69 ","Greenholt, Kutch and Tremblay",Provincia de Buenos Aires,José Sola,30 días,Tornillos,Camion
La Plata,20,"$19.391,41 ","Greenholt, Kutch and Tremblay",Provincia de Buenos Aires,Juan Andrés,30 días,Tornillos,Camion
La Plata,19,"$22.955,60 ","Greenholt, Kutch and Tremblay",Provincia de Buenos Aires,Manuel Muñoz,30 días,Tornillos,Camion
La Plata,20,"$23.700,82 ","Greenholt, Kutch and Tremblay",Provincia de Buenos Aires,María Ángeles Alves,30 días,Tornillos,Camion
La Plata,20,"$22.915,81 ","Greenholt, Kutch and Tremblay",Provincia de Buenos Aires,María Ángeles Martínez,30 días,Tornillos,Camion
La Plata,39,"$34.830,75 ","Greenholt, Kutch and Tremblay",Provincia de Buenos Aires,María Diego,30 días,Tornillos,Camion
La Plata,39,"$37.502,39 ","Greenholt, Kutch and Tremblay",Provincia de Buenos Aires,María Dolores Sousa,30 días,Tornillos,Camion
La Plata,19,"$16.384,03 ","Greenholt, Kutch and Tremblay",Provincia de Buenos Aires,María Fernández,30 días,Tornillos,Camion
La Plata,90,"$895.338,00 ",Gutkowski-Stroman,Provincia de Buenos Aires,Carmen Diez,30 días,Tornillos,Camion
La Plata,90,"$895.338,00 ",Gutkowski-Stroman,Provincia de Buenos Aires,Joaquín Vega,30 días,Tornillos,Camion
La Plata,90,"$895.338,00 ",Gutkowski-Stroman,Provincia de Buenos Aires,María Ángeles Martínez,30 días,Tornillos,Camion
La Plata,90,"$895.338,00 ",Gutkowski-Stroman,Provincia de Buenos Aires,María Ángeles Ruiz,30 días,Tornillos,Camion
La Plata,20,"$229.573,85 ",Gutkowski-Stroman,Provincia de Buenos Aires,María Carmen Serrano,30 días,Tornillos,Camion
La Plata,90,"$895.338,00 ",Gutkowski-Stroman,Provincia de Buenos Aires,María Cedeño,30 días,Tornillos,Camion
La Plata,90,"$895.338,00 ",Gutkowski-Stroman,Provincia de Buenos Aires,Marta López,30 días,Tornillos,Camion
La Plata,77,"$22.801,46 ",Heaney-Wolf,Provincia de Buenos Aires,Adrián Souto,30 días,Tornillos,Tren
La Plata,82,"$516,13 ",Heaney-Wolf,Provincia de Buenos Aires,Alberto García,30 días,Perfiles De Acero,Tren
La Plata,74,"$136,13 ",Heaney-Wolf,Provincia de Buenos Aires,Begoña García,30 días,Tornillos,Tren
La Plata,31,"$23.235,19 ",Heaney-Wolf,Provincia de Buenos Aires,Cristina Rodríguez,30 días,Tornillos,Tren
La Plata,18,"$2.583,55 ",Heaney-Wolf,Provincia de Buenos Aires,María Carmen Serrano,30 días,Tornillos,Camion
La Plata,18,"$104,57 ",Heaney-Wolf,Provincia de Buenos Aires,Pablo López,30 días,Tornillos,Camion
La Plata,18,"$185,57 ",Heaney-Wolf,Provincia de Buenos Aires,Sara Pineda,30 días,Tornillos,Camion
La Plata,18,"$809,01 ",Heaney-Wolf,Provincia de Buenos Aires,Sergio Jiménez,30 días,Tornillos,Camion
La Plata,81,"$1.966,45 ",Huel e Hijos,Provincia de Buenos Aires,Ana María Serrano,30 días,Perfiles De Acero,Tren
La Plata,48,"$26.704,90 ",Huel e Hijos,Provincia de Buenos Aires,Carmen Sánchez,30 días,Perfiles De Acero,Tren
La Plata,79,"$2.917,01 ",Huel e Hijos,Provincia de Buenos Aires,Cristina Zamora,30 días,Perfiles De Acero,Tren
La Plata,76,"$26.009,09 ",Huel e Hijos,Provincia de Buenos Aires,Daniel Pino,30 días,Perfiles De Acero,Tren
La Plata,79,"$1.187,69 ",Huel e Hijos,Provincia de Buenos Aires,Joaquín Vega,30 días,Perfiles De Acero,Tren
La Plata,78,"$13.244,84 ",Huel e Hijos,Provincia de Buenos Aires,Juan Andrés,30 días,Perfiles De Acero,Tren
La Plata,48,"$49.923,23 ",Huel e Hijos,Provincia de Buenos Aires,María Ángeles Martínez,30 días,Perfiles De Acero,Tren
La Plata,126,"$9.556,43 ",Huel e Hijos,Provincia de Buenos Aires,María Isabel León,30 días,Perfiles De Acero,Tren
La Plata,47,"$823,02 ",Huel e Hijos,Provincia de Buenos Aires,Marta Amigo,30 días,Perfiles De Acero,Tren
La Plata,78,"$615,79 ",Huel e Hijos,Provincia de Buenos Aires,Sara Pineda,30 días,Perfiles De Acero,Tren
La Plata,122,"$78.298,76 ",Huel e Hijos,Provincia de Buenos Aires,Sergio Jiménez,30 días,Perfiles De Acero,Tren
La Plata,1,"$11.627,42 ",Huel e Hijos,Provincia de Buenos Aires,Susana Escudero,30 días,Perfiles De Acero,Camion
La Plata,47,"$1.745,23 ",Huel e Hijos,Provincia de Buenos Aires,Teresa Martínez,30 días,Perfiles De Acero,Tren
La Plata,19,"$11.614,06 ",Posadas SRL,Provincia de Buenos Aires,Joaquín Vega,30 días,Perfiles De Acero,Camion
La Plata,18,"$16.769,05 ",Ledner SRL,Provincia de Buenos Aires,José Sola,30 días,Perfiles De Acero,Camion
La Plata,17,"$1.177,42 ",Ledner SRL,Provincia de Buenos Aires,Manuel Grande,30 días,Perfiles De Acero,Camion
La Plata,1,"$24.594,66 ",Ziemann,Provincia de Buenos Aires,Alejandro Del Olmo,30 días,Tornillos,Tren
La Plata,3,"$4.358,13 ",Ziemann,Provincia de Buenos Aires,Ana Aguilera,30 días,Alambre,Tren
La Plata,3,"$20.920,31 ",Ziemann,Provincia de Buenos Aires,Ana María Delgado,30 días,Alambre,Tren
La Plata,14,"$81.589,21 ",Ziemann,Provincia de Buenos Aires,Antonio Calderón,30 días,Alambre,Tren
La Plata,86,"$3.756,58 ",Ziemann,Provincia de Buenos Aires,Antonio Calderón,30 días,Tornillos,Camion
La Plata,38,"$433,11 ",Ziemann,Provincia de Buenos Aires,Begoña García,30 días,Tornillos,Camion
La Plata,14,"$81.589,21 ",Ziemann,Provincia de Buenos Aires,Carlos Arenas,30 días,Alambre,Tren
La Plata,18,"$25.035,25 ",Ziemann,Provincia de Buenos Aires,Carlos Arenas,30 días,Tornillos,Camion
La Plata,105,"$3.899,97 ",Ziemann,Provincia de Buenos Aires,Carmen Diez,30 días,Tornillos,Camion
La Plata,86,"$3.756,58 ",Ziemann,Provincia de Buenos Aires,Carmen Sánchez,30 días,Tornillos,Camion
La Plata,14,"$81.589,21 ",Ziemann,Provincia de Buenos Aires,Cristina Rodríguez,30 días,Alambre,Tren
La Plata,36,"$23.754,59 ",Ziemann,Provincia de Buenos Aires,Elena Fernández,30 días,Tornillos,Camion
La Plata,19,"$787,61 ",Ziemann,Provincia de Buenos Aires,Francisco Miñana,30 días,Tornillos,Camion
La Plata,86,"$3.756,58 ",Ziemann,Provincia de Buenos Aires,Joaquín Vega,30 días,Tornillos,Camion
La Plata,35,"$863,48 ",Ziemann,Provincia de Buenos Aires,José Carretero,30 días,Tornillos,Camion
La Plata,105,"$27.129,56 ",Ziemann,Provincia de Buenos Aires,José Sola,30 días,Tornillos,Camion
La Plata,2589,"$71.634,85 ",Ziemann,Provincia de Buenos Aires,María Ángeles Alves,30 días,Tornillos,Camion
La Plata,8,"$8.095,79 ",Ziemann,Provincia de Buenos Aires,María Ángeles Martínez,30 días,Tornillos,Camion
La Plata,14,"$81.589,21 ",Ziemann,Provincia de Buenos Aires,María Diego,30 días,Alambre,Tren
La Plata,38,"$31.372,12 ",Ziemann,Provincia de Buenos Aires,María Dolores Sousa,30 días,Tornillos,Camion
La Plata,14,"$81.589,21 ",Ziemann,Provincia de Buenos Aires,María Isabel Heredia,30 días,Alambre,Tren
La Plata,19,"$23.459,57 ",Ziemann,Provincia de Buenos Aires,María Jesús Peñalver,30 días,Tornillos,Camion
La Plata,19,"$63.204,83 ",Ziemann,Provincia de Buenos Aires,María Pilar Pérez,30 días,Tornillos,Camion
La Plata,19,"$963,23 ",Ziemann,Provincia de Buenos Aires,Marta López,30 días,Tornillos,Camion
La Plata,14,"$81.589,21 ",Ziemann,Provincia de Buenos Aires,Pablo López,30 días,Alambre,Tren
La Plata,19,"$178,95 ",Ziemann,Provincia de Buenos Aires,Pablo López,30 días,Tornillos,Camion
La Plata,6,"$10.942,62 ",Ziemann,Provincia de Buenos Aires,Raquel Pueyo,30 días,Alambre,Tren
La Plata,2,"$20.419,35 ",Ziemann,Provincia de Buenos Aires,Susana Escudero,30 días,Tornillos,Tren
La Plata,58,"$36.388,16 ","Nicolas, Stoltenberg and Ruecker",Provincia de Buenos Aires,Ana María Serrano,30 días,Tornillos,Tren
La Plata,58,"$36.388,16 ","Nicolas, Stoltenberg and Ruecker",Provincia de Buenos Aires,Antonio Calderón,30 días,Tornillos,Tren
La Plata,83,"$499,23 ","Nicolas, Stoltenberg and Ruecker",Provincia de Buenos Aires,Carlos Arenas,30 días,Tornillos,Tren
La Plata,58,"$36.388,16 ","Nicolas, Stoltenberg and Ruecker",Provincia de Buenos Aires,Carmen Diez,30 días,Tornillos,Tren
La Plata,58,"$36.388,16 ","Nicolas, Stoltenberg and Ruecker",Provincia de Buenos Aires,Cristina Zamora,30 días,Tornillos,Tren
La Plata,13,"$9.330,30 ","Nicolas, Stoltenberg and Ruecker",Provincia de Buenos Aires,Jaume García,30 días,Tornillos,Tren
La Plata,8,"$29.713,10 ","Nicolas, Stoltenberg and Ruecker",Provincia de Buenos Aires,José Salcedo,30 días,Tornillos,Tren
La Plata,80,"$143,79 ","Nicolas, Stoltenberg and Ruecker",Provincia de Buenos Aires,María Ángeles Martínez,30 días,Tornillos,Tren
La Plata,3,"$7.751,61 ","Nicolas, Stoltenberg and Ruecker",Provincia de Buenos Aires,María Carmen Serrano,30 días,Tornillos,Tren
La Plata,58,"$36.388,16 ","Nicolas, Stoltenberg and Ruecker",Provincia de Buenos Aires,María Diego,30 días,Tornillos,Tren
La Plata,58,"$36.388,16 ","Nicolas, Stoltenberg and Ruecker",Provincia de Buenos Aires,Marta Amigo,30 días,Tornillos,Tren
La Plata,19,"$1.807,74 ","O'Hara, Dicki and Muller",Provincia de Buenos Aires,Ana María Serrano,30 días,Tornillos,Camion
La Plata,19,"$25.247,34 ","O'Hara, Dicki and Muller",Provincia de Buenos Aires,Sara Pineda,30 días,Tornillos,Camion
La Plata,1,"$2.678,09 ",Prohaska-Price,Provincia de Buenos Aires,Adrián Souto,30 días,Tornillos,Tren
La Plata,320,"$77.373,38 ",Prohaska-Price,Provincia de Buenos Aires,Antonia Lorente,30 días,Tornillos,Tren
La Plata,320,"$77.373,38 ",Prohaska-Price,Provincia de Buenos Aires,Begoña García,30 días,Tornillos,Tren
La Plata,69,"$228,65 ",Prohaska-Price,Provincia de Buenos Aires,Cristina Zamora,30 días,Tornillos,Tren
La Plata,70,"$806,45 ",Prohaska-Price,Provincia de Buenos Aires,Francisco Miñana,30 días,Tornillos,Tren
La Plata,320,"$77.373,38 ",Prohaska-Price,Provincia de Buenos Aires,Joaquín Vega,30 días,Tornillos,Tren
La Plata,71,"$178,65 ",Prohaska-Price,Provincia de Buenos Aires,José Carretero,30 días,Tornillos,Tren
La Plata,320,"$77.373,38 ",Prohaska-Price,Provincia de Buenos Aires,Juan Andrés,30 días,Tornillos,Tren
La Plata,19,"$26.350,62 ",Prohaska-Price,Provincia de Buenos Aires,Manuel Grande,30 días,Tornillos,Tren
La Plata,44,"$29.713,10 ",Prohaska-Price,Provincia de Buenos Aires,María Isabel Heredia,30 días,Tornillos,Tren
La Plata,400,"$78.205,80 ",Prohaska-Price,Provincia de Buenos Aires,Raquel Pueyo,30 días,Tornillos,Tren
La Plata,71,"$19.839,33 ",Prohaska-Price,Provincia de Buenos Aires,Sara Pineda,30 días,Tornillos,Tren
La Plata,72,"$91.670,54 ",Prohaska-Price,Provincia de Buenos Aires,Susana Escudero,30 días,Tornillos,Tren
La Plata,320,"$77.373,38 ",Prohaska-Price,Provincia de Buenos Aires,Teresa Martínez,30 días,Tornillos,Tren
La Plata,7,"$574,84 ","Quigley, Upton and Jacobi",Provincia de Buenos Aires,Ana María Delgado,30 días,Tornillos,Camion
La Plata,20,"$1.687,74 ","Quigley, Upton and Jacobi",Provincia de Buenos Aires,Carmen Sánchez,30 días,Tornillos,Camion
La Plata,18,"$18.356,17 ","Quigley, Upton and Jacobi",Provincia de Buenos Aires,Joaquín Vega,30 días,Tornillos,Camion
La Plata,18,"$135,05 ","Quigley, Upton and Jacobi",Provincia de Buenos Aires,José María Pérez,30 días,Tornillos,Camion
La Plata,88,"$2.355,10 ",Schaden-Roberts,Provincia de Buenos Aires,Ana Aguilera,30 días,Tornillos,Camion
La Plata,20,"$455,76 ",Schaden-Roberts,Provincia de Buenos Aires,José Antonio López,30 días,Tornillos,Camion
La Plata,88,"$2.355,10 ",Schaden-Roberts,Provincia de Buenos Aires,José Carretero,30 días,Tornillos,Camion
La Plata,19,"$954,84 ",Schaden-Roberts,Provincia de Buenos Aires,Juan Andrés,30 días,Tornillos,Camion
La Plata,108,"$2.958,97 ",Schaden-Roberts,Provincia de Buenos Aires,Manuel Grande,30 días,Tornillos,Camion
La Plata,19,"$18.585,16 ",Schaden-Roberts,Provincia de Buenos Aires,Manuel Muñoz,30 días,Tornillos,Camion
La Plata,88,"$2.355,10 ",Schaden-Roberts,Provincia de Buenos Aires,María Cedeño,30 días,Tornillos,Camion
La Plata,88,"$2.355,10 ",Schaden-Roberts,Provincia de Buenos Aires,María Pilar Pérez,30 días,Tornillos,Camion
La Plata,88,"$2.355,10 ",Schaden-Roberts,Provincia de Buenos Aires,Pablo López,30 días,Tornillos,Camion
La Plata,19,"$45.565,96 ","Schinner, Bashirian and Erdman",Provincia de Buenos Aires,José Antonio López,30 días,Tornillos,Camion
La Plata,18,"$315,87 ",Stoltenberg-Zulauf,Provincia de Buenos Aires,Adrián Souto,30 días,Tornillos,Camion
La Plata,7,"$7.954,46 ",Stoltenberg-Zulauf,Provincia de Buenos Aires,Ana Aguilera,30 días,Tornillos,Camion
La Plata,17,"$648,39 ",Stoltenberg-Zulauf,Provincia de Buenos Aires,Cristina Zamora,30 días,Tornillos,Camion
La Plata,20,"$118,06 ",Terry Ltd,Provincia de Buenos Aires,Alberto García,30 días,Tornillos,Camion
La Plata,57,"$18.899,51 ",West LLC,Provincia de Buenos Aires,Alberto García,45 días,Tornillos,Tren
La Plata,57,"$23.278,21 ",West LLC,Provincia de Buenos Aires,Ángeles Pérez,45 días,Tornillos,Tren
La Plata,782,"$136,46 ",West LLC,Provincia de Buenos Aires,Joaquín Vega,30 días,Tornillos,Camion
La Plata,650,"$8.826,42 ",West LLC,Provincia de Buenos Aires,José Carretero,30 días,Tornillos,Camion
La Plata,53,"$22.908,26 ",West LLC,Provincia de Buenos Aires,Manuel Grande,30 días,Tornillos,Tren
La Plata,675,"$820,17 ",West LLC,Provincia de Buenos Aires,María Isabel León,45 días,Tornillos,Tren
La Plata,50,"$1.990,95 ",West LLC,Provincia de Buenos Aires,Sara Pineda,45 días,Tornillos,Tren
La Plata,57,"$24.847,66 ",West LLC,Provincia de Buenos Aires,Teresa Martínez,45 días,Tornillos,Tren
La Plata,3,"$23.254,55 ","Ziemann, Hartmann and Jacobson",Provincia de Buenos Aires,María Diego,45 días,Perfiles De Acero,Camion
Lanús,1,"$25.885,57 ",Rosebund,Provincia de Buenos Aires,Joaquín Vega,30 días,Perfiles De Acero,Camion
Lanús,21,"$604,85 ","Blanda, Stehr and Bechtelar",Provincia de Buenos Aires,Alberto García,30 días,Perfiles De Acero,Camion
Lanús,36,"$762,89 ","Blanda, Stehr and Bechtelar",Provincia de Buenos Aires,Elena Fernández,30 días,Perfiles De Acero,Camion
Lanús,3,"$513,02 ","Blanda, Stehr and Bechtelar",Provincia de Buenos Aires,José Sola,30 días,Perfiles De Acero,Camion
Lanús,17,"$22.748,12 ","Blanda, Stehr and Bechtelar",Provincia de Buenos Aires,Juan Andrés,30 días,Perfiles De Acero,Camion
Lanús,17,"$24.773,77 ","Blanda, Stehr and Bechtelar",Provincia de Buenos Aires,María Ángeles Alves,30 días,Perfiles De Acero,Camion
Lanús,3,"$154,45 ","Blanda, Stehr and Bechtelar",Provincia de Buenos Aires,María Carmen Serrano,30 días,Perfiles De Acero,Camion
Lanús,20,"$4.603,56 ","Blanda, Stehr and Bechtelar",Provincia de Buenos Aires,María Isabel Heredia,30 días,Perfiles De Acero,Camion
Lanús,25,"$29.702,46 ","Blanda, Stehr and Bechtelar",Provincia de Buenos Aires,Marta Amigo,30 días,Perfiles De Acero,Camion
Lanús,1,"$750,13 ","Blanda, Stehr and Bechtelar",Provincia de Buenos Aires,Susana Escudero,30 días,Perfiles De Acero,Camion
Lanús,4,"$2.576,52 ",Emard S.A.,Provincia de Buenos Aires,Adrián Souto,30 días,Perfiles De Acero,Camion
Lanús,102,"$98.201,80 ",Emard S.A.,Provincia de Buenos Aires,Alberto García,30 días,Perfiles De Acero,Camion
Lanús,87,"$120.791,27 ",Emard S.A.,Provincia de Buenos Aires,Alejandro Del Olmo,30 días,Perfiles De Acero,Camion
Lanús,1,"$326,77 ",Emard S.A.,Provincia de Buenos Aires,Ana María Serrano,30 días,Perfiles De Acero,Camion
Lanús,61,"$45.603,71 ",Emard S.A.,Provincia de Buenos Aires,Ángeles Pérez,30 días,Perfiles De Acero,Camion
Lanús,61,"$21.536,52 ",Emard S.A.,Provincia de Buenos Aires,Antonia Lorente,30 días,Perfiles De Acero,Camion
Lanús,9,"$41.315,73 ",Emard S.A.,Provincia de Buenos Aires,Antonia Martínez,30 días,Perfiles De Acero,Camion
Lanús,81,"$81.419,82 ",Emard S.A.,Provincia de Buenos Aires,Antonio Calderón,30 días,Perfiles De Acero,Camion
Lanús,3,"$591,85 ",Emard S.A.,Provincia de Buenos Aires,Begoña García,30 días,Perfiles De Acero,Camion
Lanús,35,"$12.340,28 ",Emard S.A.,Provincia de Buenos Aires,Carmen Cortes,30 días,Perfiles De Acero,Camion
Lanús,19,"$24.768,04 ",Emard S.A.,Provincia de Buenos Aires,Carmen Diez,30 días,Perfiles De Acero,Camion
Lanús,20,"$101,47 ",Emard S.A.,Provincia de Buenos Aires,Cristina Rodríguez,30 días,Perfiles De Acero,Camion
Lanús,23,"$21.780,93 ",Emard S.A.,Provincia de Buenos Aires,Cristina Zamora,30 días,Perfiles De Acero,Camion
Lanús,19,"$119,45 ",Emard S.A.,Provincia de Buenos Aires,Daniel Pino,30 días,Perfiles De Acero,Camion
Lanús,43,"$112.945,43 ",Emard S.A.,Provincia de Buenos Aires,Elena Fernández,30 días,Perfiles De Acero,Camion
Lanús,22,"$18.601,59 ",Emard S.A.,Provincia de Buenos Aires,Francisco Miñana,30 días,Perfiles De Acero,Camion
Lanús,4,"$82,59 ",Emard S.A.,Provincia de Buenos Aires,Jaume García,30 días,Perfiles De Acero,Camion
Lanús,18,"$22.377,34 ",Emard S.A.,Provincia de Buenos Aires,Joaquín Vega,30 días,Perfiles De Acero,Camion
Lanús,4,"$561,55 ",Emard S.A.,Provincia de Buenos Aires,José Antonio López,30 días,Perfiles De Acero,Camion
Lanús,3,"$969,17 ",Emard S.A.,Provincia de Buenos Aires,José Carretero,30 días,Perfiles De Acero,Camion
Lanús,40,"$4.359,81 ",Emard S.A.,Provincia de Buenos Aires,José María Pérez,30 días,Perfiles De Acero,Camion
Lanús,21,"$416,57 ",Emard S.A.,Provincia de Buenos Aires,José Sola,30 días,Perfiles De Acero,Camion
Lanús,99,"$105.535,13 ",Emard S.A.,Provincia de Buenos Aires,Juan Andrés,30 días,Perfiles De Acero,Camion
Lanús,19,"$1.296,77 ",Emard S.A.,Provincia de Buenos Aires,Manuel Grande,30 días,Perfiles De Acero,Camion
Lanús,1,"$136,52 ",Emard S.A.,Provincia de Buenos Aires,Manuel Muñoz,30 días,Perfiles De Acero,Camion
Lanús,23,"$18.108,23 ",Emard S.A.,Provincia de Buenos Aires,María Ángeles Ruiz,30 días,Perfiles De Acero,Camion
Lanús,10,"$4.430,97 ",Emard S.A.,Provincia de Buenos Aires,María Carmen Serrano,30 días,Perfiles De Acero,Camion
Lanús,42,"$12.055,16 ",Emard S.A.,Provincia de Buenos Aires,María Cedeño,30 días,Perfiles De Acero,Camion
Lanús,108,"$82.859,72 ",Emard S.A.,Provincia de Buenos Aires,María Diego,30 días,Perfiles De Acero,Camion
Lanús,81,"$81.419,82 ",Emard S.A.,Provincia de Buenos Aires,María Dolores Sousa,30 días,Perfiles De Acero,Camion
Lanús,13,"$1.055,79 ",Emard S.A.,Provincia de Buenos Aires,María Fernández,30 días,Perfiles De Acero,Camion
Lanús,14,"$5.736,88 ",Emard S.A.,Provincia de Buenos Aires,María Isabel Heredia,30 días,Perfiles De Acero,Camion
Lanús,7,"$914,40 ",Emard S.A.,Provincia de Buenos Aires,María Jesús Peñalver,30 días,Perfiles De Acero,Camion
Lanús,50,"$13.052,63 ",Emard S.A.,Provincia de Buenos Aires,Marta López,30 días,Perfiles De Acero,Camion
Lanús,3,"$191,68 ",Emard S.A.,Provincia de Buenos Aires,Pablo López,30 días,Perfiles De Acero,Camion
Lanús,5,"$13.364,62 ",Emard S.A.,Provincia de Buenos Aires,Raquel Pueyo,30 días,Perfiles De Acero,Camion
Lanús,24,"$2.866,84 ",Emard S.A.,Provincia de Buenos Aires,Sara Pineda,30 días,Perfiles De Acero,Camion
Lanús,23,"$286,02 ",Emard S.A.,Provincia de Buenos Aires,Sergio Jiménez,30 días,Perfiles De Acero,Camion
Lanús,9,"$343,87 ",Emard S.A.,Provincia de Buenos Aires,Susana Escudero,30 días,Perfiles De Acero,Camion
Lanús,17,"$19.449,89 ",Emard S.A.,Provincia de Buenos Aires,Teresa Martínez,30 días,Perfiles De Acero,Camion
Lanús,17,"$574,84 ",Harber SRL,Provincia de Buenos Aires,Ana Aguilera,30 días,Perfiles De Acero,Camion
Lanús,3,"$142,88 ",Harber SRL,Provincia de Buenos Aires,Ana María Delgado,30 días,Perfiles De Acero,Camion
Lanús,55,"$3.381,25 ",Harber SRL,Provincia de Buenos Aires,Antonia Lorente,30 días,Perfiles De Acero,Camion
Lanús,3,"$322,14 ",Harber SRL,Provincia de Buenos Aires,Antonio Calderón,30 días,Perfiles De Acero,Camion
Lanús,3,"$858,76 ",Harber SRL,Provincia de Buenos Aires,Begoña García,30 días,Perfiles De Acero,Camion
Lanús,47,"$3.469,29 ",Harber SRL,Provincia de Buenos Aires,Carlos Arenas,30 días,Perfiles De Acero,Camion
Lanús,6,"$714,57 ",Harber SRL,Provincia de Buenos Aires,Carmen Cortes,30 días,Perfiles De Acero,Camion
Lanús,28,"$94.316,64 ",Harber SRL,Provincia de Buenos Aires,Carmen Diez,30 días,Perfiles De Acero,Camion
Lanús,9,"$3.340,53 ",Harber SRL,Provincia de Buenos Aires,Carmen Sánchez,30 días,Perfiles De Acero,Camion
Lanús,21,"$117,86 ",Harber SRL,Provincia de Buenos Aires,Cristina Rodríguez,30 días,Perfiles De Acero,Camion
Lanús,30,"$1.479,04 ",Harber SRL,Provincia de Buenos Aires,Cristina Zamora,30 días,Perfiles De Acero,Camion
Lanús,24,"$37.725,72 ",Harber SRL,Provincia de Buenos Aires,Elena Fernández,30 días,Perfiles De Acero,Camion
Lanús,2,"$917,01 ",Harber SRL,Provincia de Buenos Aires,Francisco Miñana,30 días,Perfiles De Acero,Camion
Lanús,22,"$2.152,65 ",Harber SRL,Provincia de Buenos Aires,Jaume García,30 días,Perfiles De Acero,Camion
Lanús,23,"$1.142,65 ",Harber SRL,Provincia de Buenos Aires,Joaquín Vega,30 días,Perfiles De Acero,Camion
Lanús,3,"$757,83 ",Harber SRL,Provincia de Buenos Aires,José Antonio López,30 días,Perfiles De Acero,Camion
Lanús,20,"$1.921,79 ",Harber SRL,Provincia de Buenos Aires,José Carretero,30 días,Perfiles De Acero,Camion
Lanús,18,"$93,68 ",Harber SRL,Provincia de Buenos Aires,José María Pérez,30 días,Perfiles De Acero,Camion
Lanús,33,"$1.349,16 ",Harber SRL,Provincia de Buenos Aires,José Salcedo,30 días,Perfiles De Acero,Camion
Lanús,6,"$794,97 ",Harber SRL,Provincia de Buenos Aires,José Sola,30 días,Perfiles De Acero,Camion
Lanús,18,"$715,16 ",Harber SRL,Provincia de Buenos Aires,Manuel Grande,30 días,Perfiles De Acero,Camion
Lanús,12,"$134,81 ",Harber SRL,Provincia de Buenos Aires,Manuel Muñoz,30 días,Perfiles De Acero,Camion
Lanús,19,"$26.459,65 ",Harber SRL,Provincia de Buenos Aires,María Ángeles Alves,30 días,Perfiles De Acero,Camion
Lanús,6,"$342,98 ",Harber SRL,Provincia de Buenos Aires,María Ángeles Martínez,30 días,Perfiles De Acero,Camion
Lanús,45,"$107.510,13 ",Harber SRL,Provincia de Buenos Aires,María Ángeles Ruiz,30 días,Perfiles De Acero,Camion
Lanús,14,"$93.404,25 ",Harber SRL,Provincia de Buenos Aires,María Carmen Serrano,30 días,Perfiles De Acero,Camion
Lanús,54,"$100.219,88 ",Harber SRL,Provincia de Buenos Aires,María Cedeño,30 días,Perfiles De Acero,Camion
Lanús,8,"$715,25 ",Harber SRL,Provincia de Buenos Aires,María Diego,30 días,Perfiles De Acero,Camion
Lanús,17,"$95.062,19 ",Harber SRL,Provincia de Buenos Aires,María Dolores Sousa,30 días,Perfiles De Acero,Camion
Lanús,3,"$24.141,85 ",Harber SRL,Provincia de Buenos Aires,María Fernández,30 días,Perfiles De Acero,Camion
Lanús,3,"$100,72 ",Harber SRL,Provincia de Buenos Aires,María Isabel Heredia,30 días,Perfiles De Acero,Camion
Lanús,14,"$908,77 ",Harber SRL,Provincia de Buenos Aires,María Isabel León,30 días,Perfiles De Acero,Camion
Lanús,16,"$2.519,26 ",Harber SRL,Provincia de Buenos Aires,María Jesús Peñalver,30 días,Perfiles De Acero,Camion
Lanús,14,"$93.404,25 ",Harber SRL,Provincia de Buenos Aires,Marta Amigo,30 días,Perfiles De Acero,Camion
Lanús,3,"$548,46 ",Harber SRL,Provincia de Buenos Aires,Marta López,30 días,Perfiles De Acero,Camion
Lanús,15,"$1.079,41 ",Harber SRL,Provincia de Buenos Aires,Pablo López,30 días,Perfiles De Acero,Camion
Lanús,10,"$431,48 ",Harber SRL,Provincia de Buenos Aires,Raquel Pueyo,30 días,Perfiles De Acero,Camion
Lanús,15,"$964,91 ",Harber SRL,Provincia de Buenos Aires,Susana Escudero,30 días,Perfiles De Acero,Camion
Lanús,3,"$641,94 ",Simones e Hijos,Provincia de Buenos Aires,Alejandro Del Olmo,60 días,Perfiles De Acero,Camion
Lanús,3,"$16.283,45 ",Simones e Hijos,Provincia de Buenos Aires,Carmen Sánchez,60 días,Perfiles De Acero,Camion
Lanús,3,"$21.290,36 ",Simones e Hijos,Provincia de Buenos Aires,María Pilar Pérez,60 días,Perfiles De Acero,Camion
Lanús,3,"$87,10 ",Ledner SRL,Provincia de Buenos Aires,Adrián Souto,30 días,Perfiles De Acero,Camion
Lanús,3,"$110,32 ",Ledner SRL,Provincia de Buenos Aires,Alejandro Del Olmo,30 días,Perfiles De Acero,Camion
Lanús,3,"$149,78 ",Ledner SRL,Provincia de Buenos Aires,Ana María Serrano,30 días,Perfiles De Acero,Camion
Lanús,3,"$450,50 ",Ledner SRL,Provincia de Buenos Aires,Ángeles Pérez,30 días,Perfiles De Acero,Camion
Lanús,21,"$1.270,97 ",Ledner SRL,Provincia de Buenos Aires,Antonia Lorente,30 días,Perfiles De Acero,Camion
Lanús,29,"$1.579,36 ",Ledner SRL,Provincia de Buenos Aires,Antonia Martínez,30 días,Perfiles De Acero,Camion
Lanús,95,"$12.577,75 ",Ledner SRL,Provincia de Buenos Aires,Begoña García,30 días,Perfiles De Acero,Camion
Lanús,95,"$12.577,75 ",Ledner SRL,Provincia de Buenos Aires,Carlos Arenas,30 días,Perfiles De Acero,Camion
Lanús,3,"$4.381,94 ",Ledner SRL,Provincia de Buenos Aires,Carmen Cortes,30 días,Perfiles De Acero,Camion
Lanús,23,"$2.537,75 ",Ledner SRL,Provincia de Buenos Aires,Carmen Sánchez,30 días,Perfiles De Acero,Camion
Lanús,6,"$124,90 ",Ledner SRL,Provincia de Buenos Aires,Cristina Rodríguez,30 días,Perfiles De Acero,Camion
Lanús,19,"$540,33 ",Ledner SRL,Provincia de Buenos Aires,Cristina Zamora,30 días,Perfiles De Acero,Camion
Lanús,8,"$303,90 ",Ledner SRL,Provincia de Buenos Aires,Daniel Pino,30 días,Perfiles De Acero,Camion
Lanús,98,"$12.889,43 ",Ledner SRL,Provincia de Buenos Aires,Elena Fernández,30 días,Perfiles De Acero,Camion
Lanús,144,"$14.657,58 ",Ledner SRL,Provincia de Buenos Aires,Jaume García,30 días,Perfiles De Acero,Camion
Lanús,24,"$5.222,39 ",Ledner SRL,Provincia de Buenos Aires,José Antonio López,30 días,Perfiles De Acero,Camion
Lanús,31,"$383,08 ",Ledner SRL,Provincia de Buenos Aires,José Carretero,30 días,Perfiles De Acero,Camion
Lanús,8,"$651,31 ",Ledner SRL,Provincia de Buenos Aires,José Sola,30 días,Perfiles De Acero,Camion
Lanús,3,"$4.036,49 ",Ledner SRL,Provincia de Buenos Aires,Juan Andrés,30 días,Perfiles De Acero,Camion
Lanús,3,"$127,63 ",Ledner SRL,Provincia de Buenos Aires,Manuel Grande,30 días,Perfiles De Acero,Camion
Lanús,8,$4.382 ,Ledner SRL,Provincia de Buenos Aires,Manuel Muñoz,30 días,Perfiles De Acero,Camion
Lanús,9,"$11.679,71 ",Ledner SRL,Provincia de Buenos Aires,María Ángeles Alves,30 días,Perfiles De Acero,Camion
Lanús,1,"$789,97 ",Ledner SRL,Provincia de Buenos Aires,María Ángeles Martínez,30 días,Perfiles De Acero,Camion
Lanús,20,"$503,82 ",Ledner SRL,Provincia de Buenos Aires,María Ángeles Ruiz,30 días,Perfiles De Acero,Camion
Lanús,98,"$12.750,78 ",Ledner SRL,Provincia de Buenos Aires,María Carmen Serrano,30 días,Perfiles De Acero,Camion
Lanús,3,"$531,26 ",Ledner SRL,Provincia de Buenos Aires,María Dolores Sousa,30 días,Perfiles De Acero,Camion
Lanús,19,"$446,68 ",Ledner SRL,Provincia de Buenos Aires,María Fernández,30 días,Perfiles De Acero,Camion
Lanús,113,"$14.114,96 ",Ledner SRL,Provincia de Buenos Aires,María Isabel Heredia,30 días,Perfiles De Acero,Camion
Lanús,18,"$22.383,17 ",Ledner SRL,Provincia de Buenos Aires,María Isabel León,30 días,Perfiles De Acero,Camion
Lanús,3,"$1.607,01 ",Ledner SRL,Provincia de Buenos Aires,María Pilar Pérez,30 días,Perfiles De Acero,Camion
Lanús,1,"$180,65 ",Ledner SRL,Provincia de Buenos Aires,Marta Amigo,30 días,Perfiles De Acero,Camion
Lanús,3,"$1.348,26 ",Ledner SRL,Provincia de Buenos Aires,Pablo López,30 días,Perfiles De Acero,Camion
Lanús,3,"$129,68 ",Ledner SRL,Provincia de Buenos Aires,Raquel Pueyo,30 días,Perfiles De Acero,Camion
Lanús,3,"$216,54 ",Ledner SRL,Provincia de Buenos Aires,Sergio Jiménez,30 días,Perfiles De Acero,Camion
Lanús,2,"$128,21 ",Ledner SRL,Provincia de Buenos Aires,Teresa Martínez,30 días,Perfiles De Acero,Camion
Lanús,20,"$3.205,30 ",Lehner and Sons,Provincia de Buenos Aires,Alberto García,30 días,Perfiles De Acero,Camion
Lanús,2,"$406,58 ",Lehner and Sons,Provincia de Buenos Aires,Joaquín Vega,30 días,Perfiles De Acero,Camion
Lanús,10,"$615,86 ",Lehner and Sons,Provincia de Buenos Aires,Susana Escudero,30 días,Perfiles De Acero,Camion
Lanús,9,"$4.864,94 ","Ratke, Daniel and Keebler",Provincia de Buenos Aires,Alejandro Del Olmo,30 días,Perfiles De Acero,Camion
Lanús,9,"$4.864,94 ","Ratke, Daniel and Keebler",Provincia de Buenos Aires,Carmen Diez,30 días,Perfiles De Acero,Camion
Lanús,9,"$4.864,94 ","Ratke, Daniel and Keebler",Provincia de Buenos Aires,Cristina Rodríguez,30 días,Perfiles De Acero,Camion
Lanús,9,"$4.864,94 ","Ratke, Daniel and Keebler",Provincia de Buenos Aires,Jaume García,30 días,Perfiles De Acero,Camion
Lanús,2,"$1.247,42 ","Ratke, Daniel and Keebler",Provincia de Buenos Aires,José Carretero,30 días,Perfiles De Acero,Camion
Lanús,9,"$4.864,94 ","Ratke, Daniel and Keebler",Provincia de Buenos Aires,María Dolores Sousa,30 días,Perfiles De Acero,Camion
Lanús,9,"$4.864,94 ","Ratke, Daniel and Keebler",Provincia de Buenos Aires,María Isabel León,30 días,Perfiles De Acero,Camion
Lanús,3,"$789,97 ",Tremblay SRL,Provincia de Buenos Aires,Sergio Jiménez,30 días,Perfiles De Acero,Camion
Las Heras,121,"$25.410,78 ",Rosebund,Provincia de Mendoza,Elena Fernández,30 días,Perfiles De Acero,Camion
Las Heras,1,"$936,01 ","Muller, Reichert and Schmitt",Provincia de Mendoza,José Antonio López,30 días,Perfiles De Acero,Camion
Las Heras,3,"$3.612,90 ","Schmitt, Hermiston and Johnson",Provincia de Mendoza,Teresa Martínez,30 días,Perfiles De Acero,Camion
Mar del Plata,187,"$111.305,63 ",Gomez SA,Provincia de Buenos Aires,Adrián Souto,30 días,Tornillos,Camion
Mar del Plata,62,"$53.007,01 ",Gomez SA,Provincia de Buenos Aires,Alberto García,30 días,Tornillos,Camion
Mar del Plata,20,"$642,58 ",Gomez SA,Provincia de Buenos Aires,Ana María Serrano,30 días,Tornillos,Camion
Mar del Plata,101,"$791.988,37 ",Gomez SA,Provincia de Buenos Aires,Ángeles Pérez,30 días,Tornillos,Camion
Mar del Plata,147,"$304.932,85 ",Gomez SA,Provincia de Buenos Aires,Antonio Calderón,30 días,Tornillos,Camion
Mar del Plata,125,"$816.384,71 ",Gomez SA,Provincia de Buenos Aires,Carmen Cortes,30 días,Tornillos,Camion
Mar del Plata,111,"$87.833,60 ",Gomez SA,Provincia de Buenos Aires,Carmen Sánchez,30 días,Tornillos,Camion
Mar del Plata,19,"$596,77 ",Gomez SA,Provincia de Buenos Aires,Cristina Rodríguez,30 días,Tornillos,Camion
Mar del Plata,92,"$68.067,91 ",Gomez SA,Provincia de Buenos Aires,Daniel Pino,30 días,Tornillos,Camion
Mar del Plata,40,"$3.794,59 ",Gomez SA,Provincia de Buenos Aires,Elena Fernández,30 días,Tornillos,Camion
Mar del Plata,57,"$24.273,44 ",Gomez SA,Provincia de Buenos Aires,Francisco Miñana,30 días,Tornillos,Camion
Mar del Plata,43,"$157.958,14 ",Gomez SA,Provincia de Buenos Aires,Jaume García,30 días,Tornillos,Camion
Mar del Plata,33,"$23.055,92 ",Gomez SA,Provincia de Buenos Aires,Joaquín Vega,30 días,Tornillos,Camion
Mar del Plata,30,"$23.141,50 ",Gomez SA,Provincia de Buenos Aires,José Antonio López,30 días,Tornillos,Camion
Mar del Plata,11,"$16.710,59 ",Gomez SA,Provincia de Buenos Aires,José Carretero,30 días,Tornillos,Camion
Mar del Plata,141,"$796.161,02 ",Gomez SA,Provincia de Buenos Aires,José María Pérez,30 días,Tornillos,Camion
Mar del Plata,22,"$101.078,86 ",Gomez SA,Provincia de Buenos Aires,José Sola,30 días,Tornillos,Camion
Mar del Plata,25,"$24.954,44 ",Gomez SA,Provincia de Buenos Aires,Juan Andrés,30 días,Tornillos,Camion
Mar del Plata,7,"$22.662,23 ",Gomez SA,Provincia de Buenos Aires,María Ángeles Alves,30 días,Tornillos,Camion
Mar del Plata,118,"$805.873,04 ",Gomez SA,Provincia de Buenos Aires,María Carmen Serrano,30 días,Tornillos,Camion
Mar del Plata,17,"$16.438,99 ",Gomez SA,Provincia de Buenos Aires,María Cedeño,30 días,Tornillos,Camion
Mar del Plata,140,"$366.629,48 ",Gomez SA,Provincia de Buenos Aires,María Dolores Sousa,30 días,Tornillos,Camion
Mar del Plata,95,"$37.710,49 ",Gomez SA,Provincia de Buenos Aires,María Fernández,30 días,Tornillos,Camion
Mar del Plata,99,"$18.747,68 ",Gomez SA,Provincia de Buenos Aires,María Isabel León,30 días,Tornillos,Camion
Mar del Plata,45,"$46.762,06 ",Gomez SA,Provincia de Buenos Aires,María Pilar Pérez,30 días,Tornillos,Camion
Mar del Plata,193,"$860.056,28 ",Gomez SA,Provincia de Buenos Aires,Marta Amigo,30 días,Tornillos,Camion
Mar del Plata,25,"$120,93 ",Gomez SA,Provincia de Buenos Aires,Marta López,30 días,Tornillos,Camion
Mar del Plata,101,"$791.988,37 ",Gomez SA,Provincia de Buenos Aires,Pablo López,30 días,Tornillos,Camion
Mar del Plata,39,"$8.798,94 ",Gomez SA,Provincia de Buenos Aires,Sara Pineda,30 días,Tornillos,Camion
Mar del Plata,2,"$32.882,58 ",Gomez SA,Provincia de Buenos Aires,Sergio Jiménez,30 días,Tornillos,Camion
Mar del Plata,33,"$13.398,77 ",Gomez SA,Provincia de Buenos Aires,Susana Escudero,30 días,Tornillos,Camion
Mar del Plata,9,"$85,48 ",Gomez SA,Provincia de Buenos Aires,Teresa Martínez,30 días,Tornillos,Camion
Mar del Plata,21,"$516,13 ",Rosebund,Provincia de Buenos Aires,Carmen Diez,30 días,Perfiles De Acero,Camion
Mar del Plata,96,"$2.012,90 ",Rosebund,Provincia de Buenos Aires,Carmen Sánchez,30 días,Perfiles De Acero,Camion
Mar del Plata,96,"$2.012,90 ",Rosebund,Provincia de Buenos Aires,Cristina Rodríguez,30 días,Perfiles De Acero,Camion
Mar del Plata,96,"$2.012,90 ",Rosebund,Provincia de Buenos Aires,José Sola,30 días,Perfiles De Acero,Camion
Mar del Plata,21,"$20.426,06 ",Rosebund,Provincia de Buenos Aires,María Isabel Heredia,30 días,Perfiles De Acero,Camion
Mar del Plata,192,"$4.025,81 ",Rosebund,Provincia de Buenos Aires,María Isabel León,30 días,Perfiles De Acero,Camion
Mar del Plata,96,"$2.012,90 ",Rosebund,Provincia de Buenos Aires,Teresa Martínez,30 días,Perfiles De Acero,Camion
Mar del Plata,2,"$160,23 ","Bernhard, Russel and Reinger",Provincia de Buenos Aires,Carmen Diez,30 días,Tornillos,Camion
Mar del Plata,27,"$19.939,42 ","Bernhard, Russel and Reinger",Provincia de Buenos Aires,María Cedeño,30 días,Tornillos,Camion
Mar del Plata,15,"$26.455,79 ","Bernhard, Russel and Reinger",Provincia de Buenos Aires,Teresa Martínez,30 días,Tornillos,Camion
Mar del Plata,10,"$20.371,06 ",Bins LLC,Provincia de Buenos Aires,María Pilar Pérez,30 días,Perfiles De Acero,Tren
Mar del Plata,370,"$3.522,58 ","Boyer, Lockman and Runte",Provincia de Buenos Aires,Ana Aguilera,30 días,Tuercas,Camion
Mar del Plata,38,"$22.097,48 ","Boyer, Lockman and Runte",Provincia de Buenos Aires,Begoña García,30 días,Tuercas,Camion
Mar del Plata,370,"$3.522,58 ","Boyer, Lockman and Runte",Provincia de Buenos Aires,Cristina Zamora,30 días,Tuercas,Camion
Mar del Plata,2,"$1.006,45 ","Boyer, Lockman and Runte",Provincia de Buenos Aires,Elena Fernández,30 días,Tuercas,Camion
Mar del Plata,752,"$7.625,81 ","Boyer, Lockman and Runte",Provincia de Buenos Aires,Francisco Miñana,30 días,Tuercas,Camion
Mar del Plata,370,"$3.522,58 ","Boyer, Lockman and Runte",Provincia de Buenos Aires,José Antonio López,30 días,Tuercas,Camion
Mar del Plata,82,"$903,23 ","Boyer, Lockman and Runte",Provincia de Buenos Aires,José María Pérez,30 días,Tuercas,Camion
Mar del Plata,3,"($4.015,08)","Boyer, Lockman and Runte",Provincia de Buenos Aires,José Salcedo,30 días,Tornillos,Tren
Mar del Plata,370,"$3.522,58 ","Boyer, Lockman and Runte",Provincia de Buenos Aires,José Salcedo,30 días,Tuercas,Camion
Mar del Plata,18,"$2.516,35 ","Boyer, Lockman and Runte",Provincia de Buenos Aires,María Isabel León,30 días,Tuercas,Camion
Mar del Plata,42,"$1.426,45 ","Boyer, Lockman and Runte",Provincia de Buenos Aires,Marta López,30 días,Tuercas,Camion
Mar del Plata,91,"$126,25 ","Brown, Quitzon and Klein",Provincia de Buenos Aires,Alberto García,60 días,Perfiles De Acero,Camion
Mar del Plata,18,"$147,75 ","Brown, Quitzon and Klein",Provincia de Buenos Aires,Daniel Pino,60 días,Perfiles De Acero,Camion
Mar del Plata,34,"$15.402,15 ","Brown, Quitzon and Klein",Provincia de Buenos Aires,Elena Fernández,60 días,Perfiles De Acero,Camion
Mar del Plata,58,"$32.040,60 ","Brown, Quitzon and Klein",Provincia de Buenos Aires,Francisco Miñana,60 días,Perfiles De Acero,Camion
Mar del Plata,36,"$18.983,35 ","Brown, Quitzon and Klein",Provincia de Buenos Aires,José María Pérez,60 días,Perfiles De Acero,Camion
Mar del Plata,15,"$134,90 ","Brown, Quitzon and Klein",Provincia de Buenos Aires,José Salcedo,60 días,Perfiles De Acero,Camion
Mar del Plata,18,"$111,60 ","Brown, Quitzon and Klein",Provincia de Buenos Aires,Susana Escudero,60 días,Perfiles De Acero,Camion
Mar del Plata,93,"$1.230.136,16 ","Cassin, Gislason and Hoppe",Provincia de Buenos Aires,Adrián Souto,30 días,Tuercas,Camion
Mar del Plata,93,"$1.230.136,16 ","Cassin, Gislason and Hoppe",Provincia de Buenos Aires,Alejandro Del Olmo,30 días,Tuercas,Camion
Mar del Plata,23,"$1.558.826,98 ","Cassin, Gislason and Hoppe",Provincia de Buenos Aires,Ana María Delgado,30 días,Tuercas,Camion
Mar del Plata,18,"$29.114,35 ","Cassin, Gislason and Hoppe",Provincia de Buenos Aires,Ana María Serrano,30 días,Tuercas,Camion
Mar del Plata,4,"$29.344,24 ","Cassin, Gislason and Hoppe",Provincia de Buenos Aires,Antonia Martínez,30 días,Tuercas,Camion
Mar del Plata,15,"$43.939,48 ","Cassin, Gislason and Hoppe",Provincia de Buenos Aires,Antonio Calderón,30 días,Tuercas,Camion
Mar del Plata,21,"$315.419,53 ","Cassin, Gislason and Hoppe",Provincia de Buenos Aires,Carlos Arenas,30 días,Tuercas,Camion
Mar del Plata,3,"$29.283,06 ","Cassin, Gislason and Hoppe",Provincia de Buenos Aires,Carmen Cortes,30 días,Tuercas,Camion
Mar del Plata,4,"$23.579,90 ","Cassin, Gislason and Hoppe",Provincia de Buenos Aires,Carmen Diez,30 días,Tuercas,Camion
Mar del Plata,64,"$1.567.507,04 ","Cassin, Gislason and Hoppe",Provincia de Buenos Aires,Carmen Sánchez,30 días,Tuercas,Camion
Mar del Plata,12,"$22.527,17 ","Cassin, Gislason and Hoppe",Provincia de Buenos Aires,Cristina Rodríguez,30 días,Tuercas,Camion
Mar del Plata,124,"$1.264.451,39 ","Cassin, Gislason and Hoppe",Provincia de Buenos Aires,Cristina Zamora,30 días,Tuercas,Camion
Mar del Plata,9,"$3.956,06 ","Cassin, Gislason and Hoppe",Provincia de Buenos Aires,Daniel Pino,30 días,Tuercas,Camion
Mar del Plata,3,"$26.830,85 ","Cassin, Gislason and Hoppe",Provincia de Buenos Aires,Elena Fernández,30 días,Tuercas,Camion
Mar del Plata,22,"$126,13 ","Cassin, Gislason and Hoppe",Provincia de Buenos Aires,Francisco Miñana,30 días,Tuercas,Camion
Mar del Plata,50,"$91.930,10 ","Cassin, Gislason and Hoppe",Provincia de Buenos Aires,Joaquín Vega,30 días,Tuercas,Camion
Mar del Plata,23,"$1.558.826,98 ","Cassin, Gislason and Hoppe",Provincia de Buenos Aires,José Antonio López,30 días,Tuercas,Camion
Mar del Plata,97,"$1.230.253,41 ","Cassin, Gislason and Hoppe",Provincia de Buenos Aires,José Carretero,30 días,Tuercas,Camion
Mar del Plata,23,"$1.558.826,98 ","Cassin, Gislason and Hoppe",Provincia de Buenos Aires,José María Pérez,30 días,Tuercas,Camion
Mar del Plata,32,"$91.795,91 ","Cassin, Gislason and Hoppe",Provincia de Buenos Aires,José Sola,30 días,Tuercas,Camion
Mar del Plata,72,"$747,54 ","Cassin, Gislason and Hoppe",Provincia de Buenos Aires,Juan Andrés,30 días,Tuercas,Camion
Mar del Plata,10,"$52.324,15 ","Cassin, Gislason and Hoppe",Provincia de Buenos Aires,Manuel Muñoz,30 días,Tuercas,Camion
Mar del Plata,21,"$734,19 ","Cassin, Gislason and Hoppe",Provincia de Buenos Aires,María Ángeles Alves,30 días,Tuercas,Camion
Mar del Plata,59,"$138.789,16 ","Cassin, Gislason and Hoppe",Provincia de Buenos Aires,María Carmen Serrano,30 días,Tuercas,Camion
Mar del Plata,119,"$2.812.425,28 ","Cassin, Gislason and Hoppe",Provincia de Buenos Aires,María Cedeño,30 días,Tuercas,Camion
Mar del Plata,125,"$1.321.932,07 ","Cassin, Gislason and Hoppe",Provincia de Buenos Aires,María Diego,30 días,Tuercas,Camion
Mar del Plata,32,"$91.795,91 ","Cassin, Gislason and Hoppe",Provincia de Buenos Aires,María Dolores Sousa,30 días,Tuercas,Camion
Mar del Plata,5,"$399.699,23 ","Cassin, Gislason and Hoppe",Provincia de Buenos Aires,María Isabel Heredia,30 días,Tuercas,Camion
Mar del Plata,32,"$91.795,91 ","Cassin, Gislason and Hoppe",Provincia de Buenos Aires,María Isabel León,30 días,Tuercas,Camion
Mar del Plata,18,"$2.272,65 ","Cassin, Gislason and Hoppe",Provincia de Buenos Aires,María Pilar Pérez,30 días,Tuercas,Camion
Mar del Plata,38,"$47.267,44 ","Cassin, Gislason and Hoppe",Provincia de Buenos Aires,Marta López,30 días,Tuercas,Camion
Mar del Plata,30,"$1.563.586,10 ","Cassin, Gislason and Hoppe",Provincia de Buenos Aires,Raquel Pueyo,30 días,Tuercas,Camion
Mar del Plata,17,"$130,26 ","Cassin, Gislason and Hoppe",Provincia de Buenos Aires,Sara Pineda,30 días,Tuercas,Camion
Mar del Plata,2,"$27.884,15 ","Cassin, Gislason and Hoppe",Provincia de Buenos Aires,Sergio Jiménez,30 días,Tuercas,Camion
Mar del Plata,16,"$191,68 ","Cassin, Gislason and Hoppe",Provincia de Buenos Aires,Teresa Martínez,30 días,Tuercas,Camion
Mar del Plata,3,"$483,87 ",Collier-Block,Provincia de Buenos Aires,María Ángeles Martínez,30 días,Tornillos,Tren
Mar del Plata,70,"$40.587,61 ","Collins, Mayert and Oberbrunner",Provincia de Buenos Aires,Alberto García,30 días,Tornillos,Camion
Mar del Plata,11,"$24.562,71 ","Collins, Mayert and Oberbrunner",Provincia de Buenos Aires,Ana María Delgado,30 días,Tornillos,Camion
Mar del Plata,45,"$24.162,36 ","Collins, Mayert and Oberbrunner",Provincia de Buenos Aires,Antonio Calderón,30 días,Tornillos,Camion
Mar del Plata,40,"$26.396,49 ","Collins, Mayert and Oberbrunner",Provincia de Buenos Aires,Cristina Zamora,30 días,Tornillos,Camion
Mar del Plata,18,"$22.959,85 ","Collins, Mayert and Oberbrunner",Provincia de Buenos Aires,Francisco Miñana,30 días,Tornillos,Camion
Mar del Plata,20,"$2.978,95 ","Collins, Mayert and Oberbrunner",Provincia de Buenos Aires,José Carretero,30 días,Tornillos,Camion
Mar del Plata,10,"$24.733,01 ","Collins, Mayert and Oberbrunner",Provincia de Buenos Aires,Juan Andrés,30 días,Tornillos,Camion
Mar del Plata,79,"$166.721,30 ","Collins, Mayert and Oberbrunner",Provincia de Buenos Aires,María Fernández,30 días,Tornillos,Camion
Mar del Plata,14,"$22.586,10 ","Collins, Mayert and Oberbrunner",Provincia de Buenos Aires,Marta López,30 días,Tornillos,Camion
Mar del Plata,12,"$27.643,23 ","Collins, Mayert and Oberbrunner",Provincia de Buenos Aires,Pablo López,30 días,Tornillos,Camion
Mar del Plata,15,"$18.954,24 ","Collins, Mayert and Oberbrunner",Provincia de Buenos Aires,Raquel Pueyo,30 días,Tornillos,Camion
Mar del Plata,3,"$100,13 ",Morar SRL,Provincia de Buenos Aires,Cristina Zamora,30 días,Tornillos,Tren
Mar del Plata,3,"$195,81 ",Morar SRL,Provincia de Buenos Aires,María Carmen Serrano,30 días,Tornillos,Tren
Mar del Plata,3,"$28.882,03 ",Morar SRL,Provincia de Buenos Aires,Sergio Jiménez,30 días,Tornillos,Tren
Mar del Plata,3,"$2.606,71 ",Dickinson-Goldner,Provincia de Buenos Aires,María Pilar Pérez,30 días,Tornillos,Tren
Mar del Plata,3,"$21.120,83 ","Dietrich, Schamberger and Okuneva",Provincia de Buenos Aires,José Antonio López,30 días,Tornillos,Tren
Mar del Plata,21,"$22.479,25 ","Douglas, Kilback and Stanton",Provincia de Buenos Aires,Adrián Souto,90 días,Tuercas,Camion
Mar del Plata,19,"$771,61 ","Douglas, Kilback and Stanton",Provincia de Buenos Aires,Adrián Souto,90 días,Tuercas,Tren
Mar del Plata,20,"$28.942,71 ","Douglas, Kilback and Stanton",Provincia de Buenos Aires,Alberto García,90 días,Tuercas,Camion
Mar del Plata,20,"$29.059,61 ","Douglas, Kilback and Stanton",Provincia de Buenos Aires,Ana Aguilera,90 días,Tuercas,Camion
Mar del Plata,60,"$498.902,79 ","Douglas, Kilback and Stanton",Provincia de Buenos Aires,Ana María Delgado,90 días,Tuercas,Camion
Mar del Plata,8,"$28.845,03 ","Douglas, Kilback and Stanton",Provincia de Buenos Aires,Ana María Serrano,90 días,Tuercas,Camion
Mar del Plata,152,"$156.564,25 ","Douglas, Kilback and Stanton",Provincia de Buenos Aires,Antonia Lorente,90 días,Tuercas,Camion
Mar del Plata,5,"$2.099,23 ","Douglas, Kilback and Stanton",Provincia de Buenos Aires,Antonia Martínez,90 días,Tuercas,Tren
Mar del Plata,20,"$31.370,05 ","Douglas, Kilback and Stanton",Provincia de Buenos Aires,Antonio Calderón,90 días,Tuercas,Camion
Mar del Plata,91,"$122.343,18 ","Douglas, Kilback and Stanton",Provincia de Buenos Aires,Carlos Arenas,90 días,Tuercas,Camion
Mar del Plata,20,"$22.529,28 ","Douglas, Kilback and Stanton",Provincia de Buenos Aires,Carmen Cortes,90 días,Tuercas,Camion
Mar del Plata,58,"$28.994,19 ","Douglas, Kilback and Stanton",Provincia de Buenos Aires,Carmen Diez,90 días,Tuercas,Camion
Mar del Plata,73,"$44.209,48 ","Douglas, Kilback and Stanton",Provincia de Buenos Aires,Carmen Sánchez,90 días,Tuercas,Camion
Mar del Plata,9,"$18.874,39 ","Douglas, Kilback and Stanton",Provincia de Buenos Aires,Cristina Zamora,90 días,Tuercas,Camion
Mar del Plata,3,"($19.828,57)","Douglas, Kilback and Stanton",Provincia de Buenos Aires,Elena Fernández,90 días,Tornillos,Tren
Mar del Plata,60,"$151.001,71 ","Douglas, Kilback and Stanton",Provincia de Buenos Aires,Elena Fernández,90 días,Tuercas,Camion
Mar del Plata,2,"$21.658,41 ","Douglas, Kilback and Stanton",Provincia de Buenos Aires,Jaume García,90 días,Tuercas,Camion
Mar del Plata,20,"$158,06 ","Douglas, Kilback and Stanton",Provincia de Buenos Aires,Joaquín Vega,90 días,Tuercas,Camion
Mar del Plata,20,"$1.125,16 ","Douglas, Kilback and Stanton",Provincia de Buenos Aires,José María Pérez,90 días,Tuercas,Camion
Mar del Plata,18,"$23.207,59 ","Douglas, Kilback and Stanton",Provincia de Buenos Aires,José Salcedo,90 días,Tuercas,Camion
Mar del Plata,112,"$133.785,05 ","Douglas, Kilback and Stanton",Provincia de Buenos Aires,Juan Andrés,90 días,Tuercas,Camion
Mar del Plata,41,"$19.421,49 ","Douglas, Kilback and Stanton",Provincia de Buenos Aires,Manuel Muñoz,90 días,Tuercas,Camion
Mar del Plata,114,"$168.688,10 ","Douglas, Kilback and Stanton",Provincia de Buenos Aires,María Ángeles Alves,90 días,Tuercas,Camion
Mar del Plata,21,"$22.356,31 ","Douglas, Kilback and Stanton",Provincia de Buenos Aires,María Ángeles Martínez,90 días,Tuercas,Camion
Mar del Plata,91,"$122.343,18 ","Douglas, Kilback and Stanton",Provincia de Buenos Aires,María Ángeles Ruiz,90 días,Tuercas,Camion
Mar del Plata,20,"$22.663,97 ","Douglas, Kilback and Stanton",Provincia de Buenos Aires,María Carmen Serrano,90 días,Tuercas,Camion
Mar del Plata,2,"$9.333,99 ","Douglas, Kilback and Stanton",Provincia de Buenos Aires,María Cedeño,90 días,Tuercas,Camion
Mar del Plata,3,"$20.339,21 ","Douglas, Kilback and Stanton",Provincia de Buenos Aires,María Dolores Sousa,90 días,Tuercas,Camion
Mar del Plata,20,"$627,06 ","Douglas, Kilback and Stanton",Provincia de Buenos Aires,María Fernández,90 días,Tuercas,Camion
Mar del Plata,40,"$1.931,35 ","Douglas, Kilback and Stanton",Provincia de Buenos Aires,María Isabel León,90 días,Tuercas,Camion
Mar del Plata,10,"$2.540,80 ","Douglas, Kilback and Stanton",Provincia de Buenos Aires,María Pilar Pérez,90 días,Tuercas,Camion
Mar del Plata,41,"$3.954,74 ","Douglas, Kilback and Stanton",Provincia de Buenos Aires,Marta López,90 días,Tuercas,Camion
Mar del Plata,21,"$18.949,08 ","Douglas, Kilback and Stanton",Provincia de Buenos Aires,Pablo López,90 días,Tuercas,Camion
Mar del Plata,128,"$153.612,40 ","Douglas, Kilback and Stanton",Provincia de Buenos Aires,Raquel Pueyo,90 días,Tuercas,Camion
Mar del Plata,21,"$19.701,99 ","Douglas, Kilback and Stanton",Provincia de Buenos Aires,Sergio Jiménez,90 días,Tuercas,Camion
Mar del Plata,40,"$26.401,89 ","Douglas, Kilback and Stanton",Provincia de Buenos Aires,Susana Escudero,90 días,Tuercas,Camion
Mar del Plata,21,"$29.087,10 ","Douglas, Kilback and Stanton",Provincia de Buenos Aires,Teresa Martínez,90 días,Tuercas,Camion
Mar del Plata,140,"$5.948,13 ",DuBuque-Sawayn,Provincia de Buenos Aires,Antonia Lorente,30 días,Tuercas,Camion
Mar del Plata,16,"$762,58 ",DuBuque-Sawayn,Provincia de Buenos Aires,Cristina Zamora,30 días,Tuercas,Camion
Mar del Plata,70,"$2.974,06 ",DuBuque-Sawayn,Provincia de Buenos Aires,Francisco Miñana,30 días,Tuercas,Camion
Mar del Plata,70,"$2.974,06 ",DuBuque-Sawayn,Provincia de Buenos Aires,José Carretero,30 días,Tuercas,Camion
Mar del Plata,6,"$110.192,79 ",DuBuque-Sawayn,Provincia de Buenos Aires,José Sola,30 días,Tuercas,Camion
Mar del Plata,70,"$2.974,06 ",DuBuque-Sawayn,Provincia de Buenos Aires,Manuel Grande,30 días,Tuercas,Camion
Mar del Plata,19,"$827,10 ",DuBuque-Sawayn,Provincia de Buenos Aires,Marta Amigo,30 días,Tuercas,Camion
Mar del Plata,70,"$2.974,06 ",DuBuque-Sawayn,Provincia de Buenos Aires,Sergio Jiménez,30 días,Tuercas,Camion
Mar del Plata,4,"$804,10 ",DuBuque-Sawayn,Provincia de Buenos Aires,Susana Escudero,30 días,Tuercas,Camion
Mar del Plata,45,"$2.516,13 ",Effertz Ltd,Provincia de Buenos Aires,Adrián Souto,60 días,Perfiles De Acero,Camion
Mar del Plata,3,"($55,66)",Emard S.A.,Provincia de Buenos Aires,Carmen Cortes,30 días,Tornillos,Tren
Mar del Plata,3,"$130,97 ",Emard S.A.,Provincia de Buenos Aires,Joaquín Vega,30 días,Tornillos,Tren
Mar del Plata,37,"$29.607,03 ","Erdman, Fadel and Berge",Provincia de Buenos Aires,Antonio Calderón,30 días,Tuercas,Barco
Mar del Plata,3,"$1.427,40 ","Erdman, Fadel and Berge",Provincia de Buenos Aires,Cristina Zamora,30 días,Tuercas,Barco
Mar del Plata,4,"$143,55 ","Erdman, Fadel and Berge",Provincia de Buenos Aires,Elena Fernández,30 días,Tuercas,Barco
Mar del Plata,5,"$1.149,68 ","Erdman, Fadel and Berge",Provincia de Buenos Aires,José María Pérez,30 días,Tuercas,Camion
Mar del Plata,3,"$31.723,26 ","Erdman, Fadel and Berge",Provincia de Buenos Aires,José Salcedo,30 días,Tuercas,Camion
Mar del Plata,3,"$13.226,83 ","Erdman, Fadel and Berge",Provincia de Buenos Aires,José Sola,30 días,Tuercas,Camion
Mar del Plata,3,"$2.693,41 ","Erdman, Fadel and Berge",Provincia de Buenos Aires,María Diego,30 días,Tuercas,Barco
Mar del Plata,3,"$2.020,08 ","Erdman, Fadel and Berge",Provincia de Buenos Aires,María Isabel León,30 días,Tuercas,Barco
Mar del Plata,3,"$414,17 ","Erdman, Fadel and Berge",Provincia de Buenos Aires,María Isabel León,30 días,Tuercas,Camion
Mar del Plata,3,"$1.405,24 ","Erdman, Fadel and Berge",Provincia de Buenos Aires,Marta Amigo,30 días,Tuercas,Camion
Mar del Plata,3,"$340,65 ","Erdman, Fadel and Berge",Provincia de Buenos Aires,Marta López,30 días,Tuercas,Barco
Mar del Plata,19,"$516,13 ","Erdman, Fadel and Berge",Provincia de Buenos Aires,Raquel Pueyo,30 días,Tuercas,Barco
Mar del Plata,26,"$20.784,53 ",Flatley LLC,Provincia de Buenos Aires,José Sola,30 días,Tornillos,Camion
Mar del Plata,3,"$1.517,94 ",Flatley LLC,Provincia de Buenos Aires,Pablo López,30 días,Tornillos,Camion
Mar del Plata,11,"$45.855,76 ",Flatley LLC,Provincia de Buenos Aires,Susana Escudero,30 días,Tornillos,Camion
Mar del Plata,80,"$10.645,16 ",Gleason-O'Keefe,Provincia de Buenos Aires,Alberto García,30 días,Tuercas,Camion
Mar del Plata,20,"$26.459,12 ",Gleason-O'Keefe,Provincia de Buenos Aires,Carlos Arenas,30 días,Tuercas,Camion
Mar del Plata,26,"$23.751,52 ",Gleason-O'Keefe,Provincia de Buenos Aires,Francisco Miñana,30 días,Tuercas,Camion
Mar del Plata,20,"$23.692,22 ",Gleason-O'Keefe,Provincia de Buenos Aires,José Antonio López,30 días,Tuercas,Camion
Mar del Plata,63,"$26.636,90 ",Gleason-O'Keefe,Provincia de Buenos Aires,María Isabel León,30 días,Tuercas,Camion
Mar del Plata,110,"$28.134,68 ",Gleason-O'Keefe,Provincia de Buenos Aires,Susana Escudero,30 días,Tuercas,Camion
Mar del Plata,236,"$24.884,91 ",Graham and Sons,Provincia de Buenos Aires,María Jesús Peñalver,30 días,Perfiles De Acero,Camion
Mar del Plata,6,"$3.903,23 ",Graham and Sons,Provincia de Buenos Aires,María Pilar Pérez,30 días,Perfiles De Acero,Camion
Mar del Plata,83,"$397.291,47 ","Grant, Bergnaum and Glover",Provincia de Buenos Aires,Adrián Souto,60 días,Tuercas,Camion
Mar del Plata,18,"$826,70 ","Grant, Bergnaum and Glover",Provincia de Buenos Aires,Antonia Lorente,60 días,Tuercas,Camion
Mar del Plata,83,"$397.291,47 ","Grant, Bergnaum and Glover",Provincia de Buenos Aires,Carlos Arenas,60 días,Tuercas,Camion
Mar del Plata,15,"$18.980,72 ","Grant, Bergnaum and Glover",Provincia de Buenos Aires,Carmen Cortes,60 días,Tuercas,Camion
Mar del Plata,83,"$397.291,47 ","Grant, Bergnaum and Glover",Provincia de Buenos Aires,Cristina Zamora,60 días,Tuercas,Camion
Mar del Plata,38,"$18.529,40 ","Grant, Bergnaum and Glover",Provincia de Buenos Aires,Francisco Miñana,60 días,Tuercas,Camion
Mar del Plata,83,"$397.291,47 ","Grant, Bergnaum and Glover",Provincia de Buenos Aires,Joaquín Vega,60 días,Tuercas,Camion
Mar del Plata,19,"$1.865,81 ","Grant, Bergnaum and Glover",Provincia de Buenos Aires,José María Pérez,60 días,Tuercas,Camion
Mar del Plata,83,"$397.291,47 ","Grant, Bergnaum and Glover",Provincia de Buenos Aires,María Ángeles Alves,60 días,Tuercas,Camion
Mar del Plata,1,"$558,72 ","Grant, Bergnaum and Glover",Provincia de Buenos Aires,María Carmen Serrano,60 días,Tuercas,Camion
Mar del Plata,19,"$101.869,61 ","Grant, Bergnaum and Glover",Provincia de Buenos Aires,María Dolores Sousa,60 días,Tuercas,Camion
Mar del Plata,18,"$27.556,67 ","Grant, Bergnaum and Glover",Provincia de Buenos Aires,Marta López,60 días,Tuercas,Camion
Mar del Plata,83,"$397.291,47 ","Grant, Bergnaum and Glover",Provincia de Buenos Aires,Pablo López,60 días,Tuercas,Camion
Mar del Plata,16,"$1.155,48 ","Grant, Bergnaum and Glover",Provincia de Buenos Aires,Sara Pineda,60 días,Tuercas,Camion
Mar del Plata,28,"$196,77 ","Greenholt, Kutch and Tremblay",Provincia de Buenos Aires,Ana María Serrano,30 días,Tornillos,Tren
Mar del Plata,20,"$14.903,61 ","Greenholt, Kutch and Tremblay",Provincia de Buenos Aires,Antonia Martínez,30 días,Tornillos,Camion
Mar del Plata,61,"$14.785,52 ","Greenholt, Kutch and Tremblay",Provincia de Buenos Aires,Carmen Cortes,30 días,Tornillos,Camion
Mar del Plata,75,"$3.236,54 ","Greenholt, Kutch and Tremblay",Provincia de Buenos Aires,Carmen Sánchez,30 días,Tornillos,Camion
Mar del Plata,42,"$516,13 ","Greenholt, Kutch and Tremblay",Provincia de Buenos Aires,Elena Fernández,30 días,Tornillos,Camion
Mar del Plata,3,"$16.536,70 ","Greenholt, Kutch and Tremblay",Provincia de Buenos Aires,Francisco Miñana,30 días,Tornillos,Camion
Mar del Plata,44,"$22.553,48 ","Greenholt, Kutch and Tremblay",Provincia de Buenos Aires,Jaume García,30 días,Tornillos,Camion
Mar del Plata,62,"$180,65 ","Greenholt, Kutch and Tremblay",Provincia de Buenos Aires,José Carretero,30 días,Tornillos,Camion
Mar del Plata,20,"$7.151,61 ","Greenholt, Kutch and Tremblay",Provincia de Buenos Aires,José Salcedo,30 días,Tornillos,Camion
Mar del Plata,20,"$36.868,74 ","Greenholt, Kutch and Tremblay",Provincia de Buenos Aires,José Sola,30 días,Tornillos,Camion
Mar del Plata,3,"$17.322,39 ","Greenholt, Kutch and Tremblay",Provincia de Buenos Aires,Juan Andrés,30 días,Tornillos,Camion
Mar del Plata,20,"$92.193,72 ","Greenholt, Kutch and Tremblay",Provincia de Buenos Aires,Manuel Grande,30 días,Tornillos,Camion
Mar del Plata,14,"$3.728,75 ","Greenholt, Kutch and Tremblay",Provincia de Buenos Aires,María Ángeles Martínez,30 días,Tornillos,Camion
Mar del Plata,17,"$273,41 ","Greenholt, Kutch and Tremblay",Provincia de Buenos Aires,María Carmen Serrano,30 días,Tornillos,Camion
Mar del Plata,16,"$114,19 ","Greenholt, Kutch and Tremblay",Provincia de Buenos Aires,María Pilar Pérez,30 días,Tornillos,Tren
Mar del Plata,56,"$22.786,77 ","Greenholt, Kutch and Tremblay",Provincia de Buenos Aires,Marta Amigo,30 días,Tornillos,Camion
Mar del Plata,71,"$48.427,55 ",Hand Group,Provincia de Buenos Aires,Adrián Souto,30 días,Tornillos,Camion
Mar del Plata,8,"$87,73 ",Hand Group,Provincia de Buenos Aires,Alberto García,30 días,Tornillos,Camion
Mar del Plata,36,"$1.979,87 ",Hand Group,Provincia de Buenos Aires,Ana Aguilera,30 días,Tornillos,Camion
Mar del Plata,96,"$21.664,87 ",Hand Group,Provincia de Buenos Aires,Ana María Delgado,30 días,Tornillos,Camion
Mar del Plata,87,"$912,90 ",Hand Group,Provincia de Buenos Aires,Antonia Lorente,30 días,Tornillos,Camion
Mar del Plata,21,"$26.331,77 ",Hand Group,Provincia de Buenos Aires,Antonia Martínez,30 días,Tornillos,Camion
Mar del Plata,3,"$46.486,35 ",Hand Group,Provincia de Buenos Aires,Carlos Arenas,30 días,Tornillos,Camion
Mar del Plata,78,$3.020 ,Hand Group,Provincia de Buenos Aires,Carmen Diez,30 días,Tornillos,Camion
Mar del Plata,189,"$396,14 ",Hand Group,Provincia de Buenos Aires,Daniel Pino,30 días,Tornillos,Camion
Mar del Plata,42,"$101,57 ",Hand Group,Provincia de Buenos Aires,Elena Fernández,30 días,Tornillos,Camion
Mar del Plata,7,"$1.365,55 ",Hand Group,Provincia de Buenos Aires,Joaquín Vega,30 días,Tornillos,Camion
Mar del Plata,119,"$123,20 ",Hand Group,Provincia de Buenos Aires,José Carretero,30 días,Tornillos,Camion
Mar del Plata,29,"$117,68 ",Hand Group,Provincia de Buenos Aires,José Sola,30 días,Tornillos,Camion
Mar del Plata,3,"$126,66 ",Hand Group,Provincia de Buenos Aires,Juan Andrés,30 días,Tornillos,Camion
Mar del Plata,7,"$1.365,55 ",Hand Group,Provincia de Buenos Aires,Manuel Grande,30 días,Tornillos,Camion
Mar del Plata,9,"$23.790,64 ",Hand Group,Provincia de Buenos Aires,Manuel Muñoz,30 días,Tornillos,Camion
Mar del Plata,47,"$12.517,48 ",Hand Group,Provincia de Buenos Aires,María Ángeles Alves,30 días,Tornillos,Camion
Mar del Plata,7,"$1.365,55 ",Hand Group,Provincia de Buenos Aires,María Ángeles Martínez,30 días,Tornillos,Camion
Mar del Plata,7,"$1.365,55 ",Hand Group,Provincia de Buenos Aires,María Ángeles Ruiz,30 días,Tornillos,Camion
Mar del Plata,20,"$1.370,90 ",Hand Group,Provincia de Buenos Aires,María Fernández,30 días,Tornillos,Camion
Mar del Plata,19,"$101,94 ",Hand Group,Provincia de Buenos Aires,María Isabel Heredia,30 días,Tornillos,Camion
Mar del Plata,7,"$855,03 ",Hand Group,Provincia de Buenos Aires,María Jesús Peñalver,30 días,Tornillos,Camion
Mar del Plata,28,"$1.250,37 ",Hand Group,Provincia de Buenos Aires,María Pilar Pérez,30 días,Tornillos,Camion
Mar del Plata,8,"$5.236,52 ",Hand Group,Provincia de Buenos Aires,Pablo López,30 días,Tornillos,Camion
Mar del Plata,128,"$458,94 ",Hand Group,Provincia de Buenos Aires,Sara Pineda,30 días,Tornillos,Camion
Mar del Plata,26,"$1.283,87 ",Hand Group,Provincia de Buenos Aires,Sergio Jiménez,30 días,Tornillos,Camion
Mar del Plata,34,"$954,01 ",Hand Group,Provincia de Buenos Aires,Susana Escudero,30 días,Tornillos,Camion
Mar del Plata,3,"$132,26 ",Harber SRL,Provincia de Buenos Aires,Cristina Rodríguez,30 días,Perfiles De Acero,Camion
Mar del Plata,56,"$909,34 ","Hartmann, Hilll and Nolan",Provincia de Buenos Aires,Alberto García,30 días,Perfiles De Acero,Camion
Mar del Plata,8,"$3.800,93 ","Hartmann, Hilll and Nolan",Provincia de Buenos Aires,Francisco Miñana,30 días,Perfiles De Acero,Camion
Mar del Plata,7,"$23.999,37 ","Hartmann, Hilll and Nolan",Provincia de Buenos Aires,María Ángeles Alves,30 días,Perfiles De Acero,Camion
Mar del Plata,1,"$137,42 ","Hartmann, Hilll and Nolan",Provincia de Buenos Aires,María Ángeles Martínez,30 días,Perfiles De Acero,Camion
Mar del Plata,56,"$2.915,92 ","Hartmann, Hilll and Nolan",Provincia de Buenos Aires,María Isabel León,30 días,Perfiles De Acero,Camion
Mar del Plata,32,"$34.562,99 ",Heidenreich-Conn,Provincia de Buenos Aires,María Ángeles Martínez,30 días,Perfiles De Acero,Camion
Mar del Plata,30,"$23.063,51 ",Heidenreich-Conn,Provincia de Buenos Aires,María Dolores Sousa,30 días,Perfiles De Acero,Camion
Mar del Plata,30,"$17.839,86 ",Heidenreich-Conn,Provincia de Buenos Aires,María Pilar Pérez,30 días,Perfiles De Acero,Camion
Mar del Plata,3,"($27.602,96)",Hessel Group,Provincia de Buenos Aires,Ana María Delgado,30 días,Tornillos,Tren
Mar del Plata,12,"$51.687,42 ",Hessel Group,Provincia de Buenos Aires,Ángeles Pérez,30 días,Tuercas,Camion
Mar del Plata,53,"$201.580,94 ",Hessel Group,Provincia de Buenos Aires,Antonia Martínez,30 días,Tuercas,Camion
Mar del Plata,177,"$227.313,86 ",Hessel Group,Provincia de Buenos Aires,Carmen Cortes,30 días,Tuercas,Camion
Mar del Plata,62,"$25.165,12 ",Hessel Group,Provincia de Buenos Aires,Joaquín Vega,30 días,Tuercas,Camion
Mar del Plata,99,"$24.631,86 ",Hessel Group,Provincia de Buenos Aires,José Sola,30 días,Tuercas,Camion
Mar del Plata,70,"$202.817,71 ",Hessel Group,Provincia de Buenos Aires,Juan Andrés,30 días,Tuercas,Camion
Mar del Plata,53,"$201.580,94 ",Hessel Group,Provincia de Buenos Aires,María Carmen Serrano,30 días,Tuercas,Camion
Mar del Plata,20,"$17.847,09 ",Hessel Group,Provincia de Buenos Aires,María Diego,30 días,Tuercas,Camion
Mar del Plata,3,"($31.804,43)",Hessel Group,Provincia de Buenos Aires,María Dolores Sousa,30 días,Tornillos,Tren
Mar del Plata,41,"$4.746,32 ",Hessel Group,Provincia de Buenos Aires,María Dolores Sousa,30 días,Tuercas,Camion
Mar del Plata,106,"$403.161,87 ",Hessel Group,Provincia de Buenos Aires,María Isabel León,30 días,Tuercas,Camion
Mar del Plata,57,"$52.211,26 ",Hessel Group,Provincia de Buenos Aires,Marta López,30 días,Tuercas,Camion
Mar del Plata,2,"$24.612,23 ",Hessel Group,Provincia de Buenos Aires,Pablo López,30 días,Tuercas,Camion
Mar del Plata,4,"$2.219,60 ",Hessel Group,Provincia de Buenos Aires,Sara Pineda,30 días,Tuercas,Camion
Mar del Plata,3,"$133,12 ",Hintz and Sons,Provincia de Buenos Aires,Sara Pineda,45 días,Tornillos,Camion
Mar del Plata,82,"$20.811,84 ",Huel e Hijos,Provincia de Buenos Aires,Ana María Delgado,30 días,Perfiles De Acero,Tren
Mar del Plata,3,"$685,16 ",Huel e Hijos,Provincia de Buenos Aires,Raquel Pueyo,30 días,Tornillos,Tren
Mar del Plata,13,"$11.837,79 ",Hyatt LLC,Provincia de Buenos Aires,Adrián Souto,30 días,Tuercas,Tren
Mar del Plata,12,"$614,84 ",Hyatt LLC,Provincia de Buenos Aires,Alberto García,30 días,Tuercas,Tren
Mar del Plata,79,"$1.414,61 ",Hyatt LLC,Provincia de Buenos Aires,Alejandro Del Olmo,30 días,Tuercas,Tren
Mar del Plata,10,"$193,55 ",Hyatt LLC,Provincia de Buenos Aires,Ana María Serrano,30 días,Tuercas,Tren
Mar del Plata,12,"$7.935,48 ",Hyatt LLC,Provincia de Buenos Aires,Antonio Calderón,30 días,Tuercas,Tren
Mar del Plata,21,"$34.207,05 ",Hyatt LLC,Provincia de Buenos Aires,Carlos Arenas,30 días,Tuercas,Tren
Mar del Plata,11,"$110,30 ",Hyatt LLC,Provincia de Buenos Aires,Carmen Cortes,30 días,Tuercas,Tren
Mar del Plata,48,"$430,16 ",Hyatt LLC,Provincia de Buenos Aires,Cristina Zamora,30 días,Tuercas,Tren
Mar del Plata,12,"$303,23 ",Hyatt LLC,Provincia de Buenos Aires,Elena Fernández,30 días,Tuercas,Tren
Mar del Plata,15,"$195,81 ",Hyatt LLC,Provincia de Buenos Aires,Jaume García,30 días,Tuercas,Tren
Mar del Plata,9,"$406,45 ",Hyatt LLC,Provincia de Buenos Aires,Joaquín Vega,30 días,Tuercas,Tren
Mar del Plata,17,"$101,72 ",Hyatt LLC,Provincia de Buenos Aires,José Antonio López,30 días,Tuercas,Tren
Mar del Plata,3,"($516,13)",Hyatt LLC,Provincia de Buenos Aires,José Salcedo,30 días,Tornillos,Tren
Mar del Plata,17,"$17.217,75 ",Hyatt LLC,Provincia de Buenos Aires,Manuel Grande,30 días,Tuercas,Tren
Mar del Plata,2,"$133,28 ",Hyatt LLC,Provincia de Buenos Aires,María Ángeles Martínez,30 días,Tuercas,Tren
Mar del Plata,87,"$445,35 ",Hyatt LLC,Provincia de Buenos Aires,María Carmen Serrano,30 días,Tuercas,Tren
Mar del Plata,52,"$20.499,83 ",Hyatt LLC,Provincia de Buenos Aires,María Cedeño,30 días,Tuercas,Tren
Mar del Plata,12,"$297,42 ",Hyatt LLC,Provincia de Buenos Aires,María Diego,30 días,Tuercas,Tren
Mar del Plata,9,"$20.438,41 ",Hyatt LLC,Provincia de Buenos Aires,María Fernández,30 días,Tuercas,Tren
Mar del Plata,25,"$123.934,63 ",Hyatt LLC,Provincia de Buenos Aires,María Isabel Heredia,30 días,Tuercas,Tren
Mar del Plata,18,"$1.306,43 ",Hyatt LLC,Provincia de Buenos Aires,María Isabel León,30 días,Tuercas,Tren
Mar del Plata,98,"$550,65 ",Hyatt LLC,Provincia de Buenos Aires,Marta Amigo,30 días,Tuercas,Tren
Mar del Plata,21,"$36.556,84 ",Hyatt LLC,Provincia de Buenos Aires,Raquel Pueyo,30 días,Tuercas,Tren
Mar del Plata,19,"$114,19 ",Hyatt LLC,Provincia de Buenos Aires,Sara Pineda,30 días,Tuercas,Tren
Mar del Plata,34,"$2.854,84 ",Hyatt LLC,Provincia de Buenos Aires,Sergio Jiménez,30 días,Tuercas,Tren
Mar del Plata,63,"$30.617,27 ",Hyatt LLC,Provincia de Buenos Aires,Teresa Martínez,30 días,Tuercas,Tren
Mar del Plata,3,"$129,90 ",Kassulke-Reichert,Provincia de Buenos Aires,Begoña García,30 días,Tornillos,Camion
Mar del Plata,3,"$1.334,31 ",Kassulke-Reichert,Provincia de Buenos Aires,Elena Fernández,30 días,Tornillos,Camion
Mar del Plata,47,"$1.612,90 ",Keebler-Wiegand,Provincia de Buenos Aires,María Carmen Serrano,30 días,Perfiles De Acero,Camion
Mar del Plata,292,"$150,32 ",Kemmer-Rolfson,Provincia de Buenos Aires,Sergio Jiménez,45 días,Tornillos,Barco
Mar del Plata,3,"$17.603,50 ","Kling, Wisoky and Wuckert",Provincia de Buenos Aires,Manuel Grande,30 días,Tornillos,Tren
Mar del Plata,20,"$12.780,43 ",Kreiger Group,Provincia de Buenos Aires,María Diego,30 días,Perfiles De Acero,Camion
Mar del Plata,32,"$8.413,41 ",Posadas SRL,Provincia de Buenos Aires,Ana María Delgado,30 días,Perfiles De Acero,Camion
Mar del Plata,20,"$872,90 ",Kundelez,Provincia de Buenos Aires,Alberto García,30 días,Perfiles De Acero,Camion
Mar del Plata,8,"$2.555,59 ",Kundelez,Provincia de Buenos Aires,Ana Aguilera,30 días,Perfiles De Acero,Camion
Mar del Plata,19,"$1.573,59 ",Kundelez,Provincia de Buenos Aires,Ángeles Pérez,30 días,Perfiles De Acero,Camion
Mar del Plata,15,"$1.161,29 ",Kundelez,Provincia de Buenos Aires,Antonio Calderón,30 días,Perfiles De Acero,Camion
Mar del Plata,46,"$4.094,27 ",Kundelez,Provincia de Buenos Aires,Carlos Arenas,30 días,Perfiles De Acero,Camion
Mar del Plata,19,"$128.264,92 ",Kundelez,Provincia de Buenos Aires,José Carretero,30 días,Perfiles De Acero,Camion
Mar del Plata,18,"$1.458,30 ",Kundelez,Provincia de Buenos Aires,José María Pérez,30 días,Perfiles De Acero,Camion
Mar del Plata,18,"$1.249,29 ",Kundelez,Provincia de Buenos Aires,María Ángeles Martínez,30 días,Perfiles De Acero,Camion
Mar del Plata,19,"$22.634,99 ",Kundelez,Provincia de Buenos Aires,María Diego,30 días,Perfiles De Acero,Camion
Mar del Plata,20,"$24.349,81 ",Kundelez,Provincia de Buenos Aires,María Dolores Sousa,30 días,Perfiles De Acero,Camion
Mar del Plata,19,"$413,92 ",Kundelez,Provincia de Buenos Aires,Marta López,30 días,Perfiles De Acero,Camion
Mar del Plata,22,"$31.465,19 ",Kundelez,Provincia de Buenos Aires,Pablo López,30 días,Perfiles De Acero,Tren
Mar del Plata,8,"$403,48 ",Kundelez,Provincia de Buenos Aires,Raquel Pueyo,30 días,Perfiles De Acero,Tren
Mar del Plata,64,"$276.401,61 ","Langosh, Torp and Keebler",Provincia de Buenos Aires,Adrián Souto,45 días,Tuercas,Camion
Mar del Plata,123,"$398.994,10 ","Langosh, Torp and Keebler",Provincia de Buenos Aires,Alejandro Del Olmo,45 días,Perfiles De Acero,Camion
Mar del Plata,16,"$67.910,21 ","Langosh, Torp and Keebler",Provincia de Buenos Aires,Ángeles Pérez,45 días,Perfiles De Acero,Camion
Mar del Plata,10,"$709,68 ","Langosh, Torp and Keebler",Provincia de Buenos Aires,Carmen Cortes,45 días,Tuercas,Camion
Mar del Plata,123,"$398.994,10 ","Langosh, Torp and Keebler",Provincia de Buenos Aires,Carmen Sánchez,45 días,Perfiles De Acero,Camion
Mar del Plata,117,"$70.184,05 ","Langosh, Torp and Keebler",Provincia de Buenos Aires,Carmen Sánchez,45 días,Tuercas,Camion
Mar del Plata,64,"$276.401,61 ","Langosh, Torp and Keebler",Provincia de Buenos Aires,Cristina Rodríguez,45 días,Tuercas,Camion
Mar del Plata,3,"$2.258,06 ","Langosh, Torp and Keebler",Provincia de Buenos Aires,Daniel Pino,45 días,Tornillos,Camion
Mar del Plata,94,"$4.830,97 ","Langosh, Torp and Keebler",Provincia de Buenos Aires,Elena Fernández,45 días,Tuercas,Camion
Mar del Plata,94,"$4.830,97 ","Langosh, Torp and Keebler",Provincia de Buenos Aires,Jaume García,45 días,Tuercas,Camion
Mar del Plata,23,"$65.353,08 ","Langosh, Torp and Keebler",Provincia de Buenos Aires,Joaquín Vega,45 días,Tuercas,Camion
Mar del Plata,94,"$4.830,97 ","Langosh, Torp and Keebler",Provincia de Buenos Aires,José Antonio López,45 días,Tuercas,Camion
Mar del Plata,23,"$65.353,08 ","Langosh, Torp and Keebler",Provincia de Buenos Aires,José Carretero,45 días,Tuercas,Camion
Mar del Plata,46,"$130.706,16 ","Langosh, Torp and Keebler",Provincia de Buenos Aires,José María Pérez,45 días,Tuercas,Camion
Mar del Plata,123,"$398.994,10 ","Langosh, Torp and Keebler",Provincia de Buenos Aires,José Salcedo,45 días,Perfiles De Acero,Camion
Mar del Plata,21,"$354,84 ","Langosh, Torp and Keebler",Provincia de Buenos Aires,José Sola,45 días,Perfiles De Acero,Camion
Mar del Plata,9,"$22.431,69 ","Langosh, Torp and Keebler",Provincia de Buenos Aires,José Sola,45 días,Tuercas,Camion
Mar del Plata,150,"$815.598,98 ","Langosh, Torp and Keebler",Provincia de Buenos Aires,María Ángeles Martínez,45 días,Tuercas,Camion
Mar del Plata,27,"$102.306,18 ","Langosh, Torp and Keebler",Provincia de Buenos Aires,María Ángeles Ruiz,45 días,Perfiles De Acero,Camion
Mar del Plata,21,"$115,41 ","Langosh, Torp and Keebler",Provincia de Buenos Aires,María Cedeño,45 días,Tuercas,Camion
Mar del Plata,123,"$398.994,10 ","Langosh, Torp and Keebler",Provincia de Buenos Aires,María Dolores Sousa,45 días,Perfiles De Acero,Camion
Mar del Plata,42,"$35.556,15 ","Langosh, Torp and Keebler",Provincia de Buenos Aires,María Isabel Heredia,45 días,Perfiles De Acero,Camion
Mar del Plata,44,"$66.591,79 ","Langosh, Torp and Keebler",Provincia de Buenos Aires,María Isabel Heredia,45 días,Tuercas,Camion
Mar del Plata,123,"$398.994,10 ","Langosh, Torp and Keebler",Provincia de Buenos Aires,María Isabel León,45 días,Perfiles De Acero,Camion
Mar del Plata,14,"$70.872,21 ","Langosh, Torp and Keebler",Provincia de Buenos Aires,María Isabel León,45 días,Tuercas,Camion
Mar del Plata,123,"$398.994,10 ","Langosh, Torp and Keebler",Provincia de Buenos Aires,Marta Amigo,45 días,Perfiles De Acero,Camion
Mar del Plata,3,"($315,87)","Langosh, Torp and Keebler",Provincia de Buenos Aires,Marta López,30 días,Tornillos,Tren
Mar del Plata,64,"$276.401,61 ","Langosh, Torp and Keebler",Provincia de Buenos Aires,Marta López,45 días,Tuercas,Camion
Mar del Plata,94,"$4.830,97 ","Langosh, Torp and Keebler",Provincia de Buenos Aires,Pablo López,45 días,Tuercas,Camion
Mar del Plata,105,"$4.916,54 ","Langosh, Torp and Keebler",Provincia de Buenos Aires,Sara Pineda,45 días,Tuercas,Camion
Mar del Plata,38,"$19.338,27 ","Langosh, Torp and Keebler",Provincia de Buenos Aires,Sergio Jiménez,45 días,Perfiles De Acero,Camion
Mar del Plata,64,"$276.401,61 ","Langosh, Torp and Keebler",Provincia de Buenos Aires,Susana Escudero,45 días,Tuercas,Camion
Mar del Plata,3,"$2.283,41 ",Larkin-Casper,Provincia de Buenos Aires,Antonia Martínez,30 días,Tornillos,Tren
Mar del Plata,11,"$32.587,34 ",Larkin-Casper,Provincia de Buenos Aires,María Carmen Serrano,30 días,Tornillos,Camion
Mar del Plata,171,"$12.098,65 ","Larson, Effertz and Emmerich",Provincia de Buenos Aires,Adrián Souto,45 días,Tornillos,Camion
Mar del Plata,55,"$2.852,35 ","Larson, Effertz and Emmerich",Provincia de Buenos Aires,Alberto García,45 días,Tornillos,Camion
Mar del Plata,239,"$91.205,00 ","Larson, Effertz and Emmerich",Provincia de Buenos Aires,Alejandro Del Olmo,30 días,Tornillos,Camion
Mar del Plata,403,"$28.517,81 ","Larson, Effertz and Emmerich",Provincia de Buenos Aires,Alejandro Del Olmo,45 días,Tornillos,Camion
Mar del Plata,651,"$39.641,97 ","Larson, Effertz and Emmerich",Provincia de Buenos Aires,Ana Aguilera,45 días,Tornillos,Camion
Mar del Plata,49,"$1.421.696,62 ","Larson, Effertz and Emmerich",Provincia de Buenos Aires,Ana María Delgado,30 días,Tornillos,Camion
Mar del Plata,18,"$4.893,34 ","Larson, Effertz and Emmerich",Provincia de Buenos Aires,Ana María Serrano,30 días,Tornillos,Camion
Mar del Plata,152,"$49.276,51 ","Larson, Effertz and Emmerich",Provincia de Buenos Aires,Ana María Serrano,45 días,Tornillos,Camion
Mar del Plata,43,"$50.569,24 ","Larson, Effertz and Emmerich",Provincia de Buenos Aires,Ángeles Pérez,45 días,Tornillos,Camion
Mar del Plata,96,"$21.400,55 ","Larson, Effertz and Emmerich",Provincia de Buenos Aires,Antonia Lorente,45 días,Tornillos,Camion
Mar del Plata,22,"$121.996,35 ","Larson, Effertz and Emmerich",Provincia de Buenos Aires,Antonia Martínez,30 días,Tornillos,Camion
Mar del Plata,847,"$28.226,02 ","Larson, Effertz and Emmerich",Provincia de Buenos Aires,Antonia Martínez,45 días,Tornillos,Camion
Mar del Plata,31,"$1.386.653,13 ","Larson, Effertz and Emmerich",Provincia de Buenos Aires,Begoña García,30 días,Tornillos,Camion
Mar del Plata,38,"$172,50 ","Larson, Effertz and Emmerich",Provincia de Buenos Aires,Begoña García,45 días,Tornillos,Camion
Mar del Plata,239,"$91.205,00 ","Larson, Effertz and Emmerich",Provincia de Buenos Aires,Carlos Arenas,30 días,Tornillos,Camion
Mar del Plata,285,"$22.363,08 ","Larson, Effertz and Emmerich",Provincia de Buenos Aires,Carlos Arenas,45 días,Tornillos,Camion
Mar del Plata,896,"$1.580,65 ","Larson, Effertz and Emmerich",Provincia de Buenos Aires,Carmen Cortes,45 días,Tornillos,Camion
Mar del Plata,423,"$64.196,19 ","Larson, Effertz and Emmerich",Provincia de Buenos Aires,Carmen Diez,45 días,Tornillos,Camion
Mar del Plata,288,"$13.752,84 ","Larson, Effertz and Emmerich",Provincia de Buenos Aires,Carmen Sánchez,45 días,Tornillos,Camion
Mar del Plata,42,"$23.736,69 ","Larson, Effertz and Emmerich",Provincia de Buenos Aires,Cristina Rodríguez,30 días,Tornillos,Camion
Mar del Plata,354,"$63.762,58 ","Larson, Effertz and Emmerich",Provincia de Buenos Aires,Cristina Rodríguez,45 días,Tornillos,Camion
Mar del Plata,5,"$1.873,83 ","Larson, Effertz and Emmerich",Provincia de Buenos Aires,Cristina Zamora,30 días,Tornillos,Camion
Mar del Plata,49,"$24.612,08 ","Larson, Effertz and Emmerich",Provincia de Buenos Aires,Cristina Zamora,45 días,Tornillos,Camion
Mar del Plata,35,"$12.055,10 ","Larson, Effertz and Emmerich",Provincia de Buenos Aires,Daniel Pino,30 días,Tornillos,Camion
Mar del Plata,108,"$41.426,71 ","Larson, Effertz and Emmerich",Provincia de Buenos Aires,Daniel Pino,45 días,Tornillos,Camion
Mar del Plata,258,"$111.301,12 ","Larson, Effertz and Emmerich",Provincia de Buenos Aires,Elena Fernández,30 días,Tornillos,Camion
Mar del Plata,458,"$29.321,68 ","Larson, Effertz and Emmerich",Provincia de Buenos Aires,Elena Fernández,45 días,Tornillos,Camion
Mar del Plata,22,"$121.996,35 ","Larson, Effertz and Emmerich",Provincia de Buenos Aires,Francisco Miñana,30 días,Tornillos,Camion
Mar del Plata,55,"$31.277,42 ","Larson, Effertz and Emmerich",Provincia de Buenos Aires,Francisco Miñana,45 días,Tornillos,Camion
Mar del Plata,733,"$1.258,06 ","Larson, Effertz and Emmerich",Provincia de Buenos Aires,Jaume García,45 días,Tornillos,Camion
Mar del Plata,334,"$144.973,63 ","Larson, Effertz and Emmerich",Provincia de Buenos Aires,Joaquín Vega,45 días,Tornillos,Camion
Mar del Plata,75,"$15.182,22 ","Larson, Effertz and Emmerich",Provincia de Buenos Aires,José Carretero,30 días,Tornillos,Camion
Mar del Plata,53,"$1.508.649,48 ","Larson, Effertz and Emmerich",Provincia de Buenos Aires,José María Pérez,30 días,Tornillos,Camion
Mar del Plata,815,$5.650 ,"Larson, Effertz and Emmerich",Provincia de Buenos Aires,José María Pérez,45 días,Tornillos,Camion
Mar del Plata,35,"$12.762,83 ","Larson, Effertz and Emmerich",Provincia de Buenos Aires,José Salcedo,30 días,Tornillos,Camion
Mar del Plata,248,"$121.981,94 ","Larson, Effertz and Emmerich",Provincia de Buenos Aires,José Salcedo,45 días,Tornillos,Camion
Mar del Plata,79,"$124.653,08 ","Larson, Effertz and Emmerich",Provincia de Buenos Aires,Juan Andrés,30 días,Tornillos,Camion
Mar del Plata,116,"$10.094,32 ","Larson, Effertz and Emmerich",Provincia de Buenos Aires,Juan Andrés,45 días,Tornillos,Camion
Mar del Plata,55,"$4.616,86 ","Larson, Effertz and Emmerich",Provincia de Buenos Aires,Manuel Muñoz,45 días,Tornillos,Camion
Mar del Plata,1575,"$84.849,61 ","Larson, Effertz and Emmerich",Provincia de Buenos Aires,María Ángeles Alves,45 días,Tornillos,Camion
Mar del Plata,38,"$8.653,06 ","Larson, Effertz and Emmerich",Provincia de Buenos Aires,María Ángeles Martínez,45 días,Tornillos,Camion
Mar del Plata,64,"$149.567,02 ","Larson, Effertz and Emmerich",Provincia de Buenos Aires,María Ángeles Ruiz,30 días,Tornillos,Camion
Mar del Plata,325,"$146.411,87 ","Larson, Effertz and Emmerich",Provincia de Buenos Aires,María Ángeles Ruiz,45 días,Tornillos,Camion
Mar del Plata,288,"$91.907,60 ","Larson, Effertz and Emmerich",Provincia de Buenos Aires,María Carmen Serrano,30 días,Tornillos,Camion
Mar del Plata,29,"$32.506,92 ","Larson, Effertz and Emmerich",Provincia de Buenos Aires,María Cedeño,30 días,Tornillos,Camion
Mar del Plata,456,"$41.228,23 ","Larson, Effertz and Emmerich",Provincia de Buenos Aires,María Cedeño,45 días,Tornillos,Camion
Mar del Plata,403,"$28.517,81 ","Larson, Effertz and Emmerich",Provincia de Buenos Aires,María Diego,45 días,Tornillos,Camion
Mar del Plata,528,"$61.865,36 ","Larson, Effertz and Emmerich",Provincia de Buenos Aires,María Dolores Sousa,45 días,Tornillos,Camion
Mar del Plata,294,"$93.977,32 ","Larson, Effertz and Emmerich",Provincia de Buenos Aires,María Fernández,30 días,Tornillos,Camion
Mar del Plata,68,"$47.028,91 ","Larson, Effertz and Emmerich",Provincia de Buenos Aires,María Isabel Heredia,30 días,Tornillos,Camion
Mar del Plata,297,"$44.208,67 ","Larson, Effertz and Emmerich",Provincia de Buenos Aires,María Isabel Heredia,45 días,Tornillos,Camion
Mar del Plata,211,"$381.870,59 ","Larson, Effertz and Emmerich",Provincia de Buenos Aires,María Isabel León,30 días,Tornillos,Camion
Mar del Plata,37,"$11.238,92 ","Larson, Effertz and Emmerich",Provincia de Buenos Aires,María Isabel León,45 días,Tornillos,Camion
Mar del Plata,3,"$1.045,36 ","Larson, Effertz and Emmerich",Provincia de Buenos Aires,María Jesús Peñalver,45 días,Tornillos,Camion
Mar del Plata,91,"$1.417.437,23 ","Larson, Effertz and Emmerich",Provincia de Buenos Aires,María Pilar Pérez,30 días,Tornillos,Camion
Mar del Plata,683,"$190.637,42 ","Larson, Effertz and Emmerich",Provincia de Buenos Aires,María Pilar Pérez,45 días,Tornillos,Camion
Mar del Plata,3,"$9.936,92 ","Larson, Effertz and Emmerich",Provincia de Buenos Aires,Marta López,45 días,Tornillos,Camion
Mar del Plata,62,"$2.773.306,25 ","Larson, Effertz and Emmerich",Provincia de Buenos Aires,Pablo López,30 días,Tornillos,Camion
Mar del Plata,899,"$272.481,68 ","Larson, Effertz and Emmerich",Provincia de Buenos Aires,Pablo López,45 días,Tornillos,Camion
Mar del Plata,67,"$122.426,51 ","Larson, Effertz and Emmerich",Provincia de Buenos Aires,Raquel Pueyo,30 días,Tornillos,Camion
Mar del Plata,127,"$22.751,88 ","Larson, Effertz and Emmerich",Provincia de Buenos Aires,Raquel Pueyo,45 días,Tornillos,Camion
Mar del Plata,354,"$63.881,94 ","Larson, Effertz and Emmerich",Provincia de Buenos Aires,Sara Pineda,45 días,Tornillos,Camion
Mar del Plata,733,"$1.258,06 ","Larson, Effertz and Emmerich",Provincia de Buenos Aires,Sergio Jiménez,45 días,Tornillos,Camion
Mar del Plata,241,"$265.003,24 ","Larson, Effertz and Emmerich",Provincia de Buenos Aires,Susana Escudero,30 días,Tornillos,Camion
Mar del Plata,163,"$18.216,72 ","Larson, Effertz and Emmerich",Provincia de Buenos Aires,Susana Escudero,45 días,Tornillos,Camion
Mar del Plata,53,"$23.385,90 ","Larson, Effertz and Emmerich",Provincia de Buenos Aires,Teresa Martínez,30 días,Tornillos,Camion
Mar del Plata,136,"$1.347,50 ",Ledner SRL,Provincia de Buenos Aires,Ana María Serrano,30 días,Perfiles De Acero,Camion
Mar del Plata,136,"$115,61 ",Ledner SRL,Provincia de Buenos Aires,María Ángeles Ruiz,30 días,Perfiles De Acero,Camion
Mar del Plata,136,"$96,77 ",Ledner SRL,Provincia de Buenos Aires,Sara Pineda,30 días,Perfiles De Acero,Camion
Mar del Plata,16,"$115.377,40 ","Lehner, Fadel and Kerluke",Provincia de Buenos Aires,María Diego,60 días,Tuercas,Camion
Mar del Plata,19,"$23.847,47 ","Lehner, Fadel and Kerluke",Provincia de Buenos Aires,María Isabel León,60 días,Tuercas,Camion
Mar del Plata,19,"$1.607,74 ","Lehner, Fadel and Kerluke",Provincia de Buenos Aires,María Pilar Pérez,60 días,Tuercas,Camion
Mar del Plata,19,"$2.196,82 ","Lehner, Fadel and Kerluke",Provincia de Buenos Aires,Marta Amigo,60 días,Tuercas,Camion
Mar del Plata,3,"$106,84 ","Lehner, Schroeder and Heidenreich",Provincia de Buenos Aires,Alberto García,30 días,Tornillos,Tren
Mar del Plata,98,"$63.736,01 ","Lehner, Schroeder and Heidenreich",Provincia de Buenos Aires,Ana Aguilera,30 días,Tuercas,Camion
Mar del Plata,19,"$71.347,96 ","Lehner, Schroeder and Heidenreich",Provincia de Buenos Aires,Ana María Delgado,30 días,Tuercas,Camion
Mar del Plata,101,"$70.018,28 ","Lehner, Schroeder and Heidenreich",Provincia de Buenos Aires,Ana María Serrano,30 días,Tuercas,Camion
Mar del Plata,4,"$5.991,66 ","Lehner, Schroeder and Heidenreich",Provincia de Buenos Aires,Antonia Lorente,30 días,Tuercas,Camion
Mar del Plata,12,"$223.314,86 ","Lehner, Schroeder and Heidenreich",Provincia de Buenos Aires,Antonio Calderón,30 días,Tuercas,Camion
Mar del Plata,3,"$18.491,91 ","Lehner, Schroeder and Heidenreich",Provincia de Buenos Aires,Begoña García,30 días,Tornillos,Tren
Mar del Plata,7,"$20.873,59 ","Lehner, Schroeder and Heidenreich",Provincia de Buenos Aires,Begoña García,30 días,Tuercas,Camion
Mar del Plata,3,"($4.206,33)","Lehner, Schroeder and Heidenreich",Provincia de Buenos Aires,Carlos Arenas,30 días,Tornillos,Tren
Mar del Plata,2,"$15.947,38 ","Lehner, Schroeder and Heidenreich",Provincia de Buenos Aires,Carlos Arenas,30 días,Tuercas,Camion
Mar del Plata,98,"$63.736,01 ","Lehner, Schroeder and Heidenreich",Provincia de Buenos Aires,Carmen Cortes,30 días,Tuercas,Camion
Mar del Plata,120,"$80.078,58 ","Lehner, Schroeder and Heidenreich",Provincia de Buenos Aires,Carmen Sánchez,30 días,Tuercas,Camion
Mar del Plata,98,"$63.736,01 ","Lehner, Schroeder and Heidenreich",Provincia de Buenos Aires,Daniel Pino,30 días,Tuercas,Camion
Mar del Plata,2,"$26.698,88 ","Lehner, Schroeder and Heidenreich",Provincia de Buenos Aires,Elena Fernández,30 días,Tuercas,Camion
Mar del Plata,59,"$151.820,87 ","Lehner, Schroeder and Heidenreich",Provincia de Buenos Aires,Francisco Miñana,30 días,Tuercas,Camion
Mar del Plata,2,"$9.793,80 ","Lehner, Schroeder and Heidenreich",Provincia de Buenos Aires,Jaume García,30 días,Tuercas,Camion
Mar del Plata,33,"$12.082,13 ","Lehner, Schroeder and Heidenreich",Provincia de Buenos Aires,Joaquín Vega,30 días,Tuercas,Camion
Mar del Plata,38,"$309,68 ","Lehner, Schroeder and Heidenreich",Provincia de Buenos Aires,José Carretero,30 días,Tuercas,Camion
Mar del Plata,3,"$57.260,22 ","Lehner, Schroeder and Heidenreich",Provincia de Buenos Aires,José Salcedo,30 días,Tuercas,Camion
Mar del Plata,21,"$230.926,87 ","Lehner, Schroeder and Heidenreich",Provincia de Buenos Aires,Juan Andrés,30 días,Tuercas,Camion
Mar del Plata,12,"$223.314,86 ","Lehner, Schroeder and Heidenreich",Provincia de Buenos Aires,Manuel Muñoz,30 días,Tuercas,Camion
Mar del Plata,12,"$223.314,86 ","Lehner, Schroeder and Heidenreich",Provincia de Buenos Aires,María Ángeles Alves,30 días,Tuercas,Camion
Mar del Plata,19,"$473,99 ","Lehner, Schroeder and Heidenreich",Provincia de Buenos Aires,María Ángeles Martínez,30 días,Tuercas,Camion
Mar del Plata,12,"$223.314,86 ","Lehner, Schroeder and Heidenreich",Provincia de Buenos Aires,María Ángeles Ruiz,30 días,Tuercas,Camion
Mar del Plata,13,"$17.294,61 ","Lehner, Schroeder and Heidenreich",Provincia de Buenos Aires,María Carmen Serrano,30 días,Tuercas,Camion
Mar del Plata,14,"$41.838,92 ","Lehner, Schroeder and Heidenreich",Provincia de Buenos Aires,María Diego,30 días,Tuercas,Camion
Mar del Plata,8,"$45.502,99 ","Lehner, Schroeder and Heidenreich",Provincia de Buenos Aires,María Dolores Sousa,30 días,Tuercas,Camion
Mar del Plata,2,"$50.505,76 ","Lehner, Schroeder and Heidenreich",Provincia de Buenos Aires,María Isabel Heredia,30 días,Tuercas,Camion
Mar del Plata,98,"$63.736,01 ","Lehner, Schroeder and Heidenreich",Provincia de Buenos Aires,María Isabel León,30 días,Tuercas,Camion
Mar del Plata,33,"$229.812,30 ","Lehner, Schroeder and Heidenreich",Provincia de Buenos Aires,María Pilar Pérez,30 días,Tuercas,Camion
Mar del Plata,21,"$107.548,13 ","Lehner, Schroeder and Heidenreich",Provincia de Buenos Aires,Pablo López,30 días,Tuercas,Camion
Mar del Plata,8,"$66.714,63 ","Lehner, Schroeder and Heidenreich",Provincia de Buenos Aires,Teresa Martínez,30 días,Tuercas,Camion
Mar del Plata,1,"$24.322,21 ",Lesch-Balistreri,Provincia de Buenos Aires,Elena Fernández,30 días,Perfiles De Acero,Camion
Mar del Plata,44,"$135,05 ",Lockman PLC,Provincia de Buenos Aires,María Pilar Pérez,60 días,Tuercas,Camion
Mar del Plata,19,"$18.689,82 ","Lockman, Hermann and White",Provincia de Buenos Aires,José María Pérez,30 días,Tornillos,Barco
Mar del Plata,27,"$239,93 ","Lockman, Senger and Hirthe",Provincia de Buenos Aires,Antonio Calderón,30 días,Perfiles De Acero,Camion
Mar del Plata,2,"$20.168,75 ","Lockman, Senger and Hirthe",Provincia de Buenos Aires,Raquel Pueyo,30 días,Perfiles De Acero,Camion
Mar del Plata,91,"$76.579,54 ",Lowe and Sons,Provincia de Buenos Aires,Juan Andrés,30 días,Tornillos,Camion
Mar del Plata,20,"$23.976,30 ",Lowe and Sons,Provincia de Buenos Aires,María Ángeles Ruiz,30 días,Tornillos,Camion
Mar del Plata,91,"$76.579,54 ",Lowe and Sons,Provincia de Buenos Aires,María Carmen Serrano,30 días,Tornillos,Camion
Mar del Plata,111,"$96.215,33 ",Lowe and Sons,Provincia de Buenos Aires,María Isabel León,30 días,Tornillos,Camion
Mar del Plata,91,"$76.579,54 ",Lowe and Sons,Provincia de Buenos Aires,María Pilar Pérez,30 días,Tornillos,Camion
Mar del Plata,91,"$76.579,54 ",Lowe and Sons,Provincia de Buenos Aires,Pablo López,30 días,Tornillos,Camion
Mar del Plata,91,"$76.579,54 ",Lowe and Sons,Provincia de Buenos Aires,Raquel Pueyo,30 días,Tornillos,Camion
Mar del Plata,3,"$17.842,66 ",Luettgen-Terry,Provincia de Buenos Aires,Adrián Souto,30 días,Tornillos,Tren
Mar del Plata,3,"$833,23 ",Ziemann,Provincia de Buenos Aires,Alejandro Del Olmo,30 días,Tornillos,Camion
Mar del Plata,99,"$1.275,26 ",Ziemann,Provincia de Buenos Aires,Ana Aguilera,30 días,Tornillos,Camion
Mar del Plata,20,"$23.239,46 ",Ziemann,Provincia de Buenos Aires,Ángeles Pérez,30 días,Tornillos,Camion
Mar del Plata,60,"$3.374,02 ",Ziemann,Provincia de Buenos Aires,Begoña García,30 días,Tornillos,Camion
Mar del Plata,493,"$175,48 ",Ziemann,Provincia de Buenos Aires,Carlos Arenas,30 días,Tornillos,Camion
Mar del Plata,84,"$803,87 ",Ziemann,Provincia de Buenos Aires,Daniel Pino,30 días,Tornillos,Camion
Mar del Plata,38,"$827,50 ",Ziemann,Provincia de Buenos Aires,Jaume García,30 días,Tornillos,Camion
Mar del Plata,19,"$5.802,55 ",Ziemann,Provincia de Buenos Aires,Joaquín Vega,30 días,Tornillos,Camion
Mar del Plata,217,"$3.207,05 ",Ziemann,Provincia de Buenos Aires,Juan Andrés,30 días,Tornillos,Camion
Mar del Plata,24,"$1.047,03 ",Ziemann,Provincia de Buenos Aires,María Ángeles Martínez,30 días,Tornillos,Camion
Mar del Plata,79,"$24.449,39 ",Ziemann,Provincia de Buenos Aires,María Carmen Serrano,30 días,Tornillos,Camion
Mar del Plata,16,"$2.802,79 ",Ziemann,Provincia de Buenos Aires,María Cedeño,30 días,Tornillos,Camion
Mar del Plata,21,"$531,26 ",Ziemann,Provincia de Buenos Aires,Marta López,30 días,Tornillos,Camion
Mar del Plata,4,"$21.117,87 ","Muller, Reichert and Schmitt",Provincia de Buenos Aires,Begoña García,30 días,Perfiles De Acero,Camion
Mar del Plata,4,"$417,05 ","Muller, Reichert and Schmitt",Provincia de Buenos Aires,Joaquín Vega,30 días,Perfiles De Acero,Camion
Mar del Plata,73,"$283,03 ",Nader Group,Provincia de Buenos Aires,Ana María Delgado,60 días,Perfiles De Acero,Camion
Mar del Plata,21,"$1.347,02 ",Nader Group,Provincia de Buenos Aires,Teresa Martínez,30 días,Perfiles De Acero,Camion
Mar del Plata,14,"$23.232,25 ","O'Hara, Emard and Gerlach",Provincia de Buenos Aires,Cristina Rodríguez,30 días,Tuercas,Camion
Mar del Plata,27,"$29.189,92 ",Ondricka-Gibson,Provincia de Buenos Aires,Ana Aguilera,45 días,Tuercas,Camion
Mar del Plata,16,"$19.563,97 ",Ondricka-Gibson,Provincia de Buenos Aires,Ana María Delgado,45 días,Tuercas,Camion
Mar del Plata,11,"$19.356,27 ",Ondricka-Gibson,Provincia de Buenos Aires,Antonia Martínez,45 días,Tuercas,Camion
Mar del Plata,13,"$1.054,44 ",Ondricka-Gibson,Provincia de Buenos Aires,Antonio Calderón,45 días,Tuercas,Camion
Mar del Plata,16,"$5.516,13 ",Ondricka-Gibson,Provincia de Buenos Aires,Carmen Diez,45 días,Tuercas,Camion
Mar del Plata,1,"$548,39 ",Ondricka-Gibson,Provincia de Buenos Aires,Carmen Sánchez,45 días,Tuercas,Camion
Mar del Plata,3,($580),Ondricka-Gibson,Provincia de Buenos Aires,José Antonio López,30 días,Tornillos,Tren
Mar del Plata,9,"$1.743,55 ",Ondricka-Gibson,Provincia de Buenos Aires,José María Pérez,45 días,Tuercas,Camion
Mar del Plata,3,"($18.980,75)",Ondricka-Gibson,Provincia de Buenos Aires,José Sola,45 días,Tornillos,Tren
Mar del Plata,5,"$322,58 ",Ondricka-Gibson,Provincia de Buenos Aires,Manuel Grande,90 días,Tuercas,Camion
Mar del Plata,7,"$687,77 ",Ondricka-Gibson,Provincia de Buenos Aires,María Fernández,45 días,Tuercas,Camion
Mar del Plata,11,"$124,52 ",Ondricka-Gibson,Provincia de Buenos Aires,María Pilar Pérez,45 días,Tuercas,Camion
Mar del Plata,9,"$1.096,77 ",Ondricka-Gibson,Provincia de Buenos Aires,Susana Escudero,45 días,Tuercas,Camion
Mar del Plata,10,"$322,58 ",Ondricka-Gibson,Provincia de Buenos Aires,Teresa Martínez,45 días,Tuercas,Camion
Mar del Plata,12,"$987,74 ",O'Reilly-Wolff,Provincia de Buenos Aires,Pablo López,30 días,Tornillos,Camion
Mar del Plata,20,"$117,68 ",Padberg-Braun,Provincia de Buenos Aires,María Cedeño,30 días,Perfiles De Acero,Camion
Mar del Plata,6,"$3.164,07 ","Quigley, Upton and Jacobi",Provincia de Buenos Aires,Carmen Sánchez,30 días,Tornillos,Camion
Mar del Plata,9,"$31.904,78 ","Quigley, Upton and Jacobi",Provincia de Buenos Aires,José Salcedo,30 días,Tornillos,Camion
Mar del Plata,48,"$5.954,23 ","Quigley, Upton and Jacobi",Provincia de Buenos Aires,María Jesús Peñalver,30 días,Tornillos,Camion
Mar del Plata,15,"$2.287,19 ","Quigley, Upton and Jacobi",Provincia de Buenos Aires,Marta López,30 días,Tornillos,Camion
Mar del Plata,27,"$343,72 ","Quigley, Upton and Jacobi",Provincia de Buenos Aires,Pablo López,30 días,Tornillos,Camion
Mar del Plata,11,"$23.489,57 ",Rau and Sons,Provincia de Buenos Aires,Ana Aguilera,30 días,Tornillos,Camion
Mar del Plata,66,"$2.960,07 ",Rau and Sons,Provincia de Buenos Aires,Antonia Martínez,30 días,Tornillos,Camion
Mar del Plata,10,"$2.953,52 ",Rau and Sons,Provincia de Buenos Aires,Carmen Cortes,30 días,Tornillos,Camion
Mar del Plata,2,"$340,65 ",Rau and Sons,Provincia de Buenos Aires,Carmen Sánchez,30 días,Tornillos,Camion
Mar del Plata,66,"$2.960,07 ",Rau and Sons,Provincia de Buenos Aires,Elena Fernández,30 días,Tornillos,Camion
Mar del Plata,12,"$28.928,13 ",Rau and Sons,Provincia de Buenos Aires,María Diego,30 días,Tornillos,Camion
Mar del Plata,66,"$2.960,07 ",Rau and Sons,Provincia de Buenos Aires,María Fernández,30 días,Tornillos,Camion
Mar del Plata,66,"$2.960,07 ",Rau and Sons,Provincia de Buenos Aires,María Isabel León,30 días,Tornillos,Camion
Mar del Plata,66,"$2.960,07 ",Rau and Sons,Provincia de Buenos Aires,Sara Pineda,30 días,Tornillos,Camion
Mar del Plata,66,"$2.960,07 ",Rau and Sons,Provincia de Buenos Aires,Susana Escudero,30 días,Tornillos,Camion
Mar del Plata,15,"$758,99 ",Rau and Sons,Provincia de Buenos Aires,Teresa Martínez,30 días,Tornillos,Camion
Mar del Plata,3,"$161,81 ","Rempel, Kris and Nader",Provincia de Buenos Aires,María Isabel León,30 días,Tornillos,Barco
Mar del Plata,3,"$21.308,46 ","Reynolds, Feest and Pfeffer",Provincia de Buenos Aires,Alberto García,30 días,Tornillos,Tren
Mar del Plata,3,"($17.852,14)","Reynolds, Feest and Pfeffer",Provincia de Buenos Aires,Begoña García,30 días,Tornillos,Tren
Mar del Plata,3,"$23.064,26 ","Reynolds, Feest and Pfeffer",Provincia de Buenos Aires,Daniel Pino,30 días,Tornillos,Tren
Mar del Plata,3,"$23.129,65 ","Reynolds, Feest and Pfeffer",Provincia de Buenos Aires,Jaume García,30 días,Tornillos,Tren
Mar del Plata,3,"$21.283,49 ","Reynolds, Feest and Pfeffer",Provincia de Buenos Aires,Manuel Grande,30 días,Tornillos,Tren
Mar del Plata,9,"$24.634,73 ",Rolfson LLC,Provincia de Buenos Aires,Cristina Zamora,45 días,Tornillos,Camion
Mar del Plata,18,$300 ,Rolfson LLC,Provincia de Buenos Aires,Daniel Pino,45 días,Tornillos,Camion
Mar del Plata,9,"$806,45 ",Rolfson LLC,Provincia de Buenos Aires,Pablo López,45 días,Tornillos,Camion
Mar del Plata,136,"$160.604,67 ",Runolfsson-Bahringer,Provincia de Buenos Aires,Begoña García,30 días,Tornillos,Camion
Mar del Plata,18,"$4.782,84 ",Runolfsson-Bahringer,Provincia de Buenos Aires,Carmen Diez,30 días,Tornillos,Camion
Mar del Plata,16,"$26.572,27 ",Runolfsson-Bahringer,Provincia de Buenos Aires,Cristina Zamora,30 días,Tornillos,Camion
Mar del Plata,6,"$1.130,32 ",Runolfsson-Bahringer,Provincia de Buenos Aires,Daniel Pino,30 días,Tornillos,Camion
Mar del Plata,16,"$456,08 ",Runolfsson-Bahringer,Provincia de Buenos Aires,Jaume García,30 días,Tornillos,Camion
Mar del Plata,17,"$134.689,86 ",Runolfsson-Bahringer,Provincia de Buenos Aires,Joaquín Vega,30 días,Tornillos,Camion
Mar del Plata,15,"$26.381,06 ",Runolfsson-Bahringer,Provincia de Buenos Aires,José Carretero,30 días,Tornillos,Camion
Mar del Plata,68,"$80.302,33 ",Runolfsson-Bahringer,Provincia de Buenos Aires,José Salcedo,30 días,Tornillos,Camion
Mar del Plata,15,"$20.590,34 ",Runolfsson-Bahringer,Provincia de Buenos Aires,Juan Andrés,30 días,Tornillos,Camion
Mar del Plata,7,$26.818 ,Runolfsson-Bahringer,Provincia de Buenos Aires,Manuel Grande,30 días,Tornillos,Camion
Mar del Plata,15,"$3.726,18 ",Runolfsson-Bahringer,Provincia de Buenos Aires,María Diego,30 días,Tornillos,Camion
Mar del Plata,103,"$121.113,83 ",Runolfsson-Bahringer,Provincia de Buenos Aires,María Fernández,30 días,Tornillos,Camion
Mar del Plata,68,"$80.302,33 ",Runolfsson-Bahringer,Provincia de Buenos Aires,María Isabel Heredia,30 días,Tornillos,Camion
Mar del Plata,15,"$4.072,30 ",Runolfsson-Bahringer,Provincia de Buenos Aires,María Jesús Peñalver,30 días,Tornillos,Camion
Mar del Plata,68,"$80.302,33 ",Runolfsson-Bahringer,Provincia de Buenos Aires,Raquel Pueyo,30 días,Tornillos,Camion
Mar del Plata,27,"$4.397,82 ",Runolfsson-Bahringer,Provincia de Buenos Aires,Sara Pineda,30 días,Tornillos,Camion
Mar del Plata,16,$26.970 ,Schaden-Roberts,Provincia de Buenos Aires,Sara Pineda,45 días,Tornillos,Camion
Mar del Plata,241,"$188,71 ",Torpan S.A.,Provincia de Buenos Aires,Alejandro Del Olmo,30 días,Perfiles De Acero,Camion
Mar del Plata,399,"$1.682,26 ",Torpan S.A.,Provincia de Buenos Aires,Joaquín Vega,30 días,Perfiles De Acero,Camion
Mar del Plata,399,"$177,24 ",Torpan S.A.,Provincia de Buenos Aires,María Pilar Pérez,30 días,Perfiles De Acero,Camion
Mar del Plata,20,"$22.474,94 ",Torpan S.A.,Provincia de Buenos Aires,Marta López,30 días,Perfiles De Acero,Camion
Mar del Plata,15,"$3.969,03 ",Torpan S.A.,Provincia de Buenos Aires,Sergio Jiménez,30 días,Perfiles De Acero,Camion
Mar del Plata,399,"$2.914,97 ",Torpan S.A.,Provincia de Buenos Aires,Teresa Martínez,30 días,Perfiles De Acero,Camion
Mar del Plata,91,"$114.725,85 ","Schinner, Bashirian and Erdman",Provincia de Buenos Aires,Adrián Souto,30 días,Tornillos,Camion
Mar del Plata,26,"$156,09 ","Schinner, Bashirian and Erdman",Provincia de Buenos Aires,Ana Aguilera,30 días,Tornillos,Camion
Mar del Plata,91,"$114.725,85 ","Schinner, Bashirian and Erdman",Provincia de Buenos Aires,Begoña García,30 días,Tornillos,Camion
Mar del Plata,19,"$14.241,29 ","Schinner, Bashirian and Erdman",Provincia de Buenos Aires,Carmen Cortes,30 días,Tornillos,Camion
Mar del Plata,16,"$390,65 ","Schinner, Bashirian and Erdman",Provincia de Buenos Aires,Carmen Sánchez,30 días,Tornillos,Camion
Mar del Plata,4,"$3.651,61 ","Schinner, Bashirian and Erdman",Provincia de Buenos Aires,Daniel Pino,30 días,Tornillos,Camion
Mar del Plata,74,"$129.235,65 ","Schinner, Bashirian and Erdman",Provincia de Buenos Aires,José María Pérez,30 días,Tornillos,Camion
Mar del Plata,19,"$14.241,29 ","Schinner, Bashirian and Erdman",Provincia de Buenos Aires,Juan Andrés,30 días,Tornillos,Camion
Mar del Plata,118,"$608,75 ","Schinner, Bashirian and Erdman",Provincia de Buenos Aires,María Ángeles Alves,30 días,Tornillos,Camion
Mar del Plata,19,"$967,74 ","Schinner, Bashirian and Erdman",Provincia de Buenos Aires,María Ángeles Martínez,30 días,Tornillos,Camion
Mar del Plata,72,"$100.484,56 ","Schinner, Bashirian and Erdman",Provincia de Buenos Aires,María Ángeles Ruiz,30 días,Tornillos,Camion
Mar del Plata,20,"$28.505,94 ","Schinner, Bashirian and Erdman",Provincia de Buenos Aires,María Carmen Serrano,30 días,Tornillos,Camion
Mar del Plata,20,"$985,59 ","Schinner, Bashirian and Erdman",Provincia de Buenos Aires,Marta López,30 días,Tornillos,Camion
Mar del Plata,16,"$25.765,27 ","Schinner, Bashirian and Erdman",Provincia de Buenos Aires,Pablo López,30 días,Tornillos,Camion
Mar del Plata,72,"$100.484,56 ","Schinner, Bashirian and Erdman",Provincia de Buenos Aires,Raquel Pueyo,30 días,Tornillos,Camion
Mar del Plata,19,"$14.241,29 ","Schinner, Bashirian and Erdman",Provincia de Buenos Aires,Sara Pineda,30 días,Tornillos,Camion
Mar del Plata,72,"$100.484,56 ","Schinner, Bashirian and Erdman",Provincia de Buenos Aires,Susana Escudero,30 días,Tornillos,Camion
Mar del Plata,28,"$14.854,24 ","Schinner, Bashirian and Erdman",Provincia de Buenos Aires,Teresa Martínez,30 días,Tornillos,Camion
Mar del Plata,3,"$135,05 ","Schumm, Wiegand and Schneider",Provincia de Buenos Aires,Ana María Serrano,30 días,Tornillos,Tren
Mar del Plata,3,"($457,26)",Schuppe Inc,Provincia de Buenos Aires,Ana María Delgado,30 días,Tornillos,Tren
Mar del Plata,4,"$29.047,74 ",Schuppe Inc,Provincia de Buenos Aires,María Carmen Serrano,30 días,Tuercas,Camion
Mar del Plata,30,"$2.810,32 ",Shanahan-McDermott,Provincia de Buenos Aires,Alberto García,30 días,Tornillos,Camion
Mar del Plata,21,"$1.258,06 ",Shanahan-McDermott,Provincia de Buenos Aires,Alejandro Del Olmo,30 días,Tornillos,Camion
Mar del Plata,6,"$671,78 ",Shanahan-McDermott,Provincia de Buenos Aires,Antonio Calderón,30 días,Tornillos,Camion
Mar del Plata,42,"$1.393,55 ",Shanahan-McDermott,Provincia de Buenos Aires,Begoña García,30 días,Tornillos,Camion
Mar del Plata,42,"$903,23 ",Shanahan-McDermott,Provincia de Buenos Aires,Francisco Miñana,30 días,Tornillos,Camion
Mar del Plata,11,"$407,42 ",Shanahan-McDermott,Provincia de Buenos Aires,María Cedeño,30 días,Tornillos,Camion
Mar del Plata,21,"$20.094,34 ",Shanahan-McDermott,Provincia de Buenos Aires,María Isabel León,30 días,Tornillos,Camion
Mar del Plata,4,"$1.673,71 ",Shanahan-McDermott,Provincia de Buenos Aires,María Jesús Peñalver,30 días,Tornillos,Camion
Mar del Plata,17,"$14.890,80 ",Semart,Provincia de Buenos Aires,Carlos Arenas,30 días,Tornillos,Camion
Mar del Plata,9,"$8.419,56 ",Semart,Provincia de Buenos Aires,Carmen Diez,30 días,Tornillos,Camion
Mar del Plata,10,"$116,17 ",Semart,Provincia de Buenos Aires,Elena Fernández,30 días,Tornillos,Camion
Mar del Plata,3,"$8.433,72 ",Semart,Provincia de Buenos Aires,José Sola,30 días,Tornillos,Camion
Mar del Plata,3,"$3.530,52 ",Terry Ltd,Provincia de Buenos Aires,José Sola,30 días,Tornillos,Tren
Mar del Plata,12,"$26.568,82 ",Torphy Group,Provincia de Buenos Aires,Ana María Serrano,45 días,Tuercas,Camion
Mar del Plata,7,"$26.372,69 ",Torphy Group,Provincia de Buenos Aires,Ángeles Pérez,45 días,Tuercas,Camion
Mar del Plata,10,"$24.263,94 ",Volkman Group,Provincia de Buenos Aires,José Sola,60 días,Tuercas,Camion
Mar del Plata,3,"$493,83 ",Ward Group,Provincia de Buenos Aires,Manuel Grande,30 días,Tornillos,Tren
Mar del Plata,19,"$25.775,63 ",West LLC,Provincia de Buenos Aires,Jaume García,30 días,Perfiles De Acero,Camion
Mar del Plata,32,"$7.078,58 ",Wiegand and Sons,Provincia de Buenos Aires,Carmen Diez,30 días,Tuercas,Camion
Mar del Plata,1,"$1.645,70 ",Wiegand and Sons,Provincia de Buenos Aires,José Salcedo,30 días,Tuercas,Camion
Mar del Plata,3,"$464,26 ",Wiegand and Sons,Provincia de Buenos Aires,María Cedeño,30 días,Tuercas,Camion
Mar del Plata,3,"$1.337,19 ",Wiegand and Sons,Provincia de Buenos Aires,María Diego,30 días,Tuercas,Camion
Mar del Plata,7,"$19.761,66 ",Wiegand and Sons,Provincia de Buenos Aires,Marta López,30 días,Tuercas,Camion
Mar del Plata,3,"($1.820,65)",Wiegand and Sons,Provincia de Buenos Aires,Raquel Pueyo,30 días,Tornillos,Tren
Mar del Plata,2,"$31.084,30 ",Wilderman Group,Provincia de Buenos Aires,Begoña García,30 días,Perfiles De Acero,Camion
Mar del Plata,3,"$903,23 ",Wilderman Group,Provincia de Buenos Aires,Marta López,30 días,Perfiles De Acero,Camion
Merlo,25,"$283,90 ",Denesik-Nader,Provincia de Buenos Aires,Carmen Diez,60 días,Perfiles De Acero,Camion
Merlo,24,"$22.533,68 ",Denesik-Nader,Provincia de Buenos Aires,José María Pérez,60 días,Perfiles De Acero,Camion
Merlo,24,"$12.493,55 ",Denesik-Nader,Provincia de Buenos Aires,María Ángeles Ruiz,60 días,Perfiles De Acero,Camion
Merlo,24,"$1.316,13 ",Denesik-Nader,Provincia de Buenos Aires,Marta López,60 días,Perfiles De Acero,Camion
Merlo,24,"$2.745,29 ",Denesik-Nader,Provincia de Buenos Aires,Teresa Martínez,60 días,Perfiles De Acero,Camion
Merlo,44,"$132,70 ",Tremblay SRL,Provincia de Buenos Aires,Ana Aguilera,30 días,Perfiles De Acero,Camion
Merlo,69,"$6.249,28 ",Tremblay SRL,Provincia de Buenos Aires,Cristina Zamora,30 días,Perfiles De Acero,Camion
Merlo,211,"$2.817,20 ",Tremblay SRL,Provincia de Buenos Aires,Joaquín Vega,30 días,Perfiles De Acero,Camion
Merlo,127,"$4.752,26 ",Tremblay SRL,Provincia de Buenos Aires,José Antonio López,30 días,Perfiles De Acero,Camion
Merlo,65,$200 ,Tremblay SRL,Provincia de Buenos Aires,María Ángeles Martínez,30 días,Perfiles De Acero,Camion
Merlo,206,"$2.673,55 ",Tremblay SRL,Provincia de Buenos Aires,María Isabel León,30 días,Perfiles De Acero,Camion
Merlo,68,"$548,39 ",Tremblay SRL,Provincia de Buenos Aires,María Jesús Peñalver,30 días,Perfiles De Acero,Camion
Merlo,74,"$112,90 ",Tremblay SRL,Provincia de Buenos Aires,Sara Pineda,30 días,Perfiles De Acero,Camion
Moreno,3,"$22.513,34 ",Bins LLC,Provincia de Buenos Aires,Alberto García,30 días,Perfiles De Acero,Camion
Moreno,3,$3.280 ,Bins LLC,Provincia de Buenos Aires,Antonia Martínez,30 días,Perfiles De Acero,Camion
Moreno,3,"$23.381,66 ",Bins LLC,Provincia de Buenos Aires,Joaquín Vega,30 días,Perfiles De Acero,Camion
Moreno,3,"$535,48 ",Bins LLC,Provincia de Buenos Aires,María Isabel León,30 días,Perfiles De Acero,Camion
Moreno,94,"$629,94 ",Bins LLC,Provincia de Buenos Aires,Susana Escudero,30 días,Perfiles De Acero,Camion
Moreno,3,"$85,57 ",Boehm-Mohr,Provincia de Buenos Aires,Teresa Martínez,30 días,Perfiles De Acero,Camion
Moreno,28,"$29.013,99 ",Bradtke PLC,Provincia de Buenos Aires,Raquel Pueyo,30 días,Tornillos,Camion
Moreno,6,"$229,77 ",Gomez y Cia,Provincia de Buenos Aires,Ana Aguilera,30 días,Perfiles De Acero,Camion
Moreno,3,"$1.207,74 ",Gomez y Cia,Provincia de Buenos Aires,Carmen Cortes,30 días,Perfiles De Acero,Camion
Moreno,3,"$21.199,77 ",Gomez y Cia,Provincia de Buenos Aires,Cristina Zamora,30 días,Perfiles De Acero,Camion
Moreno,4,"$5.011,23 ",Gomez y Cia,Provincia de Buenos Aires,Daniel Pino,30 días,Perfiles De Acero,Camion
Moreno,3,"$20.922,63 ",Gomez y Cia,Provincia de Buenos Aires,Joaquín Vega,30 días,Alambre,Camion
Moreno,3,"$1.912,90 ",Gomez y Cia,Provincia de Buenos Aires,José Salcedo,30 días,Perfiles De Acero,Camion
Moreno,3,"$816,13 ",Gomez y Cia,Provincia de Buenos Aires,José Sola,30 días,Perfiles De Acero,Camion
Moreno,3,"$21.435,46 ",Gomez y Cia,Provincia de Buenos Aires,Manuel Muñoz,30 días,Perfiles De Acero,Camion
Moreno,3,"$21.187,06 ",Gomez y Cia,Provincia de Buenos Aires,María Ángeles Martínez,30 días,Perfiles De Acero,Camion
Moreno,3,"$329,03 ",Gomez y Cia,Provincia de Buenos Aires,María Cedeño,30 días,Perfiles De Acero,Camion
Moreno,3,"$290,32 ",Gomez y Cia,Provincia de Buenos Aires,María Isabel Heredia,30 días,Perfiles De Acero,Camion
Moreno,3,"$654,84 ",Gomez y Cia,Provincia de Buenos Aires,María Jesús Peñalver,30 días,Perfiles De Acero,Camion
Moreno,1,"$5.846,27 ",Gomez y Cia,Provincia de Buenos Aires,Marta Amigo,30 días,Perfiles De Acero,Camion
Moreno,3,"$17.952,70 ",Gomez y Cia,Provincia de Buenos Aires,Raquel Pueyo,30 días,Perfiles De Acero,Camion
Moreno,1,"$302,57 ",Emard S.A.,Provincia de Buenos Aires,Manuel Muñoz,30 días,Perfiles De Acero,Camion
Moreno,3,"$30.026,75 ",Emard S.A.,Provincia de Buenos Aires,María Ángeles Alves,30 días,Perfiles De Acero,Camion
Moreno,3,"$19.107,83 ",Emard S.A.,Provincia de Buenos Aires,María Jesús Peñalver,30 días,Perfiles De Acero,Camion
Moreno,2,"$68.889,26 ",Hane Inc,Provincia de Buenos Aires,Alejandro Del Olmo,30 días,Perfiles De Acero,Camion
Moreno,3,"$132,26 ",Hane Inc,Provincia de Buenos Aires,Ana María Delgado,30 días,Perfiles De Acero,Camion
Moreno,44,"$629,03 ",Hane Inc,Provincia de Buenos Aires,Cristina Zamora,30 días,Perfiles De Acero,Camion
Moreno,2,"$2.064,52 ",Hane Inc,Provincia de Buenos Aires,José Carretero,30 días,Perfiles De Acero,Camion
Moreno,36,"$33.962,75 ",Hane Inc,Provincia de Buenos Aires,María Fernández,30 días,Perfiles De Acero,Camion
Moreno,3,"$548,39 ",Harber SRL,Provincia de Buenos Aires,Adrián Souto,30 días,Perfiles De Acero,Camion
Moreno,3,"$132,23 ",Harber SRL,Provincia de Buenos Aires,Alejandro Del Olmo,30 días,Perfiles De Acero,Camion
Moreno,3,"$754,61 ",Harber SRL,Provincia de Buenos Aires,Ana María Delgado,30 días,Perfiles De Acero,Camion
Moreno,7,"$2.483,13 ",Harber SRL,Provincia de Buenos Aires,Ángeles Pérez,30 días,Perfiles De Acero,Camion
Moreno,2,"$169,42 ",Harber SRL,Provincia de Buenos Aires,Antonia Lorente,30 días,Perfiles De Acero,Camion
Moreno,3,"$132,26 ",Harber SRL,Provincia de Buenos Aires,Begoña García,30 días,Perfiles De Acero,Camion
Moreno,3,"$152,26 ",Harber SRL,Provincia de Buenos Aires,Carlos Arenas,30 días,Perfiles De Acero,Camion
Moreno,3,"$110,32 ",Harber SRL,Provincia de Buenos Aires,Carmen Diez,30 días,Perfiles De Acero,Camion
Moreno,20,"$94.759,70 ",Harber SRL,Provincia de Buenos Aires,Carmen Sánchez,30 días,Perfiles De Acero,Camion
Moreno,6,"$631,95 ",Harber SRL,Provincia de Buenos Aires,Elena Fernández,30 días,Perfiles De Acero,Camion
Moreno,6,"$1.090,55 ",Harber SRL,Provincia de Buenos Aires,Francisco Miñana,30 días,Perfiles De Acero,Camion
Moreno,3,"$127,83 ",Harber SRL,Provincia de Buenos Aires,Jaume García,30 días,Perfiles De Acero,Camion
Moreno,3,"$5.913,72 ",Harber SRL,Provincia de Buenos Aires,Joaquín Vega,30 días,Perfiles De Acero,Camion
Moreno,6,"$435,80 ",Harber SRL,Provincia de Buenos Aires,José Carretero,30 días,Perfiles De Acero,Camion
Moreno,20,"$94.753,10 ",Harber SRL,Provincia de Buenos Aires,José María Pérez,30 días,Perfiles De Acero,Camion
Moreno,14,"$94.427,28 ",Harber SRL,Provincia de Buenos Aires,José Salcedo,30 días,Perfiles De Acero,Camion
Moreno,17,"$94.516,52 ",Harber SRL,Provincia de Buenos Aires,José Sola,30 días,Perfiles De Acero,Camion
Moreno,3,"$115,92 ",Harber SRL,Provincia de Buenos Aires,Juan Andrés,30 días,Perfiles De Acero,Camion
Moreno,3,"$5.802,55 ",Harber SRL,Provincia de Buenos Aires,Manuel Grande,30 días,Perfiles De Acero,Camion
Moreno,3,"$119,35 ",Harber SRL,Provincia de Buenos Aires,María Ángeles Martínez,30 días,Perfiles De Acero,Camion
Moreno,3,"$4.334,92 ",Harber SRL,Provincia de Buenos Aires,María Ángeles Ruiz,30 días,Perfiles De Acero,Camion
Moreno,3,"$4.323,86 ",Harber SRL,Provincia de Buenos Aires,María Carmen Serrano,30 días,Perfiles De Acero,Camion
Moreno,3,"$110,32 ",Harber SRL,Provincia de Buenos Aires,María Dolores Sousa,30 días,Perfiles De Acero,Camion
Moreno,3,"$5.833,88 ",Harber SRL,Provincia de Buenos Aires,María Isabel Heredia,30 días,Perfiles De Acero,Camion
Moreno,2,"$24.222,29 ",Harber SRL,Provincia de Buenos Aires,María Isabel León,30 días,Perfiles De Acero,Camion
Moreno,5,"$589,12 ",Harber SRL,Provincia de Buenos Aires,María Jesús Peñalver,30 días,Perfiles De Acero,Camion
Moreno,3,"$343,10 ",Harber SRL,Provincia de Buenos Aires,María Pilar Pérez,30 días,Perfiles De Acero,Camion
Moreno,14,"$94.427,28 ",Harber SRL,Provincia de Buenos Aires,Marta López,30 días,Perfiles De Acero,Camion
Moreno,3,"$16.647,94 ",Harber SRL,Provincia de Buenos Aires,Raquel Pueyo,30 días,Perfiles De Acero,Camion
Moreno,14,"$94.427,28 ",Harber SRL,Provincia de Buenos Aires,Sara Pineda,30 días,Perfiles De Acero,Camion
Moreno,3,"$24.212,12 ",Harber SRL,Provincia de Buenos Aires,Susana Escudero,30 días,Perfiles De Acero,Camion
Moreno,3,"$336,58 ",Harber SRL,Provincia de Buenos Aires,Teresa Martínez,30 días,Perfiles De Acero,Camion
Moreno,3,"($24.421,94)","Hartmann, Hilll and Nolan",Provincia de Buenos Aires,Ana María Delgado,30 días,Perfiles De Acero,Camion
Moreno,4,"($136.717,70)","Hartmann, Hilll and Nolan",Provincia de Buenos Aires,Carmen Cortes,30 días,Perfiles De Acero,Camion
Moreno,3,"$1.451,61 ",Heidenreich-Conn,Provincia de Buenos Aires,Ana María Delgado,30 días,Perfiles De Acero,Camion
Moreno,3,"$23.525,18 ",Homenick and Sons,Provincia de Buenos Aires,Raquel Pueyo,30 días,Perfiles De Acero,Camion
Moreno,3,"$2.709,68 ",Simones e Hijos,Provincia de Buenos Aires,Alberto García,60 días,Perfiles De Acero,Camion
Moreno,1,"$3.783,58 ",Simones e Hijos,Provincia de Buenos Aires,Alejandro Del Olmo,60 días,Perfiles De Acero,Camion
Moreno,3,"$28.233,95 ",Simones e Hijos,Provincia de Buenos Aires,Antonia Lorente,60 días,Perfiles De Acero,Camion
Moreno,19,"$105.741,54 ",Simones e Hijos,Provincia de Buenos Aires,Elena Fernández,60 días,Perfiles De Acero,Camion
Moreno,3,"$178,65 ",Simones e Hijos,Provincia de Buenos Aires,Jaume García,60 días,Perfiles De Acero,Camion
Moreno,3,"$180,65 ",Simones e Hijos,Provincia de Buenos Aires,José María Pérez,60 días,Perfiles De Acero,Camion
Moreno,3,"$80,65 ",Simones e Hijos,Provincia de Buenos Aires,José Sola,60 días,Perfiles De Acero,Camion
Moreno,19,"$863,87 ",Simones e Hijos,Provincia de Buenos Aires,Manuel Muñoz,60 días,Perfiles De Acero,Camion
Moreno,3,"$457,42 ",Simones e Hijos,Provincia de Buenos Aires,María Carmen Serrano,60 días,Perfiles De Acero,Camion
Moreno,4,"$2.327,05 ",Simones e Hijos,Provincia de Buenos Aires,María Cedeño,60 días,Perfiles De Acero,Camion
Moreno,3,"$129,03 ",Simones e Hijos,Provincia de Buenos Aires,María Diego,60 días,Perfiles De Acero,Camion
Moreno,1,"$24.002,85 ",Simones e Hijos,Provincia de Buenos Aires,María Dolores Sousa,60 días,Perfiles De Acero,Camion
Moreno,3,"$96,77 ",Simones e Hijos,Provincia de Buenos Aires,María Fernández,60 días,Perfiles De Acero,Camion
Moreno,5,"$471,14 ",Simones e Hijos,Provincia de Buenos Aires,María Jesús Peñalver,60 días,Perfiles De Acero,Camion
Moreno,1,"$21.411,51 ",Simones e Hijos,Provincia de Buenos Aires,María Pilar Pérez,60 días,Perfiles De Acero,Camion
Moreno,3,"$516,13 ",Simones e Hijos,Provincia de Buenos Aires,Raquel Pueyo,60 días,Perfiles De Acero,Camion
Moreno,3,"$1.248,22 ",Simones e Hijos,Provincia de Buenos Aires,Sergio Jiménez,60 días,Perfiles De Acero,Camion
Moreno,3,"$263,87 ",Ledner SRL,Provincia de Buenos Aires,Adrián Souto,30 días,Perfiles De Acero,Camion
Moreno,14,"$8.302,37 ",Ledner SRL,Provincia de Buenos Aires,Alberto García,30 días,Perfiles De Acero,Camion
Moreno,1,"$22.625,48 ",Ledner SRL,Provincia de Buenos Aires,Ana Aguilera,30 días,Perfiles De Acero,Camion
Moreno,1,"$4.997,42 ",Ledner SRL,Provincia de Buenos Aires,Ana María Delgado,30 días,Perfiles De Acero,Camion
Moreno,14,"$8.302,37 ",Ledner SRL,Provincia de Buenos Aires,Antonio Calderón,30 días,Perfiles De Acero,Camion
Moreno,3,"$22.521,83 ",Ledner SRL,Provincia de Buenos Aires,Carmen Cortes,30 días,Perfiles De Acero,Camion
Moreno,3,"$2.128,81 ",Ledner SRL,Provincia de Buenos Aires,Francisco Miñana,30 días,Perfiles De Acero,Camion
Moreno,14,"$8.302,37 ",Ledner SRL,Provincia de Buenos Aires,María Cedeño,30 días,Perfiles De Acero,Camion
Moreno,1,"$621,97 ",Ledner SRL,Provincia de Buenos Aires,María Diego,30 días,Perfiles De Acero,Camion
Moreno,14,"$8.302,37 ",Ledner SRL,Provincia de Buenos Aires,María Isabel Heredia,30 días,Perfiles De Acero,Camion
Moreno,14,"$8.302,37 ",Ledner SRL,Provincia de Buenos Aires,María Isabel León,30 días,Perfiles De Acero,Camion
Moreno,1,"$23.483,14 ",Ledner SRL,Provincia de Buenos Aires,María Pilar Pérez,30 días,Perfiles De Acero,Camion
Moreno,14,"$8.302,37 ",Ledner SRL,Provincia de Buenos Aires,Marta Amigo,30 días,Perfiles De Acero,Camion
Moreno,1,"$5.031,61 ",Lehner and Sons,Provincia de Buenos Aires,José Antonio López,30 días,Perfiles De Acero,Camion
Moreno,3,"$3.661,29 ",Lehner and Sons,Provincia de Buenos Aires,María Dolores Sousa,45 días,Perfiles De Acero,Camion
Moreno,2,"$483,87 ",Lehner and Sons,Provincia de Buenos Aires,María Isabel Heredia,30 días,Perfiles De Acero,Camion
Moreno,1,"$3.702,58 ",Lehner and Sons,Provincia de Buenos Aires,Marta López,30 días,Perfiles De Acero,Camion
Moreno,3,"$702,60 ",Luettgen-Reinger,Provincia de Buenos Aires,Manuel Grande,30 días,Perfiles De Acero,Camion
Moreno,1,"$21.183,61 ",Metz-Bernier,Provincia de Buenos Aires,Marta Amigo,30 días,Perfiles De Acero,Camion
Moreno,1,"$21.162,11 ","Purdy, Bergstrom and Block",Provincia de Buenos Aires,Ana María Delgado,30 días,Perfiles De Acero,Camion
Moreno,4,"$483,20 ","Purdy, Bergstrom and Block",Provincia de Buenos Aires,Juan Andrés,30 días,Perfiles De Acero,Camion
Moreno,3,"$1.055,48 ","Purdy, Bergstrom and Block",Provincia de Buenos Aires,Teresa Martínez,30 días,Perfiles De Acero,Camion
Moreno,3,"$132,26 ","Reilly, Larkin and Hintz",Provincia de Buenos Aires,María Cedeño,30 días,Perfiles De Acero,Camion
Moreno,25,"$1.070,97 ",Torpan S.A.,Provincia de Buenos Aires,Pablo López,30 días,Perfiles De Acero,Camion
Moreno,33,"$20.957,49 ",Torpan S.A.,Provincia de Buenos Aires,Sara Pineda,30 días,Perfiles De Acero,Camion
Moreno,3,"$21.418,87 ",Schumm-Prohaska,Provincia de Buenos Aires,Alejandro Del Olmo,30 días,Perfiles De Acero,Camion
Moreno,3,"$85,57 ",Schumm-Prohaska,Provincia de Buenos Aires,Carlos Arenas,30 días,Perfiles De Acero,Camion
Moreno,3,"$170,97 ",Schumm-Prohaska,Provincia de Buenos Aires,Carmen Diez,30 días,Perfiles De Acero,Camion
Moreno,6,"$219,08 ",Schumm-Prohaska,Provincia de Buenos Aires,Cristina Zamora,30 días,Perfiles De Acero,Camion
Moreno,3,"$483,95 ",Schumm-Prohaska,Provincia de Buenos Aires,Francisco Miñana,30 días,Perfiles De Acero,Camion
Moreno,3,"$2.425,64 ",Schumm-Prohaska,Provincia de Buenos Aires,Jaume García,30 días,Perfiles De Acero,Camion
Moreno,3,"$215,58 ",Schumm-Prohaska,Provincia de Buenos Aires,José Carretero,30 días,Perfiles De Acero,Camion
Moreno,3,"$728,09 ",Schumm-Prohaska,Provincia de Buenos Aires,María Ángeles Alves,30 días,Perfiles De Acero,Camion
Moreno,3,"$646,66 ",Schumm-Prohaska,Provincia de Buenos Aires,María Ángeles Martínez,30 días,Perfiles De Acero,Camion
Moreno,3,"$2.430,30 ",Schumm-Prohaska,Provincia de Buenos Aires,María Carmen Serrano,30 días,Perfiles De Acero,Camion
Moreno,6,"$32.492,34 ",Schumm-Prohaska,Provincia de Buenos Aires,María Cedeño,30 días,Perfiles De Acero,Camion
Moreno,3,"$114,05 ",Schumm-Prohaska,Provincia de Buenos Aires,Susana Escudero,30 días,Perfiles De Acero,Camion
Moreno,3,"$704,18 ",Thiel-Kshlerin,Provincia de Buenos Aires,María Ángeles Ruiz,30 días,Perfiles De Acero,Camion
Moreno,3,"$1.625,60 ",Thiel-Kshlerin,Provincia de Buenos Aires,Pablo López,30 días,Perfiles De Acero,Camion
Paraná,16,"$516,13 ",Abernati SRL,Provincia de Entre Ríos,Ángeles Pérez,30 días,Clavos,Camion
Paraná,3,"$4.968,87 ",Abernati SRL,Provincia de Entre Ríos,Carmen Cortes,30 días,Clavos,Camion
Paraná,2,"$194,34 ",Abernati SRL,Provincia de Entre Ríos,Cristina Rodríguez,30 días,Clavos,Camion
Paraná,1,"$193,55 ",Abernati SRL,Provincia de Entre Ríos,Cristina Zamora,30 días,Clavos,Camion
Paraná,1,"$7.549,27 ",Abernati SRL,Provincia de Entre Ríos,Francisco Miñana,30 días,Clavos,Camion
Paraná,17,"$17.388,95 ",Abernati SRL,Provincia de Entre Ríos,Jaume García,30 días,Clavos,Camion
Paraná,3,"$516,13 ",Abernati SRL,Provincia de Entre Ríos,María Ángeles Alves,30 días,Clavos,Camion
Paraná,6,"$2.599,30 ",Abernati SRL,Provincia de Entre Ríos,María Diego,30 días,Clavos,Camion
Paraná,20,"$89.447,13 ",Abernati SRL,Provincia de Entre Ríos,María Fernández,30 días,Clavos,Camion
Paraná,4,"$1.694,66 ",Abernati SRL,Provincia de Entre Ríos,María Isabel León,30 días,Clavos,Camion
Paraná,1,"$309,68 ",Abernati SRL,Provincia de Entre Ríos,María Jesús Peñalver,30 días,Clavos,Camion
Paraná,16,"$19.693,05 ",Abernati SRL,Provincia de Entre Ríos,María Pilar Pérez,30 días,Clavos,Camion
Paraná,3,"$903,23 ",Abernati SRL,Provincia de Entre Ríos,Marta Amigo,30 días,Clavos,Camion
Paraná,3,"$11.465,46 ",Abernati SRL,Provincia de Entre Ríos,Marta López,30 días,Clavos,Camion
Paraná,10,"$37.642,63 ",Abernati SRL,Provincia de Entre Ríos,Sergio Jiménez,30 días,Clavos,Camion
Paraná,4,"$5.347,10 ",Abernati SRL,Provincia de Entre Ríos,Susana Escudero,30 días,Clavos,Camion
Paraná,3,"$554,84 ",Dickens-Kautzer,Provincia de Entre Ríos,Francisco Miñana,30 días,Clavos,Camion
Paraná,3,"$2.371,45 ",Dickens-Kautzer,Provincia de Entre Ríos,Pablo López,30 días,Clavos,Camion
Paraná,3,"$9.153,55 ",Emard S.A.,Provincia de Entre Ríos,Ana María Serrano,45 días,Clavos,Camion
Paraná,7,"$163,10 ",Emard S.A.,Provincia de Entre Ríos,Antonia Lorente,45 días,Clavos,Camion
Paraná,1,"$112,08 ","Hammes, Fahey and Dooley",Provincia de Entre Ríos,Pablo López,30 días,Clavos,Camion
Paraná,2,"$161,94 ",Howell-Willms,Provincia de Entre Ríos,Adrián Souto,30 días,Clavos,Camion
Paraná,3,"$10.157,57 ",Howell-Willms,Provincia de Entre Ríos,Alberto García,30 días,Clavos,Camion
Paraná,3,"$162,39 ",Howell-Willms,Provincia de Entre Ríos,Ana María Serrano,30 días,Clavos,Camion
Paraná,3,"$11.891,61 ",Howell-Willms,Provincia de Entre Ríos,Antonia Lorente,30 días,Clavos,Camion
Paraná,4,"$176,20 ",Howell-Willms,Provincia de Entre Ríos,Carmen Sánchez,30 días,Clavos,Camion
Paraná,3,"$150,05 ",Howell-Willms,Provincia de Entre Ríos,Jaume García,30 días,Clavos,Camion
Paraná,2,"$20.100,19 ",Howell-Willms,Provincia de Entre Ríos,José Carretero,30 días,Clavos,Camion
Paraná,6,"$364,97 ",Howell-Willms,Provincia de Entre Ríos,José Salcedo,30 días,Clavos,Camion
Paraná,3,"$324,77 ",Howell-Willms,Provincia de Entre Ríos,Manuel Muñoz,30 días,Clavos,Camion
Paraná,2,"$377,94 ",Howell-Willms,Provincia de Entre Ríos,María Diego,30 días,Clavos,Camion
Paraná,3,"$167,03 ",Howell-Willms,Provincia de Entre Ríos,Marta Amigo,30 días,Clavos,Camion
Paraná,4,"$19.262,82 ",Howell-Willms,Provincia de Entre Ríos,Marta López,30 días,Clavos,Camion
Paraná,3,"$133,63 ",Howell-Willms,Provincia de Entre Ríos,Sergio Jiménez,30 días,Clavos,Camion
Paraná,3,"$1.261,94 ",Howell-Willms,Provincia de Entre Ríos,Susana Escudero,30 días,Clavos,Camion
Paraná,4,"$111,60 ",Howell-Willms,Provincia de Entre Ríos,Teresa Martínez,30 días,Clavos,Camion
Paraná,3,"$90,17 ",Kihn-Hayes,Provincia de Entre Ríos,Manuel Muñoz,30 días,Clavos,Camion
Paraná,3,"$144,61 ",Kihn-Hayes,Provincia de Entre Ríos,María Isabel León,30 días,Clavos,Camion
Paraná,8,"$2.877,63 ",Klein-Koss,Provincia de Entre Ríos,Alberto García,30 días,Clavos,Camion
Paraná,3,"$419,35 ",Klein-Koss,Provincia de Entre Ríos,Alejandro Del Olmo,30 días,Clavos,Camion
Paraná,21,"$7.862,17 ",Klein-Koss,Provincia de Entre Ríos,Ana María Serrano,30 días,Clavos,Camion
Paraná,20,"$369,08 ",Klein-Koss,Provincia de Entre Ríos,Antonia Lorente,30 días,Clavos,Camion
Paraná,1,"$4.819,61 ",Klein-Koss,Provincia de Entre Ríos,Antonia Martínez,30 días,Clavos,Camion
Paraná,3,"$59.555,14 ",Klein-Koss,Provincia de Entre Ríos,Antonio Calderón,30 días,Clavos,Camion
Paraná,3,"$2.398,71 ",Klein-Koss,Provincia de Entre Ríos,Begoña García,30 días,Clavos,Camion
Paraná,4,"$5.990,06 ",Klein-Koss,Provincia de Entre Ríos,Carlos Arenas,30 días,Clavos,Camion
Paraná,20,"$264,95 ",Klein-Koss,Provincia de Entre Ríos,Carmen Cortes,30 días,Clavos,Camion
Paraná,3,"$167,03 ",Klein-Koss,Provincia de Entre Ríos,Cristina Zamora,30 días,Clavos,Camion
Paraná,10,"$712,70 ",Klein-Koss,Provincia de Entre Ríos,Elena Fernández,30 días,Clavos,Camion
Paraná,6,"$410,06 ",Klein-Koss,Provincia de Entre Ríos,Francisco Miñana,30 días,Clavos,Camion
Paraná,16,"$5.329,55 ",Klein-Koss,Provincia de Entre Ríos,Joaquín Vega,30 días,Clavos,Camion
Paraná,3,"$224,90 ",Klein-Koss,Provincia de Entre Ríos,José Antonio López,30 días,Clavos,Camion
Paraná,3,$153 ,Klein-Koss,Provincia de Entre Ríos,José María Pérez,30 días,Clavos,Camion
Paraná,10,"$587,37 ",Klein-Koss,Provincia de Entre Ríos,José Salcedo,30 días,Clavos,Camion
Paraná,3,"$486,35 ",Klein-Koss,Provincia de Entre Ríos,José Sola,30 días,Clavos,Camion
Paraná,7,"$3.288,61 ",Klein-Koss,Provincia de Entre Ríos,Juan Andrés,30 días,Clavos,Camion
Paraná,8,"$2.555,61 ",Klein-Koss,Provincia de Entre Ríos,María Ángeles Martínez,30 días,Clavos,Camion
Paraná,5,"$23.888,62 ",Klein-Koss,Provincia de Entre Ríos,María Ángeles Ruiz,30 días,Clavos,Camion
Paraná,3,"$431,48 ",Klein-Koss,Provincia de Entre Ríos,María Carmen Serrano,30 días,Clavos,Camion
Paraná,3,"$123,52 ",Klein-Koss,Provincia de Entre Ríos,María Fernández,30 días,Clavos,Camion
Paraná,10,"$976,50 ",Klein-Koss,Provincia de Entre Ríos,María Isabel Heredia,30 días,Clavos,Camion
Paraná,3,"$87.796,32 ",Klein-Koss,Provincia de Entre Ríos,María Isabel León,30 días,Clavos,Camion
Paraná,3,"$4.775,48 ",Klein-Koss,Provincia de Entre Ríos,María Jesús Peñalver,30 días,Clavos,Camion
Paraná,3,"$351,69 ",Klein-Koss,Provincia de Entre Ríos,Marta Amigo,30 días,Clavos,Camion
Paraná,5,"$4.006,74 ",Klein-Koss,Provincia de Entre Ríos,Marta López,30 días,Clavos,Camion
Paraná,6,"$574,84 ",Klein-Koss,Provincia de Entre Ríos,Sara Pineda,30 días,Clavos,Camion
Paraná,7,"$262,57 ",Klein-Koss,Provincia de Entre Ríos,Susana Escudero,30 días,Clavos,Camion
Paraná,3,"$118,06 ","Kohler, Mante and Towne",Provincia de Entre Ríos,Alberto García,30 días,Clavos,Camion
Paraná,1,"$25.890,12 ","Kohler, Mante and Towne",Provincia de Entre Ríos,Ana María Delgado,30 días,Clavos,Camion
Paraná,1,"$113,94 ","Kohler, Mante and Towne",Provincia de Entre Ríos,Antonia Martínez,30 días,Clavos,Camion
Paraná,3,"$147,32 ","Kohler, Mante and Towne",Provincia de Entre Ríos,Carmen Diez,30 días,Clavos,Camion
Paraná,1,"$548,39 ","Kohler, Mante and Towne",Provincia de Entre Ríos,Cristina Rodríguez,30 días,Clavos,Camion
Paraná,3,"$987,10 ","Kohler, Mante and Towne",Provincia de Entre Ríos,Manuel Muñoz,30 días,Clavos,Camion
Paraná,1,"$387,10 ","Kohler, Mante and Towne",Provincia de Entre Ríos,María Ángeles Alves,30 días,Clavos,Camion
Paraná,1,"$14.156,48 ","Kohler, Mante and Towne",Provincia de Entre Ríos,María Ángeles Martínez,30 días,Clavos,Camion
Paraná,3,"$115,92 ","Kohler, Mante and Towne",Provincia de Entre Ríos,Teresa Martínez,30 días,Clavos,Camion
Paraná,2,"$258,06 ","Langosh, Will and Strosin",Provincia de Entre Ríos,Ana Aguilera,30 días,Clavos,Camion
Paraná,2,"$28.415,39 ","Langosh, Will and Strosin",Provincia de Entre Ríos,Manuel Grande,30 días,Clavos,Camion
Paraná,3,"$914,84 ","Langosh, Will and Strosin",Provincia de Entre Ríos,María Ángeles Martínez,30 días,Clavos,Camion
Paraná,3,"$129,03 ","Langosh, Will and Strosin",Provincia de Entre Ríos,Marta Amigo,30 días,Clavos,Camion
Paraná,1,"$45.891,66 ",Mitchell-Nolan,Provincia de Entre Ríos,Adrián Souto,45 días,Clavos,Camion
Paraná,3,"$1.193,55 ",Mitchell-Nolan,Provincia de Entre Ríos,Alberto García,45 días,Clavos,Camion
Paraná,3,"$520,20 ",Mitchell-Nolan,Provincia de Entre Ríos,Ana Aguilera,45 días,Clavos,Camion
Paraná,1,"$833,23 ",Mitchell-Nolan,Provincia de Entre Ríos,Ana María Delgado,45 días,Clavos,Camion
Paraná,2,"$124,71 ",Mitchell-Nolan,Provincia de Entre Ríos,Ángeles Pérez,45 días,Clavos,Camion
Paraná,1,"$523,08 ",Mitchell-Nolan,Provincia de Entre Ríos,Begoña García,45 días,Clavos,Camion
Paraná,3,"$4.728,77 ",Mitchell-Nolan,Provincia de Entre Ríos,Carlos Arenas,45 días,Clavos,Camion
Paraná,1,"$27.836,22 ",Mitchell-Nolan,Provincia de Entre Ríos,Carmen Cortes,45 días,Clavos,Camion
Paraná,5,"$91.874,11 ",Mitchell-Nolan,Provincia de Entre Ríos,Carmen Diez,45 días,Clavos,Camion
Paraná,7,"$722,06 ",Mitchell-Nolan,Provincia de Entre Ríos,Carmen Sánchez,45 días,Clavos,Camion
Paraná,2,"$532,90 ",Mitchell-Nolan,Provincia de Entre Ríos,Elena Fernández,45 días,Clavos,Camion
Paraná,3,"$153,83 ",Mitchell-Nolan,Provincia de Entre Ríos,Francisco Miñana,45 días,Clavos,Camion
Paraná,6,"$241,57 ",Mitchell-Nolan,Provincia de Entre Ríos,Jaume García,45 días,Clavos,Camion
Paraná,7,"$419,10 ",Mitchell-Nolan,Provincia de Entre Ríos,José Antonio López,45 días,Clavos,Camion
Paraná,3,"$437,81 ",Mitchell-Nolan,Provincia de Entre Ríos,José María Pérez,45 días,Clavos,Camion
Paraná,3,"$1.979,87 ",Mitchell-Nolan,Provincia de Entre Ríos,María Ángeles Alves,45 días,Clavos,Camion
Paraná,2,"$19.493,46 ",Mitchell-Nolan,Provincia de Entre Ríos,María Carmen Serrano,45 días,Clavos,Camion
Paraná,1,"$9.867,48 ",Mitchell-Nolan,Provincia de Entre Ríos,María Fernández,45 días,Clavos,Camion
Paraná,1,"$142,80 ",Mitchell-Nolan,Provincia de Entre Ríos,María Isabel Heredia,45 días,Clavos,Camion
Paraná,1,"$15.114,40 ",Mitchell-Nolan,Provincia de Entre Ríos,María Jesús Peñalver,45 días,Clavos,Camion
Paraná,7,"$25.381,37 ",Mitchell-Nolan,Provincia de Entre Ríos,María Pilar Pérez,45 días,Clavos,Camion
Paraná,1,"$2.419,35 ",Mitchell-Nolan,Provincia de Entre Ríos,Marta Amigo,45 días,Clavos,Camion
Paraná,2,"$1.130,71 ",Mitchell-Nolan,Provincia de Entre Ríos,Marta López,45 días,Clavos,Camion
Paraná,1,"$626,79 ",Mitchell-Nolan,Provincia de Entre Ríos,Susana Escudero,45 días,Clavos,Camion
Paraná,4,"$19.833,30 ",Mitchell-Nolan,Provincia de Entre Ríos,Teresa Martínez,45 días,Clavos,Camion
Paraná,3,"$123,20 ","Mohr, Jakubowski and Skiles",Provincia de Entre Ríos,Pablo López,30 días,Clavos,Camion
Paraná,3,"$119,35 ",Rice Inc,Provincia de Entre Ríos,Alberto García,90 días,Clavos,Camion
Paraná,3,"$4.439,81 ",Rice Inc,Provincia de Entre Ríos,Antonia Lorente,30 días,Clavos,Camion
Paraná,3,"$106,58 ",Rice Inc,Provincia de Entre Ríos,Sara Pineda,30 días,Clavos,Camion
Paraná,3,"$110,97 ",Roob-Ryan,Provincia de Entre Ríos,Daniel Pino,30 días,Clavos,Camion
Paraná,3,"$101,43 ",Schimmel Group,Provincia de Entre Ríos,Alberto García,60 días,Clavos,Camion
Paraná,19,"$20.362,40 ",Schimmel Group,Provincia de Entre Ríos,Begoña García,60 días,Clavos,Camion
Paraná,3,"$20.465,54 ",Schimmel Group,Provincia de Entre Ríos,Carmen Diez,60 días,Clavos,Camion
Paraná,6,"$22.678,45 ",Schimmel Group,Provincia de Entre Ríos,Jaume García,60 días,Clavos,Camion
Paraná,6,"$5.740,90 ",Schimmel Group,Provincia de Entre Ríos,José María Pérez,60 días,Clavos,Camion
Paraná,22,"$13.051,30 ",Schimmel Group,Provincia de Entre Ríos,José Salcedo,60 días,Clavos,Camion
Paraná,19,"$175.597,53 ",Schimmel Group,Provincia de Entre Ríos,Manuel Muñoz,60 días,Clavos,Camion
Paraná,3,"$98,17 ",Schimmel Group,Provincia de Entre Ríos,María Carmen Serrano,60 días,Clavos,Camion
Paraná,3,"$610,06 ",Schimmel Group,Provincia de Entre Ríos,María Cedeño,60 días,Clavos,Camion
Paraná,3,"$4.928,52 ",Schimmel Group,Provincia de Entre Ríos,María Diego,60 días,Clavos,Camion
Paraná,19,"$102,29 ",Schimmel Group,Provincia de Entre Ríos,María Isabel Heredia,60 días,Clavos,Camion
Paraná,19,"$535,48 ",Schimmel Group,Provincia de Entre Ríos,María Jesús Peñalver,60 días,Clavos,Camion
Paraná,5,"$136,13 ",Schimmel Group,Provincia de Entre Ríos,Pablo López,60 días,Clavos,Camion
Paraná,11,"$109,68 ",Schimmel Group,Provincia de Entre Ríos,Sara Pineda,60 días,Clavos,Camion
Paraná,3,"$20.393,10 ",Schimmel Group,Provincia de Entre Ríos,Susana Escudero,60 días,Clavos,Camion
Paraná,3,"$111,60 ",Stark-Gerhold,Provincia de Entre Ríos,Alejandro Del Olmo,30 días,Clavos,Camion
Paraná,9,"$26.635,95 ",Stark-Gerhold,Provincia de Entre Ríos,Ana María Delgado,30 días,Clavos,Camion
Paraná,3,"$111,60 ",Stark-Gerhold,Provincia de Entre Ríos,Antonia Martínez,30 días,Clavos,Camion
Paraná,3,"$731,61 ",Stark-Gerhold,Provincia de Entre Ríos,Antonio Calderón,30 días,Clavos,Camion
Paraná,3,"$111,60 ",Stark-Gerhold,Provincia de Entre Ríos,Carlos Arenas,30 días,Clavos,Camion
Paraná,3,"$123,20 ",Stark-Gerhold,Provincia de Entre Ríos,Carmen Cortes,30 días,Clavos,Camion
Paraná,3,"$111,60 ",Stark-Gerhold,Provincia de Entre Ríos,Carmen Diez,30 días,Clavos,Camion
Paraná,3,"$111,60 ",Stark-Gerhold,Provincia de Entre Ríos,Joaquín Vega,30 días,Clavos,Camion
Paraná,3,"$114,05 ",Stark-Gerhold,Provincia de Entre Ríos,José Antonio López,30 días,Clavos,Camion
Paraná,6,"$241,86 ",Stark-Gerhold,Provincia de Entre Ríos,José Salcedo,30 días,Clavos,Camion
Paraná,3,"$149,78 ",Stark-Gerhold,Provincia de Entre Ríos,María Cedeño,30 días,Clavos,Camion
Paraná,1,"$111,60 ",Stark-Gerhold,Provincia de Entre Ríos,María Isabel Heredia,30 días,Clavos,Camion
Paraná,6,"$253,59 ",Stark-Gerhold,Provincia de Entre Ríos,María Jesús Peñalver,30 días,Clavos,Camion
Paraná,2,"$129,03 ",Stark-Gerhold,Provincia de Entre Ríos,Marta Amigo,30 días,Clavos,Camion
Paraná,3,"$27.813,98 ",Stark-Gerhold,Provincia de Entre Ríos,Susana Escudero,30 días,Clavos,Camion
Paraná,3,"$516,13 ",Stehr-Mills,Provincia de Entre Ríos,Alberto García,30 días,Clavos,Camion
Paraná,3,"$117,86 ",Stehr-Mills,Provincia de Entre Ríos,Alberto García,60 días,Clavos,Camion
Paraná,6,"$270,25 ",Stehr-Mills,Provincia de Entre Ríos,Alejandro Del Olmo,60 días,Clavos,Camion
Paraná,3,"$197,12 ",Stehr-Mills,Provincia de Entre Ríos,Ana María Delgado,60 días,Clavos,Camion
Paraná,3,"$516,13 ",Stehr-Mills,Provincia de Entre Ríos,Ana María Serrano,30 días,Clavos,Camion
Paraná,3,"$126,12 ",Stehr-Mills,Provincia de Entre Ríos,Ana María Serrano,60 días,Clavos,Camion
Paraná,5,"$754,84 ",Stehr-Mills,Provincia de Entre Ríos,Antonio Calderón,60 días,Clavos,Camion
Paraná,3,"$85,57 ",Stehr-Mills,Provincia de Entre Ríos,Carlos Arenas,30 días,Clavos,Camion
Paraná,3,"$315,87 ",Stehr-Mills,Provincia de Entre Ríos,Carlos Arenas,60 días,Clavos,Camion
Paraná,7,"$1.013,55 ",Stehr-Mills,Provincia de Entre Ríos,Carmen Cortes,60 días,Clavos,Camion
Paraná,3,"$127,66 ",Stehr-Mills,Provincia de Entre Ríos,Carmen Diez,60 días,Clavos,Camion
Paraná,3,"$1.775,07 ",Stehr-Mills,Provincia de Entre Ríos,Cristina Rodríguez,30 días,Clavos,Camion
Paraná,4,"$13.468,57 ",Stehr-Mills,Provincia de Entre Ríos,Daniel Pino,60 días,Clavos,Camion
Paraná,3,"$133,01 ",Stehr-Mills,Provincia de Entre Ríos,Elena Fernández,60 días,Clavos,Camion
Paraná,1,"$19.373,99 ",Stehr-Mills,Provincia de Entre Ríos,Jaume García,60 días,Clavos,Camion
Paraná,6,"$292,48 ",Stehr-Mills,Provincia de Entre Ríos,Joaquín Vega,60 días,Clavos,Camion
Paraná,3,"$19.636,06 ",Stehr-Mills,Provincia de Entre Ríos,José Antonio López,60 días,Clavos,Camion
Paraná,3,"$24.370,38 ",Stehr-Mills,Provincia de Entre Ríos,José Carretero,60 días,Clavos,Camion
Paraná,2,"$439,10 ",Stehr-Mills,Provincia de Entre Ríos,José Salcedo,60 días,Clavos,Camion
Paraná,2,"$22.662,75 ",Stehr-Mills,Provincia de Entre Ríos,José Sola,30 días,Clavos,Camion
Paraná,3,"$532,90 ",Stehr-Mills,Provincia de Entre Ríos,José Sola,60 días,Clavos,Camion
Paraná,6,"$262,66 ",Stehr-Mills,Provincia de Entre Ríos,Manuel Grande,60 días,Clavos,Camion
Paraná,3,"$821,68 ",Stehr-Mills,Provincia de Entre Ríos,Manuel Muñoz,30 días,Clavos,Camion
Paraná,3,"$1.861,13 ",Stehr-Mills,Provincia de Entre Ríos,María Ángeles Martínez,60 días,Clavos,Camion
Paraná,6,"$19.891,48 ",Stehr-Mills,Provincia de Entre Ríos,María Carmen Serrano,60 días,Clavos,Camion
Paraná,2,"$586,45 ",Stehr-Mills,Provincia de Entre Ríos,María Dolores Sousa,30 días,Clavos,Camion
Paraná,3,"$612,90 ",Stehr-Mills,Provincia de Entre Ríos,María Dolores Sousa,60 días,Clavos,Camion
Paraná,3,"$130,97 ",Stehr-Mills,Provincia de Entre Ríos,María Fernández,30 días,Clavos,Camion
Paraná,3,"$309,68 ",Stehr-Mills,Provincia de Entre Ríos,María Isabel Heredia,60 días,Clavos,Camion
Paraná,2,"$2.113,55 ",Stehr-Mills,Provincia de Entre Ríos,María Isabel León,60 días,Clavos,Camion
Paraná,2,"$2.315,55 ",Stehr-Mills,Provincia de Entre Ríos,María Pilar Pérez,60 días,Clavos,Camion
Paraná,3,"$19.297,74 ",Stehr-Mills,Provincia de Entre Ríos,Marta Amigo,60 días,Clavos,Camion
Paraná,1,"$774,19 ",Stehr-Mills,Provincia de Entre Ríos,Marta López,30 días,Clavos,Camion
Paraná,2,"$24.810,31 ",Stehr-Mills,Provincia de Entre Ríos,Sergio Jiménez,30 días,Clavos,Camion
Paraná,6,"$2.414,19 ",Stehr-Mills,Provincia de Entre Ríos,Teresa Martínez,60 días,Clavos,Camion
Paraná,3,"$154,19 ",Wiza-Roob,Provincia de Entre Ríos,Adrián Souto,30 días,Clavos,Camion
Paraná,3,"$111,60 ",Wiza-Roob,Provincia de Entre Ríos,Antonia Martínez,30 días,Clavos,Camion
Paraná,3,"$136,65 ",Wiza-Roob,Provincia de Entre Ríos,Carmen Sánchez,30 días,Clavos,Camion
Pilar,19,"$645,95 ",Emard S.A.,Provincia de Buenos Aires,Alejandro Del Olmo,30 días,Perfiles De Acero,Camion
Pilar,19,"$93.079,66 ",Emard S.A.,Provincia de Buenos Aires,Ana María Delgado,30 días,Perfiles De Acero,Camion
Pilar,19,"$2.741,94 ",Emard S.A.,Provincia de Buenos Aires,Ana María Serrano,30 días,Perfiles De Acero,Camion
Pilar,19,"$3.903,24 ",Emard S.A.,Provincia de Buenos Aires,Carlos Arenas,30 días,Perfiles De Acero,Camion
Pilar,19,"$1.296,77 ",Emard S.A.,Provincia de Buenos Aires,Carmen Diez,30 días,Perfiles De Acero,Camion
Pilar,19,"$843,23 ",Emard S.A.,Provincia de Buenos Aires,Daniel Pino,30 días,Perfiles De Acero,Camion
Pilar,38,"$834,37 ",Emard S.A.,Provincia de Buenos Aires,Jaume García,30 días,Perfiles De Acero,Camion
Pilar,19,"$642,77 ",Emard S.A.,Provincia de Buenos Aires,José Sola,30 días,Perfiles De Acero,Camion
Pilar,38,"$4.775,48 ",Emard S.A.,Provincia de Buenos Aires,Juan Andrés,30 días,Perfiles De Acero,Camion
Pilar,19,"$50.401,69 ",Emard S.A.,Provincia de Buenos Aires,María Ángeles Martínez,30 días,Perfiles De Acero,Camion
Pilar,19,"$891,61 ",Emard S.A.,Provincia de Buenos Aires,María Carmen Serrano,30 días,Perfiles De Acero,Camion
Pilar,19,"$1.456,37 ",Emard S.A.,Provincia de Buenos Aires,María Cedeño,30 días,Perfiles De Acero,Camion
Pilar,19,"$163,83 ",Emard S.A.,Provincia de Buenos Aires,María Fernández,30 días,Perfiles De Acero,Camion
Pilar,104,"$1.482,17 ",Emard S.A.,Provincia de Buenos Aires,María Isabel Heredia,30 días,Perfiles De Acero,Camion
Pilar,19,"$74.803,97 ",Emard S.A.,Provincia de Buenos Aires,María Isabel León,30 días,Perfiles De Acero,Camion
Pilar,19,"$967,74 ",Emard S.A.,Provincia de Buenos Aires,María Jesús Peñalver,30 días,Perfiles De Acero,Camion
Pilar,19,"$1.442,69 ",Emard S.A.,Provincia de Buenos Aires,María Pilar Pérez,30 días,Perfiles De Acero,Camion
Pilar,38,"$203.221,76 ",Emard S.A.,Provincia de Buenos Aires,Sergio Jiménez,30 días,Perfiles De Acero,Camion
Posadas,2,"$357,29 ","San Martin, Acevedo y Cia",Provincia de Misiones,María Cedeño,30 días,Perfiles De Acero,Camion
Posadas,22,"$24.985,71 ","San Martin, Acevedo y Cia",Provincia de Misiones,Marta Amigo,30 días,Perfiles De Acero,Camion
Posadas,3,"$15.688,85 ","Bernhard, Schultz and Bartell",Provincia de Misiones,Daniel Pino,30 días,Perfiles De Acero,Camion
Posadas,3,"$23.091,94 ","Bernhard, Schultz and Bartell",Provincia de Misiones,José María Pérez,30 días,Perfiles De Acero,Camion
Posadas,1,"$23.245,47 ","Bernhard, Schultz and Bartell",Provincia de Misiones,Manuel Muñoz,30 días,Perfiles De Acero,Camion
Posadas,8,"$648,57 ",Boehm-Mohr,Provincia de Misiones,Joaquín Vega,30 días,Perfiles De Acero,Camion
Posadas,3,"$1.775,07 ",Konopelski Group,Provincia de Misiones,Alberto García,30 días,Perfiles De Acero,Camion
Posadas,1,"$1.296,19 ","Lockman, Senger and Hirthe",Provincia de Misiones,María Ángeles Ruiz,30 días,Perfiles De Acero,Camion
Posadas,3,"$132,28 ","Lockman, Senger and Hirthe",Provincia de Misiones,María Cedeño,30 días,Perfiles De Acero,Camion
Posadas,2,"$401,88 ","Lockman, Senger and Hirthe",Provincia de Misiones,Sergio Jiménez,30 días,Perfiles De Acero,Camion
Posadas,3,"$718,49 ","Lockman, Senger and Hirthe",Provincia de Misiones,Susana Escudero,30 días,Perfiles De Acero,Camion
Posadas,3,"$141,29 ","Robel, Dietrich and Herman",Provincia de Misiones,Sara Pineda,30 días,Perfiles De Acero,Camion
Posadas,3,"$2.919,86 ",Upton-Roberts,Provincia de Misiones,Antonia Martínez,30 días,Perfiles De Acero,Camion
Quilmes,4,"$791,74 ",Harber SRL,Provincia de Buenos Aires,Pablo López,30 días,Perfiles De Acero,Camion
Resistencia,1,"$109,68 ","Altenwerth, O'Hara and Batz",Provincia del Chaco,Ana Aguilera,30 días,Perfiles De Acero,Camion
Resistencia,5,"$65.720,15 ","Altenwerth, O'Hara and Batz",Provincia del Chaco,Carlos Arenas,30 días,Perfiles De Acero,Camion
Resistencia,5,"$23.279,99 ","Altenwerth, O'Hara and Batz",Provincia del Chaco,Cristina Rodríguez,30 días,Perfiles De Acero,Camion
Resistencia,3,"$29.322,25 ","Altenwerth, O'Hara and Batz",Provincia del Chaco,Elena Fernández,30 días,Perfiles De Acero,Camion
Resistencia,3,"$29.107,34 ","Altenwerth, O'Hara and Batz",Provincia del Chaco,María Cedeño,30 días,Perfiles De Acero,Camion
Resistencia,3,"$791,75 ","Altenwerth, O'Hara and Batz",Provincia del Chaco,María Fernández,30 días,Perfiles De Acero,Camion
Resistencia,1,"$108,93 ","Altenwerth, O'Hara and Batz",Provincia del Chaco,Sergio Jiménez,30 días,Perfiles De Acero,Camion
Resistencia,101,"$425,81 ",Rosebund,Provincia del Chaco,Alejandro Del Olmo,30 días,Perfiles De Acero,Camion
Resistencia,3,"$194,45 ","Blanda, Stehr and Bechtelar",Provincia del Chaco,Ana María Delgado,30 días,Perfiles De Acero,Camion
Resistencia,19,"$11.717,40 ","Blanda, Stehr and Bechtelar",Provincia del Chaco,Carmen Sánchez,30 días,Perfiles De Acero,Camion
Resistencia,2,"$574,84 ","Blanda, Stehr and Bechtelar",Provincia del Chaco,Cristina Rodríguez,30 días,Perfiles De Acero,Camion
Resistencia,23,"$854,33 ","Blanda, Stehr and Bechtelar",Provincia del Chaco,Daniel Pino,30 días,Perfiles De Acero,Camion
Resistencia,18,"$170,32 ","Blanda, Stehr and Bechtelar",Provincia del Chaco,Jaume García,30 días,Perfiles De Acero,Camion
Resistencia,3,"$117,39 ","Blanda, Stehr and Bechtelar",Provincia del Chaco,José Salcedo,30 días,Perfiles De Acero,Camion
Resistencia,3,"$90,32 ","Blanda, Stehr and Bechtelar",Provincia del Chaco,Juan Andrés,30 días,Perfiles De Acero,Camion
Resistencia,19,"$11.271,24 ","Blanda, Stehr and Bechtelar",Provincia del Chaco,María Cedeño,30 días,Perfiles De Acero,Camion
Resistencia,2,"$132,26 ","Corkery, Pollich and Ebert",Provincia del Chaco,Ángeles Pérez,30 días,Perfiles De Acero,Camion
Resistencia,7,$180 ,"Corkery, Pollich and Ebert",Provincia del Chaco,José Antonio López,30 días,Perfiles De Acero,Camion
Resistencia,3,"$15.302,09 ",Dickinson-Goldner,Provincia del Chaco,Carmen Sánchez,30 días,Perfiles De Acero,Camion
Resistencia,3,"$97.936,60 ",Dickinson-Goldner,Provincia del Chaco,Elena Fernández,30 días,Perfiles De Acero,Camion
Resistencia,3,"$903,23 ",Dickinson-Goldner,Provincia del Chaco,María Pilar Pérez,30 días,Perfiles De Acero,Camion
Resistencia,158,"$65.883,96 ",Emard S.A.,Provincia del Chaco,Adrián Souto,30 días,Perfiles De Acero,Camion
Resistencia,109,"$60.598,50 ",Emard S.A.,Provincia del Chaco,Alberto García,30 días,Perfiles De Acero,Camion
Resistencia,72,"$85.947,91 ",Emard S.A.,Provincia del Chaco,Alejandro Del Olmo,30 días,Perfiles De Acero,Camion
Resistencia,175,"$98.321,96 ",Emard S.A.,Provincia del Chaco,Ana Aguilera,30 días,Perfiles De Acero,Camion
Resistencia,86,"$34.163,97 ",Emard S.A.,Provincia del Chaco,Ana María Delgado,30 días,Perfiles De Acero,Camion
Resistencia,168,"$69.313,47 ",Emard S.A.,Provincia del Chaco,Ana María Serrano,30 días,Perfiles De Acero,Camion
Resistencia,198,"$51.719,01 ",Emard S.A.,Provincia del Chaco,Ángeles Pérez,30 días,Perfiles De Acero,Camion
Resistencia,256,"$43.900,90 ",Emard S.A.,Provincia del Chaco,Antonia Lorente,30 días,Perfiles De Acero,Camion
Resistencia,203,"$65.706,31 ",Emard S.A.,Provincia del Chaco,Antonia Martínez,30 días,Perfiles De Acero,Camion
Resistencia,298,"$41.940,24 ",Emard S.A.,Provincia del Chaco,Antonio Calderón,30 días,Perfiles De Acero,Camion
Resistencia,175,"$55.878,88 ",Emard S.A.,Provincia del Chaco,Begoña García,30 días,Perfiles De Acero,Camion
Resistencia,63,"$18.934,69 ",Emard S.A.,Provincia del Chaco,Carlos Arenas,30 días,Perfiles De Acero,Camion
Resistencia,130,"$60.838,10 ",Emard S.A.,Provincia del Chaco,Carmen Cortes,30 días,Perfiles De Acero,Camion
Resistencia,80,"$13.645,38 ",Emard S.A.,Provincia del Chaco,Carmen Diez,30 días,Perfiles De Acero,Camion
Resistencia,115,"$27.751,17 ",Emard S.A.,Provincia del Chaco,Carmen Sánchez,30 días,Perfiles De Acero,Camion
Resistencia,240,"$115.045,68 ",Emard S.A.,Provincia del Chaco,Cristina Rodríguez,30 días,Perfiles De Acero,Camion
Resistencia,246,"$30.969,36 ",Emard S.A.,Provincia del Chaco,Cristina Zamora,30 días,Perfiles De Acero,Camion
Resistencia,192,"($11.818,88)",Emard S.A.,Provincia del Chaco,Daniel Pino,30 días,Perfiles De Acero,Camion
Resistencia,196,"$72.167,32 ",Emard S.A.,Provincia del Chaco,Elena Fernández,30 días,Perfiles De Acero,Camion
Resistencia,171,"$42.441,61 ",Emard S.A.,Provincia del Chaco,Francisco Miñana,30 días,Perfiles De Acero,Camion
Resistencia,191,"$39.681,34 ",Emard S.A.,Provincia del Chaco,Jaume García,30 días,Perfiles De Acero,Camion
Resistencia,70,"$40.214,20 ",Emard S.A.,Provincia del Chaco,Joaquín Vega,30 días,Perfiles De Acero,Camion
Resistencia,133,"$81.002,28 ",Emard S.A.,Provincia del Chaco,José Antonio López,30 días,Perfiles De Acero,Camion
Resistencia,49,"$79.746,17 ",Emard S.A.,Provincia del Chaco,José Carretero,30 días,Perfiles De Acero,Camion
Resistencia,158,"$49.950,25 ",Emard S.A.,Provincia del Chaco,José María Pérez,30 días,Perfiles De Acero,Camion
Resistencia,236,"$52.126,80 ",Emard S.A.,Provincia del Chaco,José Salcedo,30 días,Perfiles De Acero,Camion
Resistencia,80,"$37.012,84 ",Emard S.A.,Provincia del Chaco,José Sola,30 días,Perfiles De Acero,Camion
Resistencia,53,"$20.922,48 ",Emard S.A.,Provincia del Chaco,Juan Andrés,30 días,Perfiles De Acero,Camion
Resistencia,62,"$40.386,18 ",Emard S.A.,Provincia del Chaco,Manuel Grande,30 días,Perfiles De Acero,Camion
Resistencia,51,"$24.827,69 ",Emard S.A.,Provincia del Chaco,Manuel Muñoz,30 días,Perfiles De Acero,Camion
Resistencia,183,"$65.403,87 ",Emard S.A.,Provincia del Chaco,María Ángeles Alves,30 días,Perfiles De Acero,Camion
Resistencia,135,"$74.590,69 ",Emard S.A.,Provincia del Chaco,María Ángeles Martínez,30 días,Perfiles De Acero,Camion
Resistencia,98,"$40.953,77 ",Emard S.A.,Provincia del Chaco,María Ángeles Ruiz,30 días,Perfiles De Acero,Camion
Resistencia,72,"$61.531,35 ",Emard S.A.,Provincia del Chaco,María Carmen Serrano,30 días,Perfiles De Acero,Camion
Resistencia,242,"$80.513,34 ",Emard S.A.,Provincia del Chaco,María Cedeño,30 días,Perfiles De Acero,Camion
Resistencia,204,"$111.898,55 ",Emard S.A.,Provincia del Chaco,María Diego,30 días,Perfiles De Acero,Camion
Resistencia,275,"$134.428,29 ",Emard S.A.,Provincia del Chaco,María Dolores Sousa,30 días,Perfiles De Acero,Camion
Resistencia,166,"$174.763,96 ",Emard S.A.,Provincia del Chaco,María Fernández,30 días,Perfiles De Acero,Camion
Resistencia,226,"$118.106,04 ",Emard S.A.,Provincia del Chaco,María Isabel Heredia,30 días,Perfiles De Acero,Camion
Resistencia,149,"$33.538,92 ",Emard S.A.,Provincia del Chaco,María Isabel León,30 días,Perfiles De Acero,Camion
Resistencia,54,"$32.033,59 ",Emard S.A.,Provincia del Chaco,María Jesús Peñalver,30 días,Perfiles De Acero,Camion
Resistencia,66,"$70.247,81 ",Emard S.A.,Provincia del Chaco,María Pilar Pérez,30 días,Perfiles De Acero,Camion
Resistencia,149,"$19.752,44 ",Emard S.A.,Provincia del Chaco,Marta Amigo,30 días,Perfiles De Acero,Camion
Resistencia,110,"$43.103,95 ",Emard S.A.,Provincia del Chaco,Marta López,30 días,Perfiles De Acero,Camion
Resistencia,256,"$34.689,75 ",Emard S.A.,Provincia del Chaco,Pablo López,30 días,Perfiles De Acero,Camion
Resistencia,131,"$13.503,44 ",Emard S.A.,Provincia del Chaco,Raquel Pueyo,30 días,Perfiles De Acero,Camion
Resistencia,270,"$49.658,04 ",Emard S.A.,Provincia del Chaco,Sara Pineda,30 días,Perfiles De Acero,Camion
Resistencia,83,"$31.405,90 ",Emard S.A.,Provincia del Chaco,Sergio Jiménez,30 días,Perfiles De Acero,Camion
Resistencia,93,"$63.315,06 ",Emard S.A.,Provincia del Chaco,Susana Escudero,30 días,Perfiles De Acero,Camion
Resistencia,209,"$20.701,74 ",Emard S.A.,Provincia del Chaco,Teresa Martínez,30 días,Perfiles De Acero,Camion
Resistencia,82,"$96.357,30 ",Gutkowski-Stroman,Provincia del Chaco,Adrián Souto,60 días,Perfiles De Acero,Camion
Resistencia,119,"$140.545,45 ",Gutkowski-Stroman,Provincia del Chaco,Alberto García,60 días,Perfiles De Acero,Camion
Resistencia,41,"$2.044,86 ",Gutkowski-Stroman,Provincia del Chaco,Alejandro Del Olmo,60 días,Perfiles De Acero,Camion
Resistencia,123,"$4.537,92 ",Gutkowski-Stroman,Provincia del Chaco,Ana Aguilera,60 días,Perfiles De Acero,Camion
Resistencia,123,"$15.193,10 ",Gutkowski-Stroman,Provincia del Chaco,Ana María Delgado,60 días,Perfiles De Acero,Camion
Resistencia,3,"$347,10 ",Gutkowski-Stroman,Provincia del Chaco,Ana María Serrano,60 días,Alambre,Camion
Resistencia,91,$10.240 ,Gutkowski-Stroman,Provincia del Chaco,Ana María Serrano,60 días,Perfiles De Acero,Camion
Resistencia,3,"$3.560,20 ",Gutkowski-Stroman,Provincia del Chaco,Ángeles Pérez,60 días,Perfiles De Acero,Camion
Resistencia,20,"$117,86 ",Gutkowski-Stroman,Provincia del Chaco,Antonia Lorente,60 días,Perfiles De Acero,Camion
Resistencia,99,"$4.570,66 ",Gutkowski-Stroman,Provincia del Chaco,Antonia Martínez,60 días,Perfiles De Acero,Camion
Resistencia,14,"$2.406,45 ",Gutkowski-Stroman,Provincia del Chaco,Antonio Calderón,60 días,Perfiles De Acero,Camion
Resistencia,3,"$347,10 ",Gutkowski-Stroman,Provincia del Chaco,Begoña García,60 días,Alambre,Camion
Resistencia,11,"$74.293,34 ",Gutkowski-Stroman,Provincia del Chaco,Begoña García,60 días,Perfiles De Acero,Camion
Resistencia,41,"$23.006,79 ",Gutkowski-Stroman,Provincia del Chaco,Carlos Arenas,60 días,Perfiles De Acero,Camion
Resistencia,155,"$98.861,00 ",Gutkowski-Stroman,Provincia del Chaco,Carmen Cortes,60 días,Perfiles De Acero,Camion
Resistencia,82,"$2.957,76 ",Gutkowski-Stroman,Provincia del Chaco,Carmen Diez,60 días,Perfiles De Acero,Camion
Resistencia,3,"$29.735,69 ",Gutkowski-Stroman,Provincia del Chaco,Carmen Sánchez,60 días,Perfiles De Acero,Camion
Resistencia,169,"$47.229,10 ",Gutkowski-Stroman,Provincia del Chaco,Cristina Rodríguez,60 días,Perfiles De Acero,Camion
Resistencia,48,"$96.210,68 ",Gutkowski-Stroman,Provincia del Chaco,Cristina Zamora,60 días,Perfiles De Acero,Camion
Resistencia,42,"$130.116,43 ",Gutkowski-Stroman,Provincia del Chaco,Daniel Pino,60 días,Perfiles De Acero,Camion
Resistencia,22,"$2.294,23 ",Gutkowski-Stroman,Provincia del Chaco,Elena Fernández,60 días,Perfiles De Acero,Camion
Resistencia,30,"$120.590,92 ",Gutkowski-Stroman,Provincia del Chaco,Francisco Miñana,60 días,Perfiles De Acero,Camion
Resistencia,3,"$167,74 ",Gutkowski-Stroman,Provincia del Chaco,Jaume García,60 días,Alambre,Camion
Resistencia,42,"$15.366,17 ",Gutkowski-Stroman,Provincia del Chaco,Jaume García,60 días,Perfiles De Acero,Camion
Resistencia,24,"$24.828,17 ",Gutkowski-Stroman,Provincia del Chaco,Joaquín Vega,60 días,Perfiles De Acero,Camion
Resistencia,3,"$773,26 ",Gutkowski-Stroman,Provincia del Chaco,José Antonio López,60 días,Perfiles De Acero,Camion
Resistencia,92,"$2.160,29 ",Gutkowski-Stroman,Provincia del Chaco,José Carretero,60 días,Perfiles De Acero,Camion
Resistencia,54,"$2.172,75 ",Gutkowski-Stroman,Provincia del Chaco,José María Pérez,60 días,Perfiles De Acero,Camion
Resistencia,67,"$247.682,37 ",Gutkowski-Stroman,Provincia del Chaco,José Salcedo,60 días,Perfiles De Acero,Camion
Resistencia,11,"$1.779,12 ",Gutkowski-Stroman,Provincia del Chaco,José Sola,60 días,Perfiles De Acero,Camion
Resistencia,48,"$141.096,40 ",Gutkowski-Stroman,Provincia del Chaco,Juan Andrés,60 días,Perfiles De Acero,Camion
Resistencia,35,"$50.129,67 ",Gutkowski-Stroman,Provincia del Chaco,Manuel Grande,60 días,Perfiles De Acero,Camion
Resistencia,3,"$2.553,52 ",Gutkowski-Stroman,Provincia del Chaco,Manuel Grande,60 días,Perfiles De Acero,Tren
Resistencia,110,"$123.635,35 ",Gutkowski-Stroman,Provincia del Chaco,Manuel Muñoz,60 días,Perfiles De Acero,Camion
Resistencia,83,"$57.437,75 ",Gutkowski-Stroman,Provincia del Chaco,María Ángeles Alves,60 días,Perfiles De Acero,Camion
Resistencia,21,"$3.307,55 ",Gutkowski-Stroman,Provincia del Chaco,María Ángeles Martínez,60 días,Perfiles De Acero,Camion
Resistencia,20,"$4.481,55 ",Gutkowski-Stroman,Provincia del Chaco,María Ángeles Ruiz,60 días,Perfiles De Acero,Camion
Resistencia,134,"$47.479,50 ",Gutkowski-Stroman,Provincia del Chaco,María Carmen Serrano,60 días,Perfiles De Acero,Camion
Resistencia,4,"$775,77 ",Gutkowski-Stroman,Provincia del Chaco,María Cedeño,60 días,Perfiles De Acero,Tren
Resistencia,3,"$347,10 ",Gutkowski-Stroman,Provincia del Chaco,María Diego,60 días,Alambre,Camion
Resistencia,12,"$33.283,18 ",Gutkowski-Stroman,Provincia del Chaco,María Diego,60 días,Perfiles De Acero,Camion
Resistencia,223,"$98.763,22 ",Gutkowski-Stroman,Provincia del Chaco,María Dolores Sousa,60 días,Perfiles De Acero,Camion
Resistencia,3,"$23.430,77 ",Gutkowski-Stroman,Provincia del Chaco,María Fernández,60 días,Alambre,Camion
Resistencia,37,"$22.449,47 ",Gutkowski-Stroman,Provincia del Chaco,María Fernández,60 días,Perfiles De Acero,Camion
Resistencia,4,"$472,89 ",Gutkowski-Stroman,Provincia del Chaco,María Isabel Heredia,60 días,Perfiles De Acero,Camion
Resistencia,64,"$93.726,13 ",Gutkowski-Stroman,Provincia del Chaco,María Isabel León,60 días,Perfiles De Acero,Camion
Resistencia,82,"$2.652,73 ",Gutkowski-Stroman,Provincia del Chaco,María Jesús Peñalver,60 días,Perfiles De Acero,Camion
Resistencia,85,"$9.968,20 ",Gutkowski-Stroman,Provincia del Chaco,María Pilar Pérez,60 días,Perfiles De Acero,Camion
Resistencia,106,"$4.524,92 ",Gutkowski-Stroman,Provincia del Chaco,Marta Amigo,60 días,Perfiles De Acero,Camion
Resistencia,59,"$24.083,45 ",Gutkowski-Stroman,Provincia del Chaco,Marta López,60 días,Perfiles De Acero,Camion
Resistencia,3,"$120,46 ",Gutkowski-Stroman,Provincia del Chaco,Pablo López,60 días,Alambre,Camion
Resistencia,85,"$7.040,84 ",Gutkowski-Stroman,Provincia del Chaco,Pablo López,60 días,Perfiles De Acero,Camion
Resistencia,9,"$20.898,91 ",Gutkowski-Stroman,Provincia del Chaco,Raquel Pueyo,60 días,Perfiles De Acero,Camion
Resistencia,191,"$46.446,06 ",Gutkowski-Stroman,Provincia del Chaco,Sara Pineda,60 días,Perfiles De Acero,Camion
Resistencia,90,"$22.625,15 ",Gutkowski-Stroman,Provincia del Chaco,Sergio Jiménez,60 días,Perfiles De Acero,Camion
Resistencia,202,"$15.121,69 ",Gutkowski-Stroman,Provincia del Chaco,Susana Escudero,60 días,Perfiles De Acero,Camion
Resistencia,31,"$20.270,69 ",Gutkowski-Stroman,Provincia del Chaco,Teresa Martínez,60 días,Perfiles De Acero,Camion
Resistencia,32,"$1.777,93 ",Harber SRL,Provincia del Chaco,Adrián Souto,30 días,Perfiles De Acero,Camion
Resistencia,20,"$19.780,93 ",Harber SRL,Provincia del Chaco,Alberto García,30 días,Perfiles De Acero,Camion
Resistencia,46,"$8.286,74 ",Harber SRL,Provincia del Chaco,Alejandro Del Olmo,30 días,Perfiles De Acero,Camion
Resistencia,44,"$805,98 ",Harber SRL,Provincia del Chaco,Ana Aguilera,30 días,Perfiles De Acero,Camion
Resistencia,20,"$6.466,16 ",Harber SRL,Provincia del Chaco,Ana María Delgado,30 días,Perfiles De Acero,Camion
Resistencia,32,"$20.198,64 ",Harber SRL,Provincia del Chaco,Ana María Serrano,30 días,Perfiles De Acero,Camion
Resistencia,46,"$2.189,86 ",Harber SRL,Provincia del Chaco,Ángeles Pérez,30 días,Perfiles De Acero,Camion
Resistencia,104,"$3.347,29 ",Harber SRL,Provincia del Chaco,Antonia Lorente,30 días,Perfiles De Acero,Camion
Resistencia,39,"$5.550,84 ",Harber SRL,Provincia del Chaco,Antonia Martínez,30 días,Perfiles De Acero,Camion
Resistencia,66,"$14.099,66 ",Harber SRL,Provincia del Chaco,Antonio Calderón,30 días,Perfiles De Acero,Camion
Resistencia,63,"$12.574,12 ",Harber SRL,Provincia del Chaco,Begoña García,30 días,Perfiles De Acero,Camion
Resistencia,17,"$1.520,20 ",Harber SRL,Provincia del Chaco,Carlos Arenas,30 días,Perfiles De Acero,Camion
Resistencia,46,"$26.695,38 ",Harber SRL,Provincia del Chaco,Carmen Cortes,30 días,Perfiles De Acero,Camion
Resistencia,32,"$12.884,94 ",Harber SRL,Provincia del Chaco,Carmen Diez,30 días,Perfiles De Acero,Camion
Resistencia,26,"$2.395,52 ",Harber SRL,Provincia del Chaco,Carmen Sánchez,30 días,Perfiles De Acero,Camion
Resistencia,127,"$6.485,92 ",Harber SRL,Provincia del Chaco,Cristina Rodríguez,30 días,Perfiles De Acero,Camion
Resistencia,41,"$3.359,60 ",Harber SRL,Provincia del Chaco,Cristina Zamora,30 días,Perfiles De Acero,Camion
Resistencia,106,"$10.651,43 ",Harber SRL,Provincia del Chaco,Daniel Pino,30 días,Perfiles De Acero,Camion
Resistencia,52,"$40.010,89 ",Harber SRL,Provincia del Chaco,Elena Fernández,30 días,Perfiles De Acero,Camion
Resistencia,123,"$56.029,79 ",Harber SRL,Provincia del Chaco,Francisco Miñana,30 días,Perfiles De Acero,Camion
Resistencia,118,"$6.673,51 ",Harber SRL,Provincia del Chaco,Jaume García,30 días,Perfiles De Acero,Camion
Resistencia,89,"$2.805,28 ",Harber SRL,Provincia del Chaco,Joaquín Vega,30 días,Perfiles De Acero,Camion
Resistencia,124,"$15.378,61 ",Harber SRL,Provincia del Chaco,José Antonio López,30 días,Perfiles De Acero,Camion
Resistencia,150,"$7.537,59 ",Harber SRL,Provincia del Chaco,José Carretero,30 días,Perfiles De Acero,Camion
Resistencia,35,"$4.066,12 ",Harber SRL,Provincia del Chaco,José María Pérez,30 días,Perfiles De Acero,Camion
Resistencia,17,"$1.781,20 ",Harber SRL,Provincia del Chaco,José Salcedo,30 días,Perfiles De Acero,Camion
Resistencia,38,"$6.167,14 ",Harber SRL,Provincia del Chaco,José Sola,30 días,Perfiles De Acero,Camion
Resistencia,15,"$4.591,81 ",Harber SRL,Provincia del Chaco,Juan Andrés,30 días,Perfiles De Acero,Camion
Resistencia,33,"$2.563,52 ",Harber SRL,Provincia del Chaco,Manuel Grande,30 días,Perfiles De Acero,Camion
Resistencia,20,"$9.246,82 ",Harber SRL,Provincia del Chaco,Manuel Muñoz,30 días,Perfiles De Acero,Camion
Resistencia,135,"$4.816,54 ",Harber SRL,Provincia del Chaco,María Ángeles Alves,30 días,Perfiles De Acero,Camion
Resistencia,41,"$7.560,55 ",Harber SRL,Provincia del Chaco,María Ángeles Martínez,30 días,Perfiles De Acero,Camion
Resistencia,72,"$9.264,16 ",Harber SRL,Provincia del Chaco,María Ángeles Ruiz,30 días,Perfiles De Acero,Camion
Resistencia,50,"$33.573,25 ",Harber SRL,Provincia del Chaco,María Carmen Serrano,30 días,Perfiles De Acero,Camion
Resistencia,44,"$3.340,26 ",Harber SRL,Provincia del Chaco,María Cedeño,30 días,Perfiles De Acero,Camion
Resistencia,48,"$26.127,35 ",Harber SRL,Provincia del Chaco,María Diego,30 días,Perfiles De Acero,Camion
Resistencia,60,"$8.476,79 ",Harber SRL,Provincia del Chaco,María Dolores Sousa,30 días,Perfiles De Acero,Camion
Resistencia,25,"$2.267,83 ",Harber SRL,Provincia del Chaco,María Fernández,30 días,Perfiles De Acero,Camion
Resistencia,5,"$24.589,89 ",Harber SRL,Provincia del Chaco,María Isabel Heredia,30 días,Perfiles De Acero,Camion
Resistencia,47,"$57.066,98 ",Harber SRL,Provincia del Chaco,María Isabel León,30 días,Perfiles De Acero,Camion
Resistencia,24,"$7.546,86 ",Harber SRL,Provincia del Chaco,María Jesús Peñalver,30 días,Perfiles De Acero,Camion
Resistencia,55,"$32.077,76 ",Harber SRL,Provincia del Chaco,María Pilar Pérez,30 días,Perfiles De Acero,Camion
Resistencia,37,"$2.393,81 ",Harber SRL,Provincia del Chaco,Marta Amigo,30 días,Perfiles De Acero,Camion
Resistencia,54,"$23.795,77 ",Harber SRL,Provincia del Chaco,Marta López,30 días,Perfiles De Acero,Camion
Resistencia,17,"$5.095,95 ",Harber SRL,Provincia del Chaco,Pablo López,30 días,Perfiles De Acero,Camion
Resistencia,10,"$24.314,27 ",Harber SRL,Provincia del Chaco,Raquel Pueyo,30 días,Perfiles De Acero,Camion
Resistencia,125,"$21.858,12 ",Harber SRL,Provincia del Chaco,Sara Pineda,30 días,Perfiles De Acero,Camion
Resistencia,32,"$23.285,65 ",Harber SRL,Provincia del Chaco,Sergio Jiménez,30 días,Perfiles De Acero,Camion
Resistencia,22,"$5.048,38 ",Harber SRL,Provincia del Chaco,Susana Escudero,30 días,Perfiles De Acero,Camion
Resistencia,29,"$17.975,97 ",Harber SRL,Provincia del Chaco,Teresa Martínez,30 días,Perfiles De Acero,Camion
Resistencia,19,"$454,84 ",Heaney-Wolf,Provincia del Chaco,Sara Pineda,30 días,Perfiles De Acero,Camion
Resistencia,5,"$13.161,25 ",Simones e Hijos,Provincia del Chaco,Alejandro Del Olmo,60 días,Perfiles De Acero,Camion
Resistencia,17,"$1.679,23 ",Simones e Hijos,Provincia del Chaco,Antonio Calderón,60 días,Perfiles De Acero,Camion
Resistencia,5,"$18.525,33 ",Simones e Hijos,Provincia del Chaco,Begoña García,60 días,Perfiles De Acero,Camion
Resistencia,16,"$18.980,75 ",Simones e Hijos,Provincia del Chaco,Carlos Arenas,60 días,Perfiles De Acero,Camion
Resistencia,13,"$23.425,89 ",Simones e Hijos,Provincia del Chaco,Carmen Diez,60 días,Perfiles De Acero,Camion
Resistencia,3,"$704,45 ",Simones e Hijos,Provincia del Chaco,Francisco Miñana,60 días,Perfiles De Acero,Camion
Resistencia,3,"$1.415,10 ",Simones e Hijos,Provincia del Chaco,Joaquín Vega,60 días,Perfiles De Acero,Camion
Resistencia,3,"$299,61 ",Simones e Hijos,Provincia del Chaco,Manuel Grande,60 días,Perfiles De Acero,Camion
Resistencia,3,"$21.756,57 ",Simones e Hijos,Provincia del Chaco,María Carmen Serrano,60 días,Perfiles De Acero,Camion
Resistencia,11,"$16.905,28 ","Lebsack, Padberg and Ortiz",Provincia del Chaco,María Diego,30 días,Perfiles De Acero,Camion
Resistencia,3,"$740,06 ",Ledner SRL,Provincia del Chaco,Alberto García,30 días,Perfiles De Acero,Camion
Resistencia,3,"$2.540,19 ",Ledner SRL,Provincia del Chaco,Antonia Martínez,30 días,Perfiles De Acero,Camion
Resistencia,3,"$532,90 ",Ledner SRL,Provincia del Chaco,Cristina Zamora,30 días,Perfiles De Acero,Camion
Resistencia,3,"$146,39 ",Ledner SRL,Provincia del Chaco,Francisco Miñana,30 días,Perfiles De Acero,Camion
Resistencia,24,"$23.692,10 ",Ledner SRL,Provincia del Chaco,José Carretero,30 días,Perfiles De Acero,Camion
Resistencia,1,"$312,13 ",Ledner SRL,Provincia del Chaco,José María Pérez,30 días,Perfiles De Acero,Camion
Resistencia,3,"$456,08 ",Ledner SRL,Provincia del Chaco,Manuel Grande,30 días,Perfiles De Acero,Camion
Resistencia,6,"$3.365,27 ",Ledner SRL,Provincia del Chaco,María Ángeles Martínez,30 días,Perfiles De Acero,Camion
Resistencia,3,"$2.975,48 ",Ledner SRL,Provincia del Chaco,María Cedeño,30 días,Perfiles De Acero,Camion
Resistencia,6,"$2.403,83 ",Ledner SRL,Provincia del Chaco,Pablo López,30 días,Perfiles De Acero,Camion
Resistencia,3,"$547,94 ",Ledner SRL,Provincia del Chaco,Sara Pineda,30 días,Perfiles De Acero,Camion
Resistencia,15,"$134,35 ",Lehner and Sons,Provincia del Chaco,Adrián Souto,30 días,Perfiles De Acero,Camion
Resistencia,7,"$138,30 ",Lehner and Sons,Provincia del Chaco,Alberto García,30 días,Perfiles De Acero,Camion
Resistencia,45,"$3.896,16 ",Lehner and Sons,Provincia del Chaco,Ángeles Pérez,30 días,Perfiles De Acero,Camion
Resistencia,3,"$151,61 ",Lehner and Sons,Provincia del Chaco,Antonia Martínez,30 días,Perfiles De Acero,Camion
Resistencia,2,"$4.506,87 ",Lehner and Sons,Provincia del Chaco,Begoña García,30 días,Perfiles De Acero,Camion
Resistencia,16,"$647,54 ",Lehner and Sons,Provincia del Chaco,Carmen Sánchez,30 días,Perfiles De Acero,Camion
Resistencia,3,"$657,55 ",Lehner and Sons,Provincia del Chaco,Cristina Rodríguez,30 días,Perfiles De Acero,Camion
Resistencia,3,"$178,48 ",Lehner and Sons,Provincia del Chaco,Cristina Zamora,30 días,Perfiles De Acero,Camion
Resistencia,4,"$173,49 ",Lehner and Sons,Provincia del Chaco,Joaquín Vega,45 días,Perfiles De Acero,Camion
Resistencia,2,"$564,52 ",Lehner and Sons,Provincia del Chaco,José Carretero,45 días,Perfiles De Acero,Camion
Resistencia,1,"$108,39 ",Lehner and Sons,Provincia del Chaco,José Sola,30 días,Perfiles De Acero,Camion
Resistencia,3,"$830,97 ",Lehner and Sons,Provincia del Chaco,María Ángeles Alves,30 días,Perfiles De Acero,Camion
Resistencia,3,"$156,06 ",Lehner and Sons,Provincia del Chaco,María Cedeño,30 días,Perfiles De Acero,Camion
Resistencia,18,"$2.684,75 ",Lehner and Sons,Provincia del Chaco,María Isabel Heredia,30 días,Perfiles De Acero,Camion
Resistencia,18,"$100,87 ",Lehner and Sons,Provincia del Chaco,María Jesús Peñalver,30 días,Perfiles De Acero,Camion
Resistencia,2,"$124,55 ",Lehner and Sons,Provincia del Chaco,Marta López,30 días,Perfiles De Acero,Camion
Resistencia,31,"$30.961,15 ",Lehner and Sons,Provincia del Chaco,Sergio Jiménez,30 días,Perfiles De Acero,Camion
Resistencia,19,"$603,87 ",Metz-Bernier,Provincia del Chaco,Ana María Delgado,30 días,Perfiles De Acero,Camion
Resistencia,9,"$165,81 ",Olson PLC,Provincia del Chaco,Antonia Lorente,45 días,Perfiles De Acero,Camion
Resistencia,17,"$96,77 ","Ratke, Daniel and Keebler",Provincia del Chaco,José Antonio López,30 días,Perfiles De Acero,Camion
Resistencia,3,"$629,03 ","Ratke, Daniel and Keebler",Provincia del Chaco,Sara Pineda,30 días,Perfiles De Acero,Camion
Resistencia,19,"$645,16 ",Stamm-Spinka,Provincia del Chaco,Alberto García,30 días,Perfiles De Acero,Camion
Resistencia,18,"$4.484,52 ",Tremblay SRL,Provincia del Chaco,Ana Aguilera,30 días,Perfiles De Acero,Camion
Resistencia,19,"$1.149,68 ",Tremblay SRL,Provincia del Chaco,Antonia Lorente,30 días,Perfiles De Acero,Camion
Resistencia,42,"$13.022,90 ",Tremblay SRL,Provincia del Chaco,Begoña García,30 días,Perfiles De Acero,Camion
Resistencia,9,"$24.868,70 ",Tremblay SRL,Provincia del Chaco,Carlos Arenas,30 días,Perfiles De Acero,Camion
Resistencia,37,"$35.607,02 ",Tremblay SRL,Provincia del Chaco,Carmen Diez,30 días,Perfiles De Acero,Camion
Resistencia,23,"$27.673,57 ",Tremblay SRL,Provincia del Chaco,Cristina Rodríguez,30 días,Perfiles De Acero,Camion
Resistencia,19,"$13.386,64 ",Tremblay SRL,Provincia del Chaco,Cristina Zamora,30 días,Perfiles De Acero,Camion
Resistencia,11,"$2.903,21 ",Tremblay SRL,Provincia del Chaco,Daniel Pino,30 días,Perfiles De Acero,Camion
Resistencia,10,"$2.927,48 ",Tremblay SRL,Provincia del Chaco,Francisco Miñana,30 días,Perfiles De Acero,Camion
Resistencia,30,"$29.577,78 ",Tremblay SRL,Provincia del Chaco,José Antonio López,30 días,Perfiles De Acero,Camion
Resistencia,11,"$1.420,89 ",Tremblay SRL,Provincia del Chaco,Manuel Grande,30 días,Perfiles De Acero,Camion
Resistencia,19,"$681,29 ",Tremblay SRL,Provincia del Chaco,Manuel Muñoz,30 días,Perfiles De Acero,Camion
Resistencia,20,"$26.691,83 ",Tremblay SRL,Provincia del Chaco,María Ángeles Martínez,30 días,Perfiles De Acero,Camion
Resistencia,18,"$4.484,52 ",Tremblay SRL,Provincia del Chaco,María Cedeño,30 días,Perfiles De Acero,Camion
Resistencia,18,"$16.608,11 ",Tremblay SRL,Provincia del Chaco,María Dolores Sousa,30 días,Perfiles De Acero,Camion
Resistencia,12,"$2.902,64 ",Tremblay SRL,Provincia del Chaco,Marta Amigo,30 días,Perfiles De Acero,Camion
Resistencia,7,"$290,32 ",Tremblay SRL,Provincia del Chaco,Raquel Pueyo,30 días,Perfiles De Acero,Camion
Resistencia,27,"$936,03 ",Tremblay SRL,Provincia del Chaco,Sara Pineda,30 días,Perfiles De Acero,Camion
Resistencia,13,"$23.894,77 ",Tremblay SRL,Provincia del Chaco,Susana Escudero,30 días,Perfiles De Acero,Camion
Resistencia,2,"$14.738,45 ","West, Stokes and Ledner",Provincia del Chaco,María Dolores Sousa,30 días,Perfiles De Acero,Camion
Rosario,5,"$1.928,52 ",Abernati SRL,Provincia de Santa Fe,Ana María Serrano,30 días,Clavos,Camion
Rosario,4,"$34.109,41 ",Abernati SRL,Provincia de Santa Fe,Ángeles Pérez,30 días,Clavos,Camion
Rosario,1,"$30.469,70 ",Abernati SRL,Provincia de Santa Fe,Carlos Arenas,30 días,Clavos,Camion
Rosario,1,"$1.193,55 ",Abernati SRL,Provincia de Santa Fe,Carmen Diez,30 días,Clavos,Camion
Rosario,2,"$191,72 ",Abernati SRL,Provincia de Santa Fe,Daniel Pino,30 días,Clavos,Camion
Rosario,1,"$362,01 ",Abernati SRL,Provincia de Santa Fe,Francisco Miñana,30 días,Clavos,Camion
Rosario,1,"$527,74 ",Abernati SRL,Provincia de Santa Fe,José Salcedo,30 días,Clavos,Camion
Rosario,1,"$11.603,94 ",Abernati SRL,Provincia de Santa Fe,José Sola,30 días,Clavos,Camion
Rosario,1,"$126,25 ",Abernati SRL,Provincia de Santa Fe,Manuel Grande,30 días,Clavos,Camion
Rosario,1,"$766,45 ",Abernati SRL,Provincia de Santa Fe,María Ángeles Martínez,30 días,Clavos,Camion
Rosario,1,"$125,05 ",Abernati SRL,Provincia de Santa Fe,María Ángeles Ruiz,30 días,Clavos,Camion
Rosario,3,"$130,97 ",Abernati SRL,Provincia de Santa Fe,María Carmen Serrano,30 días,Clavos,Camion
Rosario,3,"$254,65 ",Abernati SRL,Provincia de Santa Fe,María Cedeño,30 días,Clavos,Camion
Rosario,3,"$125,68 ",Abernati SRL,Provincia de Santa Fe,María Fernández,30 días,Clavos,Camion
Rosario,1,"$131,83 ",Abernati SRL,Provincia de Santa Fe,Marta Amigo,30 días,Clavos,Camion
Rosario,3,"$24.001,84 ",Abernati SRL,Provincia de Santa Fe,Raquel Pueyo,30 días,Clavos,Camion
Rosario,2,"$133,66 ",Abernati SRL,Provincia de Santa Fe,Sergio Jiménez,30 días,Clavos,Camion
San Fernando del Valle de Catamarca,9,"$163,10 ",Bechtelar-Gibson,Provincia de Catamarca,Alejandro Del Olmo,30 días,Perfiles De Acero,Camion
San Fernando del Valle de Catamarca,236,"$8.721,66 ",Gomez y Cia,Provincia de Catamarca,Ana María Delgado,30 días,Perfiles De Acero,Camion
San Fernando del Valle de Catamarca,40,"$18.381,17 ",Gomez y Cia,Provincia de Catamarca,Ana María Serrano,30 días,Perfiles De Acero,Camion
San Fernando del Valle de Catamarca,48,"$2.828,48 ",Gomez y Cia,Provincia de Catamarca,Ángeles Pérez,30 días,Perfiles De Acero,Camion
San Fernando del Valle de Catamarca,15,"$5.505,35 ",Gomez y Cia,Provincia de Catamarca,Antonio Calderón,30 días,Perfiles De Acero,Camion
San Fernando del Valle de Catamarca,1,"$19.584,87 ",Gomez y Cia,Provincia de Catamarca,Begoña García,30 días,Perfiles De Acero,Camion
San Fernando del Valle de Catamarca,14,"$2.156,92 ",Gomez y Cia,Provincia de Catamarca,Carlos Arenas,30 días,Perfiles De Acero,Camion
San Fernando del Valle de Catamarca,78,"$25.669,34 ",Gomez y Cia,Provincia de Catamarca,Carmen Sánchez,30 días,Perfiles De Acero,Camion
San Fernando del Valle de Catamarca,15,"$2.040,49 ",Gomez y Cia,Provincia de Catamarca,Cristina Rodríguez,30 días,Perfiles De Acero,Camion
San Fernando del Valle de Catamarca,16,"$32.838,41 ",Gomez y Cia,Provincia de Catamarca,Cristina Zamora,30 días,Perfiles De Acero,Camion
San Fernando del Valle de Catamarca,1,"$28.399,61 ",Gomez y Cia,Provincia de Catamarca,Daniel Pino,30 días,Perfiles De Acero,Camion
San Fernando del Valle de Catamarca,11,"$62.133,92 ",Gomez y Cia,Provincia de Catamarca,Joaquín Vega,30 días,Perfiles De Acero,Camion
San Fernando del Valle de Catamarca,3,"$1.160,45 ",Gomez y Cia,Provincia de Catamarca,José Carretero,30 días,Perfiles De Acero,Camion
San Fernando del Valle de Catamarca,52,"$20.730,60 ",Gomez y Cia,Provincia de Catamarca,José María Pérez,30 días,Perfiles De Acero,Camion
San Fernando del Valle de Catamarca,40,"$2.404,65 ",Gomez y Cia,Provincia de Catamarca,José Sola,30 días,Perfiles De Acero,Camion
San Fernando del Valle de Catamarca,170,"$2.006,45 ",Gomez y Cia,Provincia de Catamarca,María Ángeles Alves,30 días,Perfiles De Acero,Camion
San Fernando del Valle de Catamarca,3,"$5.215,48 ",Gomez y Cia,Provincia de Catamarca,María Ángeles Martínez,30 días,Perfiles De Acero,Camion
San Fernando del Valle de Catamarca,51,"$24.440,05 ",Gomez y Cia,Provincia de Catamarca,María Ángeles Ruiz,30 días,Perfiles De Acero,Camion
San Fernando del Valle de Catamarca,16,"$29.059,37 ",Gomez y Cia,Provincia de Catamarca,María Cedeño,30 días,Perfiles De Acero,Camion
San Fernando del Valle de Catamarca,3,"$694,19 ",Gomez y Cia,Provincia de Catamarca,María Diego,30 días,Perfiles De Acero,Camion
San Fernando del Valle de Catamarca,8,"$33.098,77 ",Gomez y Cia,Provincia de Catamarca,María Fernández,30 días,Perfiles De Acero,Camion
San Fernando del Valle de Catamarca,151,"$4.729,29 ",Gomez y Cia,Provincia de Catamarca,María Isabel León,30 días,Perfiles De Acero,Camion
San Fernando del Valle de Catamarca,40,"$18.214,54 ",Gomez y Cia,Provincia de Catamarca,María Jesús Peñalver,30 días,Perfiles De Acero,Camion
San Fernando del Valle de Catamarca,1,"$33.040,79 ",Gomez y Cia,Provincia de Catamarca,Raquel Pueyo,30 días,Perfiles De Acero,Camion
San Fernando del Valle de Catamarca,152,"$28.546,37 ",Gomez y Cia,Provincia de Catamarca,Susana Escudero,30 días,Perfiles De Acero,Camion
San Isidro,1,"$94,34 ","San Martin, Acevedo y Cia",Provincia de Buenos Aires,Adrián Souto,30 días,Perfiles De Acero,Camion
San Isidro,3,"$806,45 ","San Martin, Acevedo y Cia",Provincia de Buenos Aires,Elena Fernández,30 días,Perfiles De Acero,Camion
San Isidro,6,"$2.069,24 ","San Martin, Acevedo y Cia",Provincia de Buenos Aires,José Sola,30 días,Perfiles De Acero,Camion
San Isidro,1,"$1.939,95 ","San Martin, Acevedo y Cia",Provincia de Buenos Aires,María Diego,30 días,Perfiles De Acero,Camion
San Isidro,33,"$118.511,61 ",Balistreri y Lynch,Provincia de Buenos Aires,Carmen Diez,30 días,Perfiles De Acero,Camion
San Isidro,12,"$132,26 ","Bernhard, Schultz and Bartell",Provincia de Buenos Aires,María Ángeles Alves,30 días,Perfiles De Acero,Camion
San Isidro,1,"$17.614,35 ","Bernhard, Schultz and Bartell",Provincia de Buenos Aires,Marta López,30 días,Perfiles De Acero,Camion
San Isidro,3,"$3.385,14 ",Boehm-Mohr,Provincia de Buenos Aires,José Antonio López,30 días,Perfiles De Acero,Camion
San Isidro,7,"$1.441,70 ",Boehm-Mohr,Provincia de Buenos Aires,María Diego,30 días,Perfiles De Acero,Camion
San Isidro,3,"$60.046,70 ",Boehm-Mohr,Provincia de Buenos Aires,Raquel Pueyo,30 días,Perfiles De Acero,Camion
San Isidro,7,"$387,10 ","Kling, Wisoky and Wuckert",Provincia de Buenos Aires,Adrián Souto,60 días,Tuercas,Camion
San Isidro,20,"$142,95 ","Kling, Wisoky and Wuckert",Provincia de Buenos Aires,Alejandro Del Olmo,60 días,Tuercas,Camion
San Isidro,18,"$483,87 ","Kling, Wisoky and Wuckert",Provincia de Buenos Aires,María Dolores Sousa,60 días,Tuercas,Camion
San Isidro,18,"$126,59 ","Kling, Wisoky and Wuckert",Provincia de Buenos Aires,María Pilar Pérez,60 días,Tuercas,Camion
San Isidro,182,"$3.677,42 ",Konopelski Group,Provincia de Buenos Aires,Ángeles Pérez,30 días,Perfiles De Acero,Camion
San Isidro,141,"$677,42 ",Konopelski Group,Provincia de Buenos Aires,Antonia Lorente,30 días,Perfiles De Acero,Camion
San Isidro,3,"$750,97 ",Konopelski Group,Provincia de Buenos Aires,Carmen Cortes,30 días,Alambre,Tren
San Isidro,3,"$80,91 ",Konopelski Group,Provincia de Buenos Aires,Carmen Sánchez,30 días,Alambre,Tren
San Isidro,4,"$25.963,77 ",Konopelski Group,Provincia de Buenos Aires,Daniel Pino,30 días,Perfiles De Acero,Camion
San Isidro,232,"$1.947,48 ",Konopelski Group,Provincia de Buenos Aires,Jaume García,30 días,Perfiles De Acero,Camion
San Isidro,3,"$2.064,52 ",Konopelski Group,Provincia de Buenos Aires,José Sola,30 días,Alambre,Tren
San Isidro,1,"$403,63 ",Konopelski Group,Provincia de Buenos Aires,José Sola,30 días,Perfiles De Acero,Camion
San Isidro,197,"$21.552,55 ",Konopelski Group,Provincia de Buenos Aires,Sergio Jiménez,30 días,Perfiles De Acero,Camion
San Isidro,248,"$3.096,77 ",Ledner SRL,Provincia de Buenos Aires,Begoña García,30 días,Perfiles De Acero,Camion
San Isidro,2,"$31.808,63 ",Ledner SRL,Provincia de Buenos Aires,Manuel Muñoz,30 días,Perfiles De Acero,Camion
San Isidro,267,"$117,68 ",Ledner SRL,Provincia de Buenos Aires,María Ángeles Alves,30 días,Perfiles De Acero,Camion
San Isidro,91,"$18.545,78 ","Lockman, Senger and Hirthe",Provincia de Buenos Aires,Adrián Souto,30 días,Perfiles De Acero,Camion
San Isidro,40,"$98.344,34 ","Lockman, Senger and Hirthe",Provincia de Buenos Aires,Alejandro Del Olmo,30 días,Perfiles De Acero,Camion
San Isidro,40,"$98.344,34 ","Lockman, Senger and Hirthe",Provincia de Buenos Aires,Antonia Lorente,30 días,Perfiles De Acero,Camion
San Isidro,61,"$1.844,63 ","Lockman, Senger and Hirthe",Provincia de Buenos Aires,Carmen Diez,30 días,Perfiles De Acero,Camion
San Isidro,82,"$19.475,66 ","Lockman, Senger and Hirthe",Provincia de Buenos Aires,Cristina Rodríguez,30 días,Perfiles De Acero,Camion
San Isidro,411,"$72.328,54 ","Lockman, Senger and Hirthe",Provincia de Buenos Aires,Daniel Pino,30 días,Perfiles De Acero,Camion
San Isidro,40,"$98.344,34 ","Lockman, Senger and Hirthe",Provincia de Buenos Aires,Francisco Miñana,30 días,Perfiles De Acero,Camion
San Isidro,85,"$731,61 ","Lockman, Senger and Hirthe",Provincia de Buenos Aires,Jaume García,30 días,Perfiles De Acero,Camion
San Isidro,27,"$1.037,69 ","Lockman, Senger and Hirthe",Provincia de Buenos Aires,Joaquín Vega,30 días,Perfiles De Acero,Camion
San Isidro,40,"$98.344,34 ","Lockman, Senger and Hirthe",Provincia de Buenos Aires,José María Pérez,30 días,Perfiles De Acero,Camion
San Isidro,502,"$74.067,16 ","Lockman, Senger and Hirthe",Provincia de Buenos Aires,José Salcedo,30 días,Perfiles De Acero,Camion
San Isidro,26,"$185,57 ","Lockman, Senger and Hirthe",Provincia de Buenos Aires,José Sola,30 días,Perfiles De Acero,Camion
San Isidro,96,"$90,17 ","Lockman, Senger and Hirthe",Provincia de Buenos Aires,Manuel Grande,30 días,Perfiles De Acero,Camion
San Isidro,411,"$72.328,54 ","Lockman, Senger and Hirthe",Provincia de Buenos Aires,María Ángeles Alves,30 días,Perfiles De Acero,Camion
San Isidro,411,"$72.328,54 ","Lockman, Senger and Hirthe",Provincia de Buenos Aires,María Ángeles Ruiz,30 días,Perfiles De Acero,Camion
San Isidro,411,"$72.328,54 ","Lockman, Senger and Hirthe",Provincia de Buenos Aires,María Carmen Serrano,30 días,Perfiles De Acero,Camion
San Isidro,28,"$12.766,08 ","Lockman, Senger and Hirthe",Provincia de Buenos Aires,María Cedeño,30 días,Perfiles De Acero,Camion
San Isidro,94,"$105,74 ","Lockman, Senger and Hirthe",Provincia de Buenos Aires,María Fernández,30 días,Perfiles De Acero,Camion
San Isidro,420,"$97.545,04 ","Lockman, Senger and Hirthe",Provincia de Buenos Aires,María Isabel Heredia,30 días,Perfiles De Acero,Camion
San Isidro,87,"$23.979,36 ","Lockman, Senger and Hirthe",Provincia de Buenos Aires,María Isabel León,30 días,Perfiles De Acero,Camion
San Isidro,40,"$98.344,34 ","Lockman, Senger and Hirthe",Provincia de Buenos Aires,Sara Pineda,30 días,Perfiles De Acero,Camion
San Isidro,40,"$98.344,34 ","Lockman, Senger and Hirthe",Provincia de Buenos Aires,Susana Escudero,30 días,Perfiles De Acero,Camion
San Isidro,1,"$31.902,50 ",Lockman-Miller,Provincia de Buenos Aires,Pablo López,30 días,Perfiles De Acero,Camion
San Isidro,3,"$20.241,98 ","Muller, Reichert and Schmitt",Provincia de Buenos Aires,Ángeles Pérez,30 días,Perfiles De Acero,Camion
San Isidro,3,"$1.307,81 ","Muller, Reichert and Schmitt",Provincia de Buenos Aires,Carlos Arenas,30 días,Perfiles De Acero,Camion
San Isidro,2,"$509,94 ","Muller, Reichert and Schmitt",Provincia de Buenos Aires,Carmen Diez,30 días,Perfiles De Acero,Camion
San Isidro,3,"$168,26 ","Muller, Reichert and Schmitt",Provincia de Buenos Aires,Carmen Sánchez,30 días,Perfiles De Acero,Camion
San Isidro,3,"$290,78 ","Muller, Reichert and Schmitt",Provincia de Buenos Aires,Elena Fernández,30 días,Perfiles De Acero,Camion
San Isidro,3,$580 ,"Muller, Reichert and Schmitt",Provincia de Buenos Aires,José Carretero,30 días,Perfiles De Acero,Camion
San Isidro,1,"$551,22 ","Muller, Reichert and Schmitt",Provincia de Buenos Aires,José María Pérez,30 días,Perfiles De Acero,Camion
San Isidro,3,"$4.414,19 ","Muller, Reichert and Schmitt",Provincia de Buenos Aires,María Ángeles Martínez,30 días,Perfiles De Acero,Camion
San Isidro,1,"$1.809,61 ","Muller, Reichert and Schmitt",Provincia de Buenos Aires,María Carmen Serrano,30 días,Perfiles De Acero,Camion
San Isidro,16,"$1.296,77 ",Schmitt-Emmerich,Provincia de Buenos Aires,Carlos Arenas,30 días,Perfiles De Acero,Camion
San Isidro,3,"$307,81 ",Schmitt-Emmerich,Provincia de Buenos Aires,Carmen Diez,30 días,Perfiles De Acero,Camion
San Isidro,3,"$1.055,48 ",Schmitt-Emmerich,Provincia de Buenos Aires,José Carretero,30 días,Perfiles De Acero,Camion
San Isidro,209,"$257,61 ",Wolf-Schuster,Provincia de Buenos Aires,José Sola,30 días,Perfiles De Acero,Camion
San Miguel,3,"$903,23 ",Heidenreich-Conn,Provincia de Buenos Aires,Antonia Lorente,30 días,Alambre,Camion
San Miguel,2,"$131,61 ",Heidenreich-Conn,Provincia de Buenos Aires,Begoña García,30 días,Perfiles De Acero,Camion
San Miguel,3,"$516,13 ",Heidenreich-Conn,Provincia de Buenos Aires,Carmen Cortes,30 días,Alambre,Camion
San Miguel,2,"$2.075,12 ",Heidenreich-Conn,Provincia de Buenos Aires,Pablo López,30 días,Perfiles De Acero,Camion
San Miguel,18,"$297,42 ",Heidenreich-Conn,Provincia de Buenos Aires,Sergio Jiménez,30 días,Perfiles De Acero,Camion
San Miguel,92,"$21.372,86 ",Huel e Hijos,Provincia de Buenos Aires,Juan Andrés,30 días,Perfiles De Acero,Camion
San Miguel de Tucumán,3,"$2.461,94 ",Abernathy and Sons,Provincia de Tucumán,Marta López,30 días,Alambre,Tren
San Miguel de Tucumán,2,$45.373.282 ,"Armstrong, Gleichner and Schmitt",Provincia de Tucumán,Juan Perez,30 días,Perfiles De Acero,Camion
San Miguel de Tucumán,3,"$574,84 ",Bauch-Berge,Provincia de Tucumán,Begoña García,30 días,Alambre,Tren
San Miguel de Tucumán,3,"$574,84 ",Bauch-Berge,Provincia de Tucumán,José Salcedo,30 días,Alambre,Tren
San Miguel de Tucumán,3,"$20.726,51 ",Bauch-Berge,Provincia de Tucumán,María Carmen Serrano,30 días,Alambre,Tren
San Miguel de Tucumán,3,"$4.202,76 ",Bauch-Berge,Provincia de Tucumán,María Dolores Sousa,30 días,Alambre,Tren
San Miguel de Tucumán,3,"$1.429,03 ",Boehm-Mohr,Provincia de Tucumán,María Isabel Heredia,30 días,Alambre,Tren
San Miguel de Tucumán,3,"$1.916,13 ",Boyer-Schultz,Provincia de Tucumán,Carmen Sánchez,30 días,Alambre,Tren
San Miguel de Tucumán,3,"$7.089,68 ",Boyer-Schultz,Provincia de Tucumán,Cristina Zamora,30 días,Alambre,Tren
San Miguel de Tucumán,3,"$1.196,13 ",Boyer-Schultz,Provincia de Tucumán,Daniel Pino,30 días,Alambre,Tren
San Miguel de Tucumán,3,"$1.290,32 ",Boyer-Schultz,Provincia de Tucumán,José Sola,30 días,Alambre,Tren
San Miguel de Tucumán,3,"$23.338,43 ",Boyer-Schultz,Provincia de Tucumán,Manuel Muñoz,30 días,Alambre,Tren
San Miguel de Tucumán,3,"$483,87 ",Boyer-Schultz,Provincia de Tucumán,María Fernández,30 días,Alambre,Tren
San Miguel de Tucumán,3,"$501,94 ",Bradtke-Zboncak,Provincia de Tucumán,Antonia Martínez,30 días,Alambre,Tren
San Miguel de Tucumán,3,"$1.364,52 ","Brown, Schroeder and Hackett",Provincia de Tucumán,Teresa Martínez,30 días,Alambre,Tren
San Miguel de Tucumán,3,"$560,31 ",Corkery-Green,Provincia de Tucumán,Ana María Delgado,30 días,Alambre,Tren
San Miguel de Tucumán,3,"$414,19 ",Corkery-Green,Provincia de Tucumán,Ángeles Pérez,30 días,Alambre,Tren
San Miguel de Tucumán,3,"$30.892,52 ",Corkery-Green,Provincia de Tucumán,Cristina Rodríguez,30 días,Alambre,Tren
San Miguel de Tucumán,3,$7.280 ,Corkery-Green,Provincia de Tucumán,María Ángeles Ruiz,30 días,Alambre,Tren
San Miguel de Tucumán,3,"$405,16 ",Corkery-Green,Provincia de Tucumán,María Cedeño,30 días,Alambre,Tren
San Miguel de Tucumán,3,"$1.592,26 ",Corkery-Green,Provincia de Tucumán,María Diego,30 días,Alambre,Tren
San Miguel de Tucumán,3,"$2.003,23 ",Corkery-Green,Provincia de Tucumán,María Isabel Heredia,30 días,Alambre,Tren
San Miguel de Tucumán,3,"$21.376,91 ",Corkery-Green,Provincia de Tucumán,Sara Pineda,30 días,Alambre,Tren
San Miguel de Tucumán,3,"$4.941,94 ",Cummerata-Predovic,Provincia de Tucumán,María Jesús Peñalver,30 días,Alambre,Tren
San Miguel de Tucumán,3,$17.920 ,Effertz Ltd,Provincia de Tucumán,Alejandro Del Olmo,30 días,Alambre,Tren
San Miguel de Tucumán,3,"$2.540,65 ",Effertz Ltd,Provincia de Tucumán,María Dolores Sousa,30 días,Alambre,Tren
San Miguel de Tucumán,3,"$555,20 ",Effertz Ltd,Provincia de Tucumán,Marta Amigo,30 días,Alambre,Tren
San Miguel de Tucumán,3,"$2.665,16 ",Effertz Ltd,Provincia de Tucumán,Teresa Martínez,30 días,Alambre,Tren
San Miguel de Tucumán,3,"$1.434,19 ",Fahey Inc,Provincia de Tucumán,Adrián Souto,30 días,Alambre,Tren
San Miguel de Tucumán,14,"$2.667,10 ",Fahey Inc,Provincia de Tucumán,Alejandro Del Olmo,30 días,Alambre,Tren
San Miguel de Tucumán,14,"$2.667,10 ",Fahey Inc,Provincia de Tucumán,Ana María Delgado,30 días,Alambre,Tren
San Miguel de Tucumán,3,"$4.203,87 ",Fahey Inc,Provincia de Tucumán,Ana María Serrano,30 días,Alambre,Tren
San Miguel de Tucumán,6,"$22.116,45 ",Fahey Inc,Provincia de Tucumán,Ángeles Pérez,30 días,Alambre,Tren
San Miguel de Tucumán,3,"$7.316,13 ",Fahey Inc,Provincia de Tucumán,Antonia Martínez,30 días,Alambre,Tren
San Miguel de Tucumán,14,"$2.667,10 ",Fahey Inc,Provincia de Tucumán,Carmen Diez,30 días,Alambre,Tren
San Miguel de Tucumán,14,"$2.667,10 ",Fahey Inc,Provincia de Tucumán,Elena Fernández,30 días,Alambre,Tren
San Miguel de Tucumán,3,"$4.529,03 ",Fahey Inc,Provincia de Tucumán,Francisco Miñana,30 días,Alambre,Tren
San Miguel de Tucumán,3,"$683,87 ",Fahey Inc,Provincia de Tucumán,Juan Andrés,30 días,Alambre,Tren
San Miguel de Tucumán,14,"$2.667,10 ",Fahey Inc,Provincia de Tucumán,Manuel Grande,30 días,Alambre,Tren
San Miguel de Tucumán,14,"$2.667,10 ",Fahey Inc,Provincia de Tucumán,Sergio Jiménez,30 días,Alambre,Tren
San Miguel de Tucumán,3,"$727,74 ",Fay PLC,Provincia de Tucumán,Adrián Souto,30 días,Alambre,Tren
San Miguel de Tucumán,3,"$983,23 ",Fay PLC,Provincia de Tucumán,Alberto García,30 días,Alambre,Tren
San Miguel de Tucumán,17,"$2.583,87 ",Fay PLC,Provincia de Tucumán,Alejandro Del Olmo,30 días,Alambre,Tren
San Miguel de Tucumán,20,"$4.004,95 ",Fay PLC,Provincia de Tucumán,Ana Aguilera,30 días,Alambre,Tren
San Miguel de Tucumán,9,"$17.229,68 ",Fay PLC,Provincia de Tucumán,Ana María Delgado,30 días,Alambre,Tren
San Miguel de Tucumán,20,"$9.998,71 ",Fay PLC,Provincia de Tucumán,Ana María Serrano,30 días,Alambre,Tren
San Miguel de Tucumán,12,"$15.410,12 ",Fay PLC,Provincia de Tucumán,Ángeles Pérez,30 días,Alambre,Tren
San Miguel de Tucumán,6,"$3.962,58 ",Fay PLC,Provincia de Tucumán,Antonia Lorente,30 días,Alambre,Tren
San Miguel de Tucumán,9,"$10.658,71 ",Fay PLC,Provincia de Tucumán,Antonia Martínez,30 días,Alambre,Tren
San Miguel de Tucumán,3,"$144,61 ",Fay PLC,Provincia de Tucumán,Antonio Calderón,30 días,Perfiles De Acero,Camion
San Miguel de Tucumán,9,"$3.492,90 ",Fay PLC,Provincia de Tucumán,Begoña García,30 días,Alambre,Tren
San Miguel de Tucumán,9,"$25.276,68 ",Fay PLC,Provincia de Tucumán,Carlos Arenas,30 días,Alambre,Tren
San Miguel de Tucumán,12,"$3.074,19 ",Fay PLC,Provincia de Tucumán,Carmen Cortes,30 días,Alambre,Tren
San Miguel de Tucumán,12,"$66.068,29 ",Fay PLC,Provincia de Tucumán,Carmen Diez,30 días,Alambre,Tren
San Miguel de Tucumán,6,"$1.263,87 ",Fay PLC,Provincia de Tucumán,Carmen Sánchez,30 días,Alambre,Tren
San Miguel de Tucumán,9,"$28.967,54 ",Fay PLC,Provincia de Tucumán,Cristina Rodríguez,30 días,Alambre,Tren
San Miguel de Tucumán,3,"$3.656,13 ",Fay PLC,Provincia de Tucumán,Daniel Pino,30 días,Alambre,Tren
San Miguel de Tucumán,12,"$34.416,45 ",Fay PLC,Provincia de Tucumán,Elena Fernández,30 días,Alambre,Tren
San Miguel de Tucumán,6,"$1.805,75 ",Fay PLC,Provincia de Tucumán,Francisco Miñana,30 días,Alambre,Tren
San Miguel de Tucumán,9,"$4.263,23 ",Fay PLC,Provincia de Tucumán,Jaume García,30 días,Alambre,Tren
San Miguel de Tucumán,17,"$2.370,97 ",Fay PLC,Provincia de Tucumán,Joaquín Vega,30 días,Alambre,Tren
San Miguel de Tucumán,9,"$6.336,87 ",Fay PLC,Provincia de Tucumán,José Antonio López,30 días,Alambre,Tren
San Miguel de Tucumán,15,"$14.107,23 ",Fay PLC,Provincia de Tucumán,José Carretero,30 días,Alambre,Tren
San Miguel de Tucumán,23,"$23.195,44 ",Fay PLC,Provincia de Tucumán,José María Pérez,30 días,Alambre,Tren
San Miguel de Tucumán,3,"$483,87 ",Fay PLC,Provincia de Tucumán,José Salcedo,30 días,Alambre,Tren
San Miguel de Tucumán,6,"$63.345,14 ",Fay PLC,Provincia de Tucumán,José Sola,30 días,Alambre,Tren
San Miguel de Tucumán,6,"$33.147,04 ",Fay PLC,Provincia de Tucumán,Juan Andrés,30 días,Alambre,Tren
San Miguel de Tucumán,3,"$1.436,13 ",Fay PLC,Provincia de Tucumán,Manuel Grande,30 días,Alambre,Tren
San Miguel de Tucumán,20,"$34.232,73 ",Fay PLC,Provincia de Tucumán,María Ángeles Alves,30 días,Alambre,Tren
San Miguel de Tucumán,3,"$1.045,16 ",Fay PLC,Provincia de Tucumán,María Ángeles Martínez,30 días,Alambre,Tren
San Miguel de Tucumán,6,"$64.061,28 ",Fay PLC,Provincia de Tucumán,María Carmen Serrano,30 días,Alambre,Tren
San Miguel de Tucumán,3,"$4.203,87 ",Fay PLC,Provincia de Tucumán,María Cedeño,30 días,Alambre,Tren
San Miguel de Tucumán,12,"$9.085,81 ",Fay PLC,Provincia de Tucumán,María Diego,30 días,Alambre,Tren
San Miguel de Tucumán,6,"$4.602,58 ",Fay PLC,Provincia de Tucumán,María Dolores Sousa,30 días,Alambre,Tren
San Miguel de Tucumán,3,"$110,26 ",Fay PLC,Provincia de Tucumán,María Fernández,30 días,Alambre,Tren
San Miguel de Tucumán,3,"$483,87 ",Fay PLC,Provincia de Tucumán,María Isabel Heredia,30 días,Alambre,Tren
San Miguel de Tucumán,12,"$31.534,91 ",Fay PLC,Provincia de Tucumán,María Isabel León,30 días,Alambre,Tren
San Miguel de Tucumán,6,"$8.270,32 ",Fay PLC,Provincia de Tucumán,María Jesús Peñalver,30 días,Alambre,Tren
San Miguel de Tucumán,6,"$4.089,03 ",Fay PLC,Provincia de Tucumán,María Pilar Pérez,30 días,Alambre,Tren
San Miguel de Tucumán,12,"$8.405,16 ",Fay PLC,Provincia de Tucumán,Marta Amigo,30 días,Alambre,Tren
San Miguel de Tucumán,6,"$7.140,65 ",Fay PLC,Provincia de Tucumán,Marta López,30 días,Alambre,Tren
San Miguel de Tucumán,6,"$1.840,65 ",Fay PLC,Provincia de Tucumán,Pablo López,30 días,Alambre,Tren
San Miguel de Tucumán,12,"$44.514,48 ",Fay PLC,Provincia de Tucumán,Raquel Pueyo,30 días,Alambre,Tren
San Miguel de Tucumán,3,"$32.122,39 ",Fay PLC,Provincia de Tucumán,Raquel Pueyo,30 días,Perfiles De Acero,Camion
San Miguel de Tucumán,21,"$56.754,99 ",Fay PLC,Provincia de Tucumán,Sara Pineda,30 días,Alambre,Tren
San Miguel de Tucumán,3,"$10.192,81 ",Fay PLC,Provincia de Tucumán,Sergio Jiménez,30 días,Alambre,Tren
San Miguel de Tucumán,3,"$254,84 ",Fay PLC,Provincia de Tucumán,Susana Escudero,30 días,Alambre,Tren
San Miguel de Tucumán,12,"$15.944,52 ",Fay PLC,Provincia de Tucumán,Teresa Martínez,30 días,Alambre,Tren
San Miguel de Tucumán,3,"$2.682,58 ","Feest, Hahn and Turner",Provincia de Tucumán,José María Pérez,30 días,Alambre,Tren
San Miguel de Tucumán,3,"$4.645,16 ","Feest, Hahn and Turner",Provincia de Tucumán,María Carmen Serrano,30 días,Alambre,Tren
San Miguel de Tucumán,3,"$4.087,10 ",Gleason-O'Keefe,Provincia de Tucumán,Ángeles Pérez,30 días,Alambre,Tren
San Miguel de Tucumán,3,"$2.322,58 ",Gleason-O'Keefe,Provincia de Tucumán,José María Pérez,30 días,Alambre,Tren
San Miguel de Tucumán,3,"$3.127,74 ",Gleason-O'Keefe,Provincia de Tucumán,María Jesús Peñalver,30 días,Alambre,Tren
San Miguel de Tucumán,3,"$503,23 ",Gottlieb-Konopelski,Provincia de Tucumán,Antonia Lorente,30 días,Alambre,Tren
San Miguel de Tucumán,3,"$3.387,10 ",Graham and Sons,Provincia de Tucumán,Carmen Diez,30 días,Alambre,Tren
San Miguel de Tucumán,3,"$1.710,97 ","Hand, Wunsch and Marquardt",Provincia de Tucumán,Ana María Delgado,30 días,Alambre,Tren
San Miguel de Tucumán,3,"$3.812,90 ","Hand, Wunsch and Marquardt",Provincia de Tucumán,Ana María Serrano,30 días,Alambre,Tren
San Miguel de Tucumán,3,"$574,84 ","Hand, Wunsch and Marquardt",Provincia de Tucumán,Antonia Martínez,30 días,Alambre,Tren
San Miguel de Tucumán,3,"$6.689,03 ","Hand, Wunsch and Marquardt",Provincia de Tucumán,María Ángeles Martínez,60 días,Alambre,Tren
San Miguel de Tucumán,3,"$2.941,94 ","Hand, Wunsch and Marquardt",Provincia de Tucumán,María Ángeles Ruiz,30 días,Alambre,Tren
San Miguel de Tucumán,3,"$713,72 ","Hand, Wunsch and Marquardt",Provincia de Tucumán,María Diego,60 días,Alambre,Tren
San Miguel de Tucumán,3,"$798,71 ","Hand, Wunsch and Marquardt",Provincia de Tucumán,María Dolores Sousa,30 días,Alambre,Tren
San Miguel de Tucumán,3,"$835,48 ","Hand, Wunsch and Marquardt",Provincia de Tucumán,María Dolores Sousa,60 días,Alambre,Tren
San Miguel de Tucumán,3,"$2.438,71 ","Hand, Wunsch and Marquardt",Provincia de Tucumán,María Fernández,60 días,Alambre,Tren
San Miguel de Tucumán,3,"$2.322,58 ","Hand, Wunsch and Marquardt",Provincia de Tucumán,María Isabel León,60 días,Alambre,Tren
San Miguel de Tucumán,6,"$4.236,77 ","Hand, Wunsch and Marquardt",Provincia de Tucumán,Marta Amigo,30 días,Alambre,Tren
San Miguel de Tucumán,3,"$3.812,90 ","Hand, Wunsch and Marquardt",Provincia de Tucumán,Raquel Pueyo,30 días,Alambre,Tren
San Miguel de Tucumán,3,"$1.783,23 ","Hand, Wunsch and Marquardt",Provincia de Tucumán,Teresa Martínez,30 días,Alambre,Tren
San Miguel de Tucumán,14,"$1.887,10 ",Harris-Stracke,Provincia de Tucumán,Adrián Souto,30 días,Alambre,Tren
San Miguel de Tucumán,14,"$1.887,10 ",Harris-Stracke,Provincia de Tucumán,Ángeles Pérez,30 días,Alambre,Tren
San Miguel de Tucumán,14,"$1.887,10 ",Harris-Stracke,Provincia de Tucumán,Carlos Arenas,30 días,Alambre,Tren
San Miguel de Tucumán,14,"$1.887,10 ",Harris-Stracke,Provincia de Tucumán,Francisco Miñana,30 días,Alambre,Tren
San Miguel de Tucumán,3,"$3.219,35 ",Harris-Stracke,Provincia de Tucumán,Juan Andrés,30 días,Alambre,Tren
San Miguel de Tucumán,3,"$1.099,35 ",Harris-Stracke,Provincia de Tucumán,Manuel Grande,30 días,Alambre,Tren
San Miguel de Tucumán,3,"$483,87 ",Harris-Stracke,Provincia de Tucumán,María Cedeño,30 días,Alambre,Tren
San Miguel de Tucumán,14,"$1.887,10 ",Harris-Stracke,Provincia de Tucumán,María Pilar Pérez,30 días,Alambre,Tren
San Miguel de Tucumán,3,"$1.109,68 ",Harris-Stracke,Provincia de Tucumán,Raquel Pueyo,30 días,Alambre,Tren
San Miguel de Tucumán,14,"$1.887,10 ",Harris-Stracke,Provincia de Tucumán,Sergio Jiménez,30 días,Alambre,Tren
San Miguel de Tucumán,3,"$24.545,17 ",Harris-Stracke,Provincia de Tucumán,Teresa Martínez,30 días,Alambre,Tren
San Miguel de Tucumán,3,"$1.724,52 ",Hayes-Hirthe,Provincia de Tucumán,Manuel Grande,30 días,Alambre,Tren
San Miguel de Tucumán,3,$3.120 ,"Hodkiewicz, Jerde and Bartoletti",Provincia de Tucumán,Marta Amigo,30 días,Alambre,Tren
San Miguel de Tucumán,3,"$80,65 ","Keeling, Thiel and Kuphal",Provincia de Tucumán,Alberto García,30 días,Alambre,Tren
San Miguel de Tucumán,3,"$23.380,12 ","Keeling, Thiel and Kuphal",Provincia de Tucumán,Begoña García,30 días,Alambre,Tren
San Miguel de Tucumán,3,"$1.852,26 ","Keeling, Thiel and Kuphal",Provincia de Tucumán,José María Pérez,30 días,Alambre,Tren
San Miguel de Tucumán,3,"$1.741,94 ","Keeling, Thiel and Kuphal",Provincia de Tucumán,María Ángeles Alves,30 días,Alambre,Tren
San Miguel de Tucumán,3,"$9.290,32 ","Keeling, Thiel and Kuphal",Provincia de Tucumán,María Carmen Serrano,30 días,Alambre,Tren
San Miguel de Tucumán,3,"$21.469,55 ","Keeling, Thiel and Kuphal",Provincia de Tucumán,María Isabel León,30 días,Alambre,Tren
San Miguel de Tucumán,3,"$5.051,61 ","Keeling, Thiel and Kuphal",Provincia de Tucumán,María Jesús Peñalver,30 días,Alambre,Tren
San Miguel de Tucumán,3,$8.560 ,"Keeling, Thiel and Kuphal",Provincia de Tucumán,Raquel Pueyo,30 días,Alambre,Tren
San Miguel de Tucumán,3,"$479,35 ",King-Collins,Provincia de Tucumán,Alberto García,30 días,Alambre,Tren
San Miguel de Tucumán,3,"$8.219,06 ",King-Collins,Provincia de Tucumán,Alejandro Del Olmo,30 días,Alambre,Tren
San Miguel de Tucumán,3,"$9.571,96 ",King-Collins,Provincia de Tucumán,Manuel Grande,30 días,Alambre,Tren
San Miguel de Tucumán,3,"$32.852,74 ",King-Collins,Provincia de Tucumán,Marta Amigo,30 días,Alambre,Tren
San Miguel de Tucumán,3,"$998,62 ",King-Collins,Provincia de Tucumán,Raquel Pueyo,30 días,Alambre,Tren
San Miguel de Tucumán,3,"$812,90 ","Kling, Hoppe and Quitzon",Provincia de Tucumán,Juan Andrés,30 días,Alambre,Tren
San Miguel de Tucumán,3,"$1.176,77 ","Kling, Hoppe and Quitzon",Provincia de Tucumán,María Diego,30 días,Alambre,Tren
San Miguel de Tucumán,3,"$841,94 ",Kuhn-Boehm,Provincia de Tucumán,Marta Amigo,30 días,Alambre,Tren
San Miguel de Tucumán,3,"$8.872,26 ",Larkin-Bergnaum,Provincia de Tucumán,Adrián Souto,60 días,Alambre,Tren
San Miguel de Tucumán,6,"$1.684,45 ",Larkin-Bergnaum,Provincia de Tucumán,Alejandro Del Olmo,60 días,Alambre,Tren
San Miguel de Tucumán,3,"$322,58 ",Larkin-Bergnaum,Provincia de Tucumán,Ana Aguilera,60 días,Alambre,Tren
San Miguel de Tucumán,3,"$1.103,23 ",Larkin-Bergnaum,Provincia de Tucumán,Ana María Delgado,60 días,Alambre,Tren
San Miguel de Tucumán,3,"$559,35 ",Larkin-Bergnaum,Provincia de Tucumán,Ángeles Pérez,60 días,Alambre,Tren
San Miguel de Tucumán,6,"$74.281,77 ",Larkin-Bergnaum,Provincia de Tucumán,Antonia Lorente,60 días,Alambre,Tren
San Miguel de Tucumán,3,"$1.171,61 ",Larkin-Bergnaum,Provincia de Tucumán,Antonia Martínez,60 días,Alambre,Tren
San Miguel de Tucumán,28,"$14.130,58 ",Larkin-Bergnaum,Provincia de Tucumán,Antonio Calderón,60 días,Alambre,Tren
San Miguel de Tucumán,3,"$483,87 ",Larkin-Bergnaum,Provincia de Tucumán,Begoña García,60 días,Alambre,Tren
San Miguel de Tucumán,3,$6.760 ,Larkin-Bergnaum,Provincia de Tucumán,Carlos Arenas,60 días,Alambre,Tren
San Miguel de Tucumán,6,"$3.210,32 ",Larkin-Bergnaum,Provincia de Tucumán,Carmen Cortes,60 días,Alambre,Tren
San Miguel de Tucumán,17,"$3.578,71 ",Larkin-Bergnaum,Provincia de Tucumán,Carmen Diez,60 días,Alambre,Tren
San Miguel de Tucumán,3,"$644,52 ",Larkin-Bergnaum,Provincia de Tucumán,Carmen Sánchez,60 días,Alambre,Tren
San Miguel de Tucumán,17,"$3.578,71 ",Larkin-Bergnaum,Provincia de Tucumán,Cristina Rodríguez,60 días,Alambre,Tren
San Miguel de Tucumán,14,"$7.065,29 ",Larkin-Bergnaum,Provincia de Tucumán,Cristina Zamora,60 días,Alambre,Tren
San Miguel de Tucumán,6,"$6.665,81 ",Larkin-Bergnaum,Provincia de Tucumán,Daniel Pino,60 días,Alambre,Tren
San Miguel de Tucumán,17,"$18.569,03 ",Larkin-Bergnaum,Provincia de Tucumán,Elena Fernández,60 días,Alambre,Tren
San Miguel de Tucumán,6,"$7.907,10 ",Larkin-Bergnaum,Provincia de Tucumán,Francisco Miñana,60 días,Alambre,Tren
San Miguel de Tucumán,3,"$5.841,29 ",Larkin-Bergnaum,Provincia de Tucumán,Jaume García,60 días,Alambre,Tren
San Miguel de Tucumán,37,"$24.050,97 ",Larkin-Bergnaum,Provincia de Tucumán,Joaquín Vega,60 días,Alambre,Tren
San Miguel de Tucumán,3,"$6.047,70 ",Larkin-Bergnaum,Provincia de Tucumán,José Carretero,60 días,Alambre,Tren
San Miguel de Tucumán,20,"$6.368,39 ",Larkin-Bergnaum,Provincia de Tucumán,José Salcedo,60 días,Alambre,Tren
San Miguel de Tucumán,3,"$305,81 ",Larkin-Bergnaum,Provincia de Tucumán,Juan Andrés,60 días,Alambre,Tren
San Miguel de Tucumán,3,"$4.161,29 ",Larkin-Bergnaum,Provincia de Tucumán,Manuel Grande,60 días,Alambre,Tren
San Miguel de Tucumán,6,"$13.867,32 ",Larkin-Bergnaum,Provincia de Tucumán,Manuel Muñoz,60 días,Alambre,Tren
San Miguel de Tucumán,3,"$1.161,29 ",Larkin-Bergnaum,Provincia de Tucumán,María Ángeles Alves,60 días,Alambre,Tren
San Miguel de Tucumán,14,"$430,01 ",Larkin-Bergnaum,Provincia de Tucumán,María Ángeles Martínez,60 días,Alambre,Tren
San Miguel de Tucumán,6,"$2.334,84 ",Larkin-Bergnaum,Provincia de Tucumán,María Ángeles Ruiz,60 días,Alambre,Tren
San Miguel de Tucumán,3,"$6.910,97 ",Larkin-Bergnaum,Provincia de Tucumán,María Carmen Serrano,60 días,Alambre,Tren
San Miguel de Tucumán,3,"$832,26 ",Larkin-Bergnaum,Provincia de Tucumán,María Cedeño,60 días,Alambre,Tren
San Miguel de Tucumán,3,"$4.296,77 ",Larkin-Bergnaum,Provincia de Tucumán,María Dolores Sousa,60 días,Alambre,Tren
San Miguel de Tucumán,31,"$19.962,46 ",Larkin-Bergnaum,Provincia de Tucumán,María Fernández,60 días,Alambre,Tren
San Miguel de Tucumán,14,"$7.065,29 ",Larkin-Bergnaum,Provincia de Tucumán,María Isabel Heredia,60 días,Alambre,Tren
San Miguel de Tucumán,3,"$1.508,39 ",Larkin-Bergnaum,Provincia de Tucumán,María Isabel León,60 días,Alambre,Tren
San Miguel de Tucumán,17,"$8.371,74 ",Larkin-Bergnaum,Provincia de Tucumán,María Jesús Peñalver,60 días,Alambre,Tren
San Miguel de Tucumán,28,"$19.852,26 ",Larkin-Bergnaum,Provincia de Tucumán,María Pilar Pérez,60 días,Alambre,Tren
San Miguel de Tucumán,17,"$7.946,58 ",Larkin-Bergnaum,Provincia de Tucumán,Pablo López,60 días,Alambre,Tren
San Miguel de Tucumán,9,"$1.761,29 ",Larkin-Bergnaum,Provincia de Tucumán,Raquel Pueyo,60 días,Alambre,Tren
San Miguel de Tucumán,3,"$4.012,90 ",Larkin-Bergnaum,Provincia de Tucumán,Sergio Jiménez,60 días,Alambre,Tren
San Miguel de Tucumán,37,"$37.993,61 ",Larkin-Bergnaum,Provincia de Tucumán,Susana Escudero,60 días,Alambre,Tren
San Miguel de Tucumán,3,"$793,55 ",Larkin-Bergnaum,Provincia de Tucumán,Teresa Martínez,60 días,Alambre,Tren
San Miguel de Tucumán,3,"$412,90 ",Ledner SRL,Provincia de Tucumán,Juan Andrés,30 días,Alambre,Tren
San Miguel de Tucumán,3,"$919,35 ",Lehner PLC,Provincia de Tucumán,Daniel Pino,30 días,Alambre,Tren
San Miguel de Tucumán,3,"$2.878,06 ",Lehner PLC,Provincia de Tucumán,José Salcedo,30 días,Alambre,Tren
San Miguel de Tucumán,3,$360 ,Lehner PLC,Provincia de Tucumán,Pablo López,30 días,Alambre,Tren
San Miguel de Tucumán,20,"$2.773,63 ",Lockman PLC,Provincia de Tucumán,Adrián Souto,30 días,Alambre,Tren
San Miguel de Tucumán,6,"$2.512,26 ",Lockman PLC,Provincia de Tucumán,Alberto García,30 días,Alambre,Tren
San Miguel de Tucumán,26,"$15.940,83 ",Lockman PLC,Provincia de Tucumán,Alejandro Del Olmo,30 días,Alambre,Tren
San Miguel de Tucumán,17,"$6.623,23 ",Lockman PLC,Provincia de Tucumán,Ana Aguilera,30 días,Alambre,Tren
San Miguel de Tucumán,9,"$6.550,32 ",Lockman PLC,Provincia de Tucumán,Ana María Delgado,30 días,Alambre,Tren
San Miguel de Tucumán,3,"$4.941,94 ",Lockman PLC,Provincia de Tucumán,Ana María Serrano,30 días,Alambre,Tren
San Miguel de Tucumán,12,"$11.241,94 ",Lockman PLC,Provincia de Tucumán,Ángeles Pérez,30 días,Alambre,Tren
San Miguel de Tucumán,6,"$12.077,42 ",Lockman PLC,Provincia de Tucumán,Antonia Martínez,30 días,Alambre,Tren
San Miguel de Tucumán,6,"$3.011,61 ",Lockman PLC,Provincia de Tucumán,Antonio Calderón,30 días,Alambre,Tren
San Miguel de Tucumán,3,"$2.090,32 ",Lockman PLC,Provincia de Tucumán,Begoña García,30 días,Alambre,Tren
San Miguel de Tucumán,9,"$30.406,66 ",Lockman PLC,Provincia de Tucumán,Carmen Cortes,30 días,Alambre,Tren
San Miguel de Tucumán,15,"$8.226,45 ",Lockman PLC,Provincia de Tucumán,Carmen Diez,30 días,Alambre,Tren
San Miguel de Tucumán,6,"$12.689,03 ",Lockman PLC,Provincia de Tucumán,Carmen Sánchez,30 días,Alambre,Tren
San Miguel de Tucumán,12,"$17.749,68 ",Lockman PLC,Provincia de Tucumán,Cristina Rodríguez,30 días,Alambre,Tren
San Miguel de Tucumán,9,"$1.514,19 ",Lockman PLC,Provincia de Tucumán,Cristina Zamora,30 días,Alambre,Tren
San Miguel de Tucumán,14,"$1.258,06 ",Lockman PLC,Provincia de Tucumán,Daniel Pino,30 días,Alambre,Tren
San Miguel de Tucumán,12,"$12.331,86 ",Lockman PLC,Provincia de Tucumán,Elena Fernández,30 días,Alambre,Tren
San Miguel de Tucumán,9,"$5.615,48 ",Lockman PLC,Provincia de Tucumán,Jaume García,30 días,Alambre,Tren
San Miguel de Tucumán,15,"$29.174,68 ",Lockman PLC,Provincia de Tucumán,Joaquín Vega,30 días,Alambre,Tren
San Miguel de Tucumán,6,"$3.118,06 ",Lockman PLC,Provincia de Tucumán,José Antonio López,30 días,Alambre,Tren
San Miguel de Tucumán,3,"$4.051,61 ",Lockman PLC,Provincia de Tucumán,José Carretero,30 días,Alambre,Tren
San Miguel de Tucumán,6,"$27.733,26 ",Lockman PLC,Provincia de Tucumán,José Sola,30 días,Alambre,Tren
San Miguel de Tucumán,6,"$2.161,94 ",Lockman PLC,Provincia de Tucumán,Manuel Grande,30 días,Alambre,Tren
San Miguel de Tucumán,14,"$429,83 ",Lockman PLC,Provincia de Tucumán,María Ángeles Alves,30 días,Alambre,Tren
San Miguel de Tucumán,3,"$1.724,52 ",Lockman PLC,Provincia de Tucumán,María Ángeles Ruiz,30 días,Alambre,Tren
San Miguel de Tucumán,3,"$1.302,58 ",Lockman PLC,Provincia de Tucumán,María Diego,30 días,Alambre,Tren
San Miguel de Tucumán,15,"$54.042,40 ",Lockman PLC,Provincia de Tucumán,María Dolores Sousa,30 días,Alambre,Tren
San Miguel de Tucumán,6,"$1.206,45 ",Lockman PLC,Provincia de Tucumán,María Isabel Heredia,30 días,Alambre,Tren
San Miguel de Tucumán,17,"$2.280,65 ",Lockman PLC,Provincia de Tucumán,María Isabel León,30 días,Alambre,Tren
San Miguel de Tucumán,9,"$35.538,34 ",Lockman PLC,Provincia de Tucumán,María Jesús Peñalver,30 días,Alambre,Tren
San Miguel de Tucumán,3,"$15.579,73 ",Lockman PLC,Provincia de Tucumán,María Pilar Pérez,30 días,Alambre,Tren
San Miguel de Tucumán,9,"$3.492,34 ",Lockman PLC,Provincia de Tucumán,Marta Amigo,30 días,Alambre,Tren
San Miguel de Tucumán,3,"$266,45 ",Lockman PLC,Provincia de Tucumán,Marta López,30 días,Alambre,Tren
San Miguel de Tucumán,3,"$31.762,95 ",Lockman PLC,Provincia de Tucumán,Pablo López,30 días,Alambre,Tren
San Miguel de Tucumán,3,"$483,87 ",Lockman PLC,Provincia de Tucumán,Raquel Pueyo,30 días,Alambre,Tren
San Miguel de Tucumán,14,"$1.258,06 ",Lockman PLC,Provincia de Tucumán,Sara Pineda,30 días,Alambre,Tren
San Miguel de Tucumán,3,"$7.643,87 ",Lockman PLC,Provincia de Tucumán,Sergio Jiménez,30 días,Alambre,Tren
San Miguel de Tucumán,3,"$241,94 ",Lockman PLC,Provincia de Tucumán,Susana Escudero,30 días,Alambre,Tren
San Miguel de Tucumán,9,"$4.460,65 ",Lockman PLC,Provincia de Tucumán,Teresa Martínez,30 días,Alambre,Tren
San Miguel de Tucumán,3,"$23.162,86 ","Mills, Goyette and Mraz",Provincia de Tucumán,Adrián Souto,30 días,Alambre,Tren
San Miguel de Tucumán,3,"$14.758,84 ","Mills, Goyette and Mraz",Provincia de Tucumán,Alberto García,30 días,Alambre,Tren
San Miguel de Tucumán,3,"$3.967,74 ","Mills, Goyette and Mraz",Provincia de Tucumán,Ángeles Pérez,30 días,Alambre,Tren
San Miguel de Tucumán,3,"$8.193,55 ","Mills, Goyette and Mraz",Provincia de Tucumán,Antonia Lorente,30 días,Alambre,Tren
San Miguel de Tucumán,3,"$967,74 ","Mills, Goyette and Mraz",Provincia de Tucumán,Antonio Calderón,30 días,Alambre,Tren
San Miguel de Tucumán,3,"$5.287,74 ","Mills, Goyette and Mraz",Provincia de Tucumán,Begoña García,30 días,Alambre,Tren
San Miguel de Tucumán,3,"$23.584,23 ","Mills, Goyette and Mraz",Provincia de Tucumán,Daniel Pino,30 días,Alambre,Tren
San Miguel de Tucumán,3,"$3.550,97 ","Mills, Goyette and Mraz",Provincia de Tucumán,Francisco Miñana,30 días,Alambre,Tren
San Miguel de Tucumán,3,$2.160 ,"Mills, Goyette and Mraz",Provincia de Tucumán,Juan Andrés,30 días,Alambre,Tren
San Miguel de Tucumán,6,"$2.758,06 ","Mills, Goyette and Mraz",Provincia de Tucumán,Manuel Grande,30 días,Alambre,Tren
San Miguel de Tucumán,3,"$5.287,74 ","Mills, Goyette and Mraz",Provincia de Tucumán,María Ángeles Alves,30 días,Alambre,Tren
San Miguel de Tucumán,3,"$3.725,81 ","Mills, Goyette and Mraz",Provincia de Tucumán,María Isabel León,30 días,Alambre,Tren
San Miguel de Tucumán,3,"$2.070,97 ","Mills, Goyette and Mraz",Provincia de Tucumán,Raquel Pueyo,30 días,Alambre,Tren
San Miguel de Tucumán,3,"$31.465,19 ",Mosciski-Olson,Provincia de Tucumán,Ana María Serrano,30 días,Alambre,Tren
San Miguel de Tucumán,3,"$31.656,48 ",Mosciski-Olson,Provincia de Tucumán,María Fernández,30 días,Alambre,Tren
San Miguel de Tucumán,3,"$1.290,32 ",Murray Group,Provincia de Tucumán,Ana María Delgado,30 días,Alambre,Tren
San Miguel de Tucumán,3,$3.152 ,Murray Group,Provincia de Tucumán,Ángeles Pérez,30 días,Alambre,Tren
San Miguel de Tucumán,3,"$2.361,29 ","O'Conner, Lind and Ferry",Provincia de Tucumán,María Ángeles Alves,60 días,Alambre,Tren
San Miguel de Tucumán,17,"$1.242,19 ","Price, Walker and Leffler",Provincia de Tucumán,Adrián Souto,60 días,Alambre,Tren
San Miguel de Tucumán,3,"$1.563,87 ","Price, Walker and Leffler",Provincia de Tucumán,Alejandro Del Olmo,60 días,Alambre,Tren
San Miguel de Tucumán,3,"$95.449,12 ","Price, Walker and Leffler",Provincia de Tucumán,Ana Aguilera,60 días,Alambre,Tren
San Miguel de Tucumán,6,"$94.584,77 ","Price, Walker and Leffler",Provincia de Tucumán,Ana María Delgado,60 días,Alambre,Tren
San Miguel de Tucumán,6,"$1.090,97 ","Price, Walker and Leffler",Provincia de Tucumán,Ana María Serrano,60 días,Alambre,Tren
San Miguel de Tucumán,3,"$2.472,26 ","Price, Walker and Leffler",Provincia de Tucumán,Ángeles Pérez,60 días,Alambre,Tren
San Miguel de Tucumán,3,"$650,32 ","Price, Walker and Leffler",Provincia de Tucumán,Antonia Lorente,60 días,Alambre,Tren
San Miguel de Tucumán,3,"$1.055,48 ","Price, Walker and Leffler",Provincia de Tucumán,Antonia Martínez,60 días,Alambre,Tren
San Miguel de Tucumán,3,"$1.906,45 ","Price, Walker and Leffler",Provincia de Tucumán,Antonio Calderón,60 días,Alambre,Tren
San Miguel de Tucumán,6,"$95.162,57 ","Price, Walker and Leffler",Provincia de Tucumán,Begoña García,60 días,Alambre,Tren
San Miguel de Tucumán,9,"$9.840,65 ","Price, Walker and Leffler",Provincia de Tucumán,Carlos Arenas,60 días,Alambre,Tren
San Miguel de Tucumán,9,"$6.451,61 ","Price, Walker and Leffler",Provincia de Tucumán,Carmen Cortes,60 días,Alambre,Tren
San Miguel de Tucumán,12,"$15.909,68 ","Price, Walker and Leffler",Provincia de Tucumán,Carmen Diez,60 días,Alambre,Tren
San Miguel de Tucumán,9,"$26.518,13 ","Price, Walker and Leffler",Provincia de Tucumán,Carmen Sánchez,60 días,Alambre,Tren
San Miguel de Tucumán,9,"$31.481,94 ","Price, Walker and Leffler",Provincia de Tucumán,Cristina Rodríguez,60 días,Alambre,Tren
San Miguel de Tucumán,14,"$474,84 ","Price, Walker and Leffler",Provincia de Tucumán,Cristina Zamora,60 días,Alambre,Tren
San Miguel de Tucumán,6,"$3.741,94 ","Price, Walker and Leffler",Provincia de Tucumán,Daniel Pino,60 días,Alambre,Tren
San Miguel de Tucumán,3,"$754,84 ","Price, Walker and Leffler",Provincia de Tucumán,Elena Fernández,60 días,Alambre,Tren
San Miguel de Tucumán,15,"$18.202,58 ","Price, Walker and Leffler",Provincia de Tucumán,Francisco Miñana,60 días,Alambre,Tren
San Miguel de Tucumán,6,"$3.669,68 ","Price, Walker and Leffler",Provincia de Tucumán,Jaume García,60 días,Alambre,Tren
San Miguel de Tucumán,3,"$24.029,43 ","Price, Walker and Leffler",Provincia de Tucumán,Joaquín Vega,60 días,Alambre,Tren
San Miguel de Tucumán,9,"$10.959,35 ","Price, Walker and Leffler",Provincia de Tucumán,José Antonio López,60 días,Alambre,Tren
San Miguel de Tucumán,3,"$574,84 ","Price, Walker and Leffler",Provincia de Tucumán,José Carretero,60 días,Alambre,Tren
San Miguel de Tucumán,3,"$31.277,42 ","Price, Walker and Leffler",Provincia de Tucumán,José Salcedo,60 días,Alambre,Tren
San Miguel de Tucumán,6,"$1.237,88 ","Price, Walker and Leffler",Provincia de Tucumán,José Sola,60 días,Alambre,Tren
San Miguel de Tucumán,15,"$10.352,26 ","Price, Walker and Leffler",Provincia de Tucumán,Juan Andrés,60 días,Alambre,Tren
San Miguel de Tucumán,3,"$3.127,74 ","Price, Walker and Leffler",Provincia de Tucumán,Manuel Grande,60 días,Alambre,Tren
San Miguel de Tucumán,18,"$14.255,48 ","Price, Walker and Leffler",Provincia de Tucumán,Manuel Muñoz,60 días,Alambre,Tren
San Miguel de Tucumán,3,"$29.089,60 ","Price, Walker and Leffler",Provincia de Tucumán,María Ángeles Martínez,60 días,Alambre,Tren
San Miguel de Tucumán,6,"$1.576,13 ","Price, Walker and Leffler",Provincia de Tucumán,María Ángeles Ruiz,60 días,Alambre,Tren
San Miguel de Tucumán,3,"$24.293,28 ","Price, Walker and Leffler",Provincia de Tucumán,María Carmen Serrano,60 días,Alambre,Tren
San Miguel de Tucumán,6,"$6.774,19 ","Price, Walker and Leffler",Provincia de Tucumán,María Cedeño,60 días,Alambre,Tren
San Miguel de Tucumán,3,"$335,48 ","Price, Walker and Leffler",Provincia de Tucumán,María Diego,60 días,Alambre,Tren
San Miguel de Tucumán,9,"$5.274,19 ","Price, Walker and Leffler",Provincia de Tucumán,María Dolores Sousa,60 días,Alambre,Tren
San Miguel de Tucumán,9,"$8.354,93 ","Price, Walker and Leffler",Provincia de Tucumán,María Isabel Heredia,60 días,Alambre,Tren
San Miguel de Tucumán,3,"$27.398,96 ","Price, Walker and Leffler",Provincia de Tucumán,María Isabel León,60 días,Alambre,Tren
San Miguel de Tucumán,12,"$8.472,17 ","Price, Walker and Leffler",Provincia de Tucumán,María Jesús Peñalver,60 días,Alambre,Tren
San Miguel de Tucumán,3,"$5.661,29 ","Price, Walker and Leffler",Provincia de Tucumán,María Pilar Pérez,60 días,Alambre,Tren
San Miguel de Tucumán,3,"$3.147,23 ","Price, Walker and Leffler",Provincia de Tucumán,Marta Amigo,60 días,Alambre,Tren
San Miguel de Tucumán,6,"$1.661,94 ","Price, Walker and Leffler",Provincia de Tucumán,Marta López,60 días,Alambre,Tren
San Miguel de Tucumán,6,"$1.161,68 ","Price, Walker and Leffler",Provincia de Tucumán,Pablo López,60 días,Alambre,Tren
San Miguel de Tucumán,3,"$11.438,71 ","Price, Walker and Leffler",Provincia de Tucumán,Raquel Pueyo,60 días,Alambre,Tren
San Miguel de Tucumán,6,"$4.945,16 ","Price, Walker and Leffler",Provincia de Tucumán,Sara Pineda,60 días,Alambre,Tren
San Miguel de Tucumán,6,"$15.429,12 ","Price, Walker and Leffler",Provincia de Tucumán,Sergio Jiménez,60 días,Alambre,Tren
San Miguel de Tucumán,3,"$1.703,23 ","Purdy, Bergstrom and Block",Provincia de Tucumán,Carlos Arenas,30 días,Alambre,Tren
San Miguel de Tucumán,3,"$16.916,12 ","Purdy, Bergstrom and Block",Provincia de Tucumán,Manuel Grande,30 días,Alambre,Tren
San Miguel de Tucumán,3,"$19.548,39 ","Purdy, Bergstrom and Block",Provincia de Tucumán,María Carmen Serrano,30 días,Alambre,Tren
San Miguel de Tucumán,3,"$20.816,99 ","Purdy, Bergstrom and Block",Provincia de Tucumán,Sergio Jiménez,30 días,Alambre,Tren
San Miguel de Tucumán,3,"$31.731,08 ",Ritchie PLC,Provincia de Tucumán,Ángeles Pérez,30 días,Alambre,Tren
San Miguel de Tucumán,3,"$1.912,54 ",Ritchie PLC,Provincia de Tucumán,Carmen Sánchez,30 días,Alambre,Tren
San Miguel de Tucumán,3,"$2.580,65 ",Ritchie PLC,Provincia de Tucumán,Elena Fernández,30 días,Alambre,Tren
San Miguel de Tucumán,3,"$249,03 ",Ritchie PLC,Provincia de Tucumán,José María Pérez,30 días,Alambre,Tren
San Miguel de Tucumán,3,"$2.759,17 ",Ritchie PLC,Provincia de Tucumán,José Salcedo,30 días,Alambre,Tren
San Miguel de Tucumán,3,"$1.720,43 ",Ritchie PLC,Provincia de Tucumán,María Cedeño,30 días,Alambre,Tren
San Miguel de Tucumán,3,"$1.732,48 ",Ritchie PLC,Provincia de Tucumán,María Fernández,30 días,Alambre,Tren
San Miguel de Tucumán,3,"$2.763,61 ",Ritchie PLC,Provincia de Tucumán,María Jesús Peñalver,30 días,Alambre,Tren
San Miguel de Tucumán,3,"$1.935,48 ",Ritchie PLC,Provincia de Tucumán,Susana Escudero,30 días,Alambre,Tren
San Miguel de Tucumán,14,"$1.887,10 ","Ritchie, Kunze and Abbott",Provincia de Tucumán,Ana Aguilera,30 días,Alambre,Tren
San Miguel de Tucumán,3,"$483,87 ","Ritchie, Kunze and Abbott",Provincia de Tucumán,Begoña García,30 días,Alambre,Tren
San Miguel de Tucumán,14,"$1.887,10 ","Ritchie, Kunze and Abbott",Provincia de Tucumán,Carmen Diez,30 días,Alambre,Tren
San Miguel de Tucumán,14,"$1.887,10 ","Ritchie, Kunze and Abbott",Provincia de Tucumán,Cristina Rodríguez,30 días,Alambre,Tren
San Miguel de Tucumán,14,"$1.887,10 ","Ritchie, Kunze and Abbott",Provincia de Tucumán,Francisco Miñana,30 días,Alambre,Tren
San Miguel de Tucumán,3,"$1.710,97 ","Ritchie, Kunze and Abbott",Provincia de Tucumán,Jaume García,30 días,Alambre,Tren
San Miguel de Tucumán,3,"$22.836,66 ","Ritchie, Kunze and Abbott",Provincia de Tucumán,José Carretero,30 días,Alambre,Tren
San Miguel de Tucumán,14,"$1.887,10 ","Ritchie, Kunze and Abbott",Provincia de Tucumán,María Isabel León,30 días,Alambre,Tren
San Miguel de Tucumán,14,"$1.887,10 ","Ritchie, Kunze and Abbott",Provincia de Tucumán,Pablo López,30 días,Alambre,Tren
San Miguel de Tucumán,3,"$2.485,16 ",Robel-Rowe,Provincia de Tucumán,Ana María Serrano,30 días,Alambre,Tren
San Miguel de Tucumán,3,"$2.605,16 ",Robel-Rowe,Provincia de Tucumán,Teresa Martínez,30 días,Alambre,Tren
San Miguel de Tucumán,3,"$3.193,55 ",Rowe PLC,Provincia de Tucumán,Alejandro Del Olmo,30 días,Alambre,Tren
San Miguel de Tucumán,3,"$5.261,29 ",Rowe PLC,Provincia de Tucumán,María Pilar Pérez,30 días,Alambre,Tren
San Miguel de Tucumán,3,"$3.870,97 ",Satterfield LLC,Provincia de Tucumán,Adrián Souto,30 días,Alambre,Tren
San Miguel de Tucumán,3,"$2.129,03 ",Sauer Group,Provincia de Tucumán,Alejandro Del Olmo,30 días,Alambre,Tren
San Miguel de Tucumán,3,"$121,45 ",Sauer Group,Provincia de Tucumán,Antonio Calderón,30 días,Alambre,Tren
San Miguel de Tucumán,3,"$8.717,42 ",Sauer Group,Provincia de Tucumán,Carmen Diez,45 días,Alambre,Tren
San Miguel de Tucumán,3,"$712,65 ",Sauer Group,Provincia de Tucumán,Carmen Sánchez,30 días,Alambre,Tren
San Miguel de Tucumán,3,"$4.645,16 ",Sauer Group,Provincia de Tucumán,María Ángeles Martínez,30 días,Alambre,Tren
San Miguel de Tucumán,6,"$5.347,10 ",Sauer Group,Provincia de Tucumán,María Fernández,30 días,Alambre,Tren
San Miguel de Tucumán,3,"$1.906,45 ",Sauer Group,Provincia de Tucumán,María Pilar Pérez,30 días,Alambre,Tren
San Miguel de Tucumán,3,"$2.841,29 ",Sauer Group,Provincia de Tucumán,Sara Pineda,30 días,Alambre,Tren
San Miguel de Tucumán,3,"$1.401,29 ",Sauer Group,Provincia de Tucumán,Susana Escudero,30 días,Alambre,Tren
San Miguel de Tucumán,3,"$203,23 ","Schamberger, Ebert and Johnson",Provincia de Tucumán,Antonia Martínez,30 días,Alambre,Tren
San Miguel de Tucumán,3,"$6.521,29 ",Schiller and Sons,Provincia de Tucumán,Alberto García,60 días,Alambre,Tren
San Miguel de Tucumán,3,"$2.122,58 ",Schiller and Sons,Provincia de Tucumán,Alejandro Del Olmo,60 días,Alambre,Tren
San Miguel de Tucumán,3,"$1.820,65 ",Schiller and Sons,Provincia de Tucumán,Ana María Delgado,60 días,Alambre,Tren
San Miguel de Tucumán,3,"$12.972,90 ",Schiller and Sons,Provincia de Tucumán,Ana María Serrano,60 días,Alambre,Tren
San Miguel de Tucumán,3,"$1.126,68 ",Schiller and Sons,Provincia de Tucumán,Antonia Martínez,60 días,Alambre,Tren
San Miguel de Tucumán,3,"$95.341,18 ",Schiller and Sons,Provincia de Tucumán,José Carretero,60 días,Alambre,Tren
San Miguel de Tucumán,3,"$1.162,99 ",Schiller and Sons,Provincia de Tucumán,José Salcedo,60 días,Alambre,Tren
San Miguel de Tucumán,3,"$237.184,38 ",Schiller and Sons,Provincia de Tucumán,María Ángeles Martínez,60 días,Alambre,Tren
San Miguel de Tucumán,6,$6.780 ,Schiller and Sons,Provincia de Tucumán,María Isabel León,60 días,Alambre,Tren
San Miguel de Tucumán,3,"$451,61 ",Schiller and Sons,Provincia de Tucumán,María Jesús Peñalver,60 días,Alambre,Tren
San Miguel de Tucumán,3,"$30.193,55 ",Schiller and Sons,Provincia de Tucumán,Marta Amigo,60 días,Alambre,Tren
San Miguel de Tucumán,3,"$2.978,06 ",Schiller-Barton,Provincia de Tucumán,Daniel Pino,30 días,Alambre,Tren
San Miguel de Tucumán,3,$3.000 ,Schmeler LLC,Provincia de Tucumán,Antonio Calderón,30 días,Alambre,Tren
San Miguel de Tucumán,3,"$2.225,81 ",Schmeler LLC,Provincia de Tucumán,Cristina Rodríguez,30 días,Alambre,Tren
San Miguel de Tucumán,3,"$3.224,52 ",Schmeler LLC,Provincia de Tucumán,José Salcedo,30 días,Alambre,Tren
San Miguel de Tucumán,6,"$4.927,74 ","Schmitt, Strosin and Sipes",Provincia de Tucumán,Ana Aguilera,30 días,Alambre,Tren
San Miguel de Tucumán,3,"$547,10 ","Schmitt, Strosin and Sipes",Provincia de Tucumán,Ana María Delgado,30 días,Alambre,Tren
San Miguel de Tucumán,3,"$652,26 ","Schmitt, Strosin and Sipes",Provincia de Tucumán,Carlos Arenas,30 días,Alambre,Tren
San Miguel de Tucumán,3,"$812,90 ","Schmitt, Strosin and Sipes",Provincia de Tucumán,Carmen Cortes,30 días,Alambre,Tren
San Miguel de Tucumán,3,"$20.902,43 ","Schmitt, Strosin and Sipes",Provincia de Tucumán,Cristina Rodríguez,30 días,Alambre,Tren
San Miguel de Tucumán,3,"$161,29 ","Schmitt, Strosin and Sipes",Provincia de Tucumán,Cristina Zamora,30 días,Alambre,Tren
San Miguel de Tucumán,3,"$2.658,06 ","Schmitt, Strosin and Sipes",Provincia de Tucumán,Daniel Pino,30 días,Alambre,Tren
San Miguel de Tucumán,3,"$1.270,97 ","Schmitt, Strosin and Sipes",Provincia de Tucumán,Joaquín Vega,30 días,Alambre,Tren
San Miguel de Tucumán,3,"$3.394,84 ","Schmitt, Strosin and Sipes",Provincia de Tucumán,María Cedeño,30 días,Alambre,Tren
San Miguel de Tucumán,3,"$3.936,77 ","Schmitt, Strosin and Sipes",Provincia de Tucumán,María Diego,30 días,Alambre,Tren
San Miguel de Tucumán,3,"$558,06 ",Schuppe Inc,Provincia de Tucumán,Marta López,60 días,Alambre,Tren
San Miguel de Tucumán,3,"$645,16 ",Sporer-Dickinson,Provincia de Tucumán,Ángeles Pérez,60 días,Alambre,Tren
San Miguel de Tucumán,3,"$83.719,90 ",Sporer-Dickinson,Provincia de Tucumán,Elena Fernández,60 días,Alambre,Tren
San Miguel de Tucumán,3,"$3.634,44 ",Sporer-Dickinson,Provincia de Tucumán,Jaume García,60 días,Alambre,Tren
San Miguel de Tucumán,3,"$1.089,03 ",Sporer-Dickinson,Provincia de Tucumán,José Salcedo,60 días,Alambre,Tren
San Miguel de Tucumán,3,"$303,17 ",Sporer-Dickinson,Provincia de Tucumán,Manuel Grande,60 días,Alambre,Tren
San Miguel de Tucumán,3,"$905,81 ",Sporer-Dickinson,Provincia de Tucumán,María Ángeles Martínez,60 días,Alambre,Tren
San Miguel de Tucumán,3,"$483,87 ",Sporer-Dickinson,Provincia de Tucumán,Raquel Pueyo,60 días,Alambre,Tren
San Miguel de Tucumán,3,"$27.052,14 ",Waelchi PLC,Provincia de Tucumán,Begoña García,30 días,Perfiles De Acero,Camion
San Miguel de Tucumán,3,"$958,06 ",Ward Group,Provincia de Tucumán,Adrián Souto,30 días,Alambre,Tren
San Miguel de Tucumán,3,"$4.501,94 ",Ward Group,Provincia de Tucumán,Alejandro Del Olmo,30 días,Alambre,Tren
San Miguel de Tucumán,6,"$7.490,09 ",Ward Group,Provincia de Tucumán,Ana Aguilera,30 días,Alambre,Tren
San Miguel de Tucumán,6,"$5.348,39 ",Ward Group,Provincia de Tucumán,Ana María Serrano,30 días,Alambre,Tren
San Miguel de Tucumán,6,"$4.519,16 ",Ward Group,Provincia de Tucumán,Ángeles Pérez,30 días,Alambre,Tren
San Miguel de Tucumán,3,"$2.262,58 ",Ward Group,Provincia de Tucumán,Antonia Lorente,30 días,Alambre,Tren
San Miguel de Tucumán,3,"$280,65 ",Ward Group,Provincia de Tucumán,Antonio Calderón,30 días,Alambre,Tren
San Miguel de Tucumán,6,"$5.165,81 ",Ward Group,Provincia de Tucumán,Carlos Arenas,30 días,Alambre,Tren
San Miguel de Tucumán,3,"$1.041,94 ",Ward Group,Provincia de Tucumán,Carmen Cortes,30 días,Alambre,Tren
San Miguel de Tucumán,3,"$322,58 ",Ward Group,Provincia de Tucumán,Carmen Sánchez,30 días,Alambre,Tren
San Miguel de Tucumán,3,$6.480 ,Ward Group,Provincia de Tucumán,Cristina Rodríguez,30 días,Alambre,Tren
San Miguel de Tucumán,3,"$483,87 ",Ward Group,Provincia de Tucumán,Daniel Pino,30 días,Alambre,Tren
San Miguel de Tucumán,3,"$1.674,19 ",Ward Group,Provincia de Tucumán,Francisco Miñana,30 días,Alambre,Tren
San Miguel de Tucumán,3,"$477,42 ",Ward Group,Provincia de Tucumán,Jaume García,30 días,Alambre,Tren
San Miguel de Tucumán,3,"$532,26 ",Ward Group,Provincia de Tucumán,José Salcedo,30 días,Alambre,Tren
San Miguel de Tucumán,3,"$1.783,23 ",Ward Group,Provincia de Tucumán,Manuel Muñoz,30 días,Alambre,Tren
San Miguel de Tucumán,6,"$7.850,11 ",Ward Group,Provincia de Tucumán,María Ángeles Alves,30 días,Alambre,Tren
San Miguel de Tucumán,6,"$1.801,94 ",Ward Group,Provincia de Tucumán,María Ángeles Martínez,30 días,Alambre,Tren
San Miguel de Tucumán,3,"$5.883,87 ",Ward Group,Provincia de Tucumán,María Diego,30 días,Alambre,Tren
San Miguel de Tucumán,3,"$1.852,26 ",Ward Group,Provincia de Tucumán,María Fernández,30 días,Alambre,Tren
San Miguel de Tucumán,3,"$3.505,81 ",Ward Group,Provincia de Tucumán,María Isabel Heredia,30 días,Alambre,Tren
San Miguel de Tucumán,6,"$7.213,55 ",Ward Group,Provincia de Tucumán,María Isabel León,30 días,Alambre,Tren
San Miguel de Tucumán,12,"$34.878,72 ",Ward Group,Provincia de Tucumán,Raquel Pueyo,30 días,Alambre,Tren
San Miguel de Tucumán,3,"$123.150,53 ",Ward Group,Provincia de Tucumán,Sara Pineda,30 días,Alambre,Tren
San Miguel de Tucumán,3,"$8.891,61 ",Ward Group,Provincia de Tucumán,Susana Escudero,30 días,Alambre,Tren
San Miguel de Tucumán,9,"$33.701,68 ",Ward Group,Provincia de Tucumán,Teresa Martínez,30 días,Alambre,Tren
San Miguel de Tucumán,3,"$5.189,11 ",Watsica and Sons,Provincia de Tucumán,Adrián Souto,30 días,Alambre,Tren
San Miguel de Tucumán,3,"$2.070,97 ",Watsica and Sons,Provincia de Tucumán,Ana Aguilera,30 días,Alambre,Tren
San Miguel de Tucumán,3,"$2.512,90 ",Watsica and Sons,Provincia de Tucumán,Ángeles Pérez,30 días,Alambre,Tren
San Miguel de Tucumán,3,$3.000 ,Watsica and Sons,Provincia de Tucumán,Antonia Martínez,60 días,Alambre,Tren
San Miguel de Tucumán,3,"$890,32 ",Watsica and Sons,Provincia de Tucumán,Cristina Rodríguez,60 días,Alambre,Tren
San Miguel de Tucumán,3,"$2.919,35 ",Watsica and Sons,Provincia de Tucumán,Cristina Zamora,60 días,Alambre,Tren
San Miguel de Tucumán,3,"$1.529,03 ",Watsica and Sons,Provincia de Tucumán,José María Pérez,60 días,Alambre,Tren
San Miguel de Tucumán,6,"$21.851,06 ",Watsica and Sons,Provincia de Tucumán,Manuel Grande,30 días,Alambre,Tren
San Miguel de Tucumán,3,"$7.806,45 ",Watsica and Sons,Provincia de Tucumán,Marta Amigo,60 días,Alambre,Tren
San Miguel de Tucumán,3,"$161,29 ",Watsica and Sons,Provincia de Tucumán,Teresa Martínez,30 días,Alambre,Tren
San Miguel de Tucumán,3,"$1.641,29 ",Weissnat-Kassulke,Provincia de Tucumán,Ana María Serrano,30 días,Alambre,Tren
San Miguel de Tucumán,3,"$559.363,60 ",Williamson LLC,Provincia de Tucumán,Ana María Serrano,60 días,Alambre,Tren
San Miguel de Tucumán,3,"$4.575,48 ",Williamson LLC,Provincia de Tucumán,María Ángeles Martínez,60 días,Alambre,Tren
San Miguel de Tucumán,3,"$4.438,71 ",Williamson LLC,Provincia de Tucumán,María Fernández,60 días,Alambre,Tren
San Miguel de Tucumán,3,"$1.924,88 ",Williamson LLC,Provincia de Tucumán,Pablo López,60 días,Alambre,Tren
San Miguel de Tucumán,3,"$4.019,35 ","Windler, Lubowitz and Graham",Provincia de Tucumán,María Ángeles Martínez,30 días,Alambre,Tren
San Miguel de Tucumán,3,"$13.138,06 ","Windler, Lubowitz and Graham",Provincia de Tucumán,María Jesús Peñalver,30 días,Alambre,Tren
San Nicolás de los Arroyos,4,"$621,97 ",Bins LLC,Provincia de Buenos Aires,Antonia Martínez,30 días,Perfiles De Acero,Camion
San Nicolás de los Arroyos,3,"$4.423,68 ",Bins LLC,Provincia de Buenos Aires,Cristina Zamora,30 días,Perfiles De Acero,Camion
San Nicolás de los Arroyos,3,"$596,77 ",Bins LLC,Provincia de Buenos Aires,Manuel Muñoz,30 días,Perfiles De Acero,Camion
San Nicolás de los Arroyos,139,"$15.946,42 ",Bins LLC,Provincia de Buenos Aires,María Ángeles Ruiz,30 días,Perfiles De Acero,Camion
San Nicolás de los Arroyos,3,"$116,13 ",Bins LLC,Provincia de Buenos Aires,Teresa Martínez,30 días,Perfiles De Acero,Camion
San Nicolás de los Arroyos,3,"$618,19 ",Luettgen-Reinger,Provincia de Buenos Aires,Carlos Arenas,30 días,Perfiles De Acero,Camion
San Nicolás de los Arroyos,3,"$593,72 ",Luettgen-Reinger,Provincia de Buenos Aires,Carmen Diez,30 días,Perfiles De Acero,Camion
San Nicolás de los Arroyos,1,"$593,94 ",Luettgen-Reinger,Provincia de Buenos Aires,Sergio Jiménez,30 días,Perfiles De Acero,Camion
San Nicolás de los Arroyos,1,"$117,39 ",Luettgen-Reinger,Provincia de Buenos Aires,Teresa Martínez,30 días,Perfiles De Acero,Camion
San Nicolás de los Arroyos,3,"$492,56 ",Schumm-Prohaska,Provincia de Buenos Aires,Alejandro Del Olmo,30 días,Perfiles De Acero,Camion
San Nicolás de los Arroyos,799,"$3.337,57 ",Schumm-Prohaska,Provincia de Buenos Aires,Ana María Delgado,30 días,Perfiles De Acero,Camion
San Nicolás de los Arroyos,30,"$20.252,74 ",Schumm-Prohaska,Provincia de Buenos Aires,Ana María Serrano,30 días,Perfiles De Acero,Camion
San Nicolás de los Arroyos,1,"$109,68 ",Schumm-Prohaska,Provincia de Buenos Aires,Antonio Calderón,30 días,Perfiles De Acero,Camion
San Nicolás de los Arroyos,737,"$1.896,18 ",Schumm-Prohaska,Provincia de Buenos Aires,Carlos Arenas,30 días,Perfiles De Acero,Camion
San Nicolás de los Arroyos,152,"$5.040,02 ",Schumm-Prohaska,Provincia de Buenos Aires,Carmen Cortes,30 días,Perfiles De Acero,Camion
San Nicolás de los Arroyos,2,"$469,66 ",Schumm-Prohaska,Provincia de Buenos Aires,Cristina Rodríguez,30 días,Perfiles De Acero,Camion
San Nicolás de los Arroyos,1507,"$4.082,68 ",Schumm-Prohaska,Provincia de Buenos Aires,Cristina Zamora,30 días,Perfiles De Acero,Camion
San Nicolás de los Arroyos,51,"$27.079,77 ",Schumm-Prohaska,Provincia de Buenos Aires,Francisco Miñana,30 días,Perfiles De Acero,Camion
San Nicolás de los Arroyos,3,"$251,91 ",Schumm-Prohaska,Provincia de Buenos Aires,Jaume García,30 días,Perfiles De Acero,Camion
San Nicolás de los Arroyos,29,"$145,16 ",Schumm-Prohaska,Provincia de Buenos Aires,José María Pérez,30 días,Perfiles De Acero,Camion
San Nicolás de los Arroyos,29,"$347,01 ",Schumm-Prohaska,Provincia de Buenos Aires,José Salcedo,30 días,Perfiles De Acero,Camion
San Nicolás de los Arroyos,33,"$20.094,07 ",Schumm-Prohaska,Provincia de Buenos Aires,José Sola,30 días,Perfiles De Acero,Camion
San Nicolás de los Arroyos,29,"$19.858,65 ",Schumm-Prohaska,Provincia de Buenos Aires,Manuel Grande,30 días,Perfiles De Acero,Camion
San Nicolás de los Arroyos,1,"$21.188,43 ",Schumm-Prohaska,Provincia de Buenos Aires,Manuel Muñoz,30 días,Perfiles De Acero,Camion
San Nicolás de los Arroyos,8,"$390,39 ",Schumm-Prohaska,Provincia de Buenos Aires,María Ángeles Alves,30 días,Perfiles De Acero,Camion
San Nicolás de los Arroyos,3,"$3.892,50 ",Schumm-Prohaska,Provincia de Buenos Aires,María Ángeles Ruiz,30 días,Perfiles De Acero,Camion
San Nicolás de los Arroyos,740,"$4.212,31 ",Schumm-Prohaska,Provincia de Buenos Aires,María Carmen Serrano,30 días,Perfiles De Acero,Camion
San Nicolás de los Arroyos,737,"$1.896,18 ",Schumm-Prohaska,Provincia de Buenos Aires,María Cedeño,30 días,Perfiles De Acero,Camion
San Nicolás de los Arroyos,3,"$3.146,99 ",Schumm-Prohaska,Provincia de Buenos Aires,María Diego,30 días,Perfiles De Acero,Camion
San Nicolás de los Arroyos,29,"$19.477,89 ",Schumm-Prohaska,Provincia de Buenos Aires,María Isabel Heredia,30 días,Perfiles De Acero,Camion
San Nicolás de los Arroyos,3,"$24.591,46 ",Schumm-Prohaska,Provincia de Buenos Aires,María Jesús Peñalver,30 días,Perfiles De Acero,Camion
San Nicolás de los Arroyos,164,"$486,20 ",Schumm-Prohaska,Provincia de Buenos Aires,Raquel Pueyo,30 días,Perfiles De Acero,Camion
San Nicolás de los Arroyos,152,"$2.623,46 ",Schumm-Prohaska,Provincia de Buenos Aires,Sara Pineda,30 días,Perfiles De Acero,Camion
San Nicolás de los Arroyos,30,"$11.384,15 ",Schumm-Prohaska,Provincia de Buenos Aires,Sergio Jiménez,30 días,Perfiles De Acero,Camion
San Nicolás de los Arroyos,3,"$493,41 ",Schumm-Prohaska,Provincia de Buenos Aires,Susana Escudero,30 días,Perfiles De Acero,Camion
San Nicolás de los Arroyos,3,"$9.063,32 ",Waelchi PLC,Provincia de Buenos Aires,María Ángeles Martínez,30 días,Perfiles De Acero,Camion
San Rafael,3,"$3.615,48 ",Heidenreich-Conn,Provincia de Mendoza,Adrián Souto,30 días,Perfiles De Acero,Camion
San Rafael,6,"$3.580,65 ",Heidenreich-Conn,Provincia de Mendoza,Antonio Calderón,30 días,Perfiles De Acero,Camion
San Rafael,144,"$587,10 ",Heidenreich-Conn,Provincia de Mendoza,Francisco Miñana,30 días,Perfiles De Acero,Camion
San Rafael,4,"$131,83 ",Heidenreich-Conn,Provincia de Mendoza,María Ángeles Martínez,30 días,Perfiles De Acero,Camion
San Rafael,142,"$23.084,58 ",Ledner SRL,Provincia de Mendoza,Begoña García,30 días,Perfiles De Acero,Camion
San Rafael,4,"$20.258,14 ",Ledner SRL,Provincia de Mendoza,Carmen Diez,30 días,Perfiles De Acero,Camion
San Rafael,132,"$21.214,44 ",Ledner SRL,Provincia de Mendoza,Elena Fernández,30 días,Perfiles De Acero,Camion
San Rafael,3,"$172,49 ",Ledner SRL,Provincia de Mendoza,María Diego,30 días,Perfiles De Acero,Camion
San Rafael,10,"$109,04 ",Ledner SRL,Provincia de Mendoza,Pablo López,30 días,Perfiles De Acero,Barco
San Rafael,2,"$19.798,55 ",Tremblay SRL,Provincia de Mendoza,Ana Aguilera,30 días,Perfiles De Acero,Camion
San Rafael,13,"$196,77 ",Tremblay SRL,Provincia de Mendoza,Antonia Martínez,30 días,Perfiles De Acero,Camion
San Rafael,1,"$28.915,50 ",Tremblay SRL,Provincia de Mendoza,Carlos Arenas,30 días,Perfiles De Acero,Camion
San Rafael,3,"$1.113,14 ",Tremblay SRL,Provincia de Mendoza,Daniel Pino,30 días,Perfiles De Acero,Camion
San Rafael,3,"$29.020,46 ",Tremblay SRL,Provincia de Mendoza,Joaquín Vega,30 días,Perfiles De Acero,Camion
San Rafael,3,"$124,19 ",Tremblay SRL,Provincia de Mendoza,José Antonio López,30 días,Perfiles De Acero,Camion
San Rafael,3,"$193,55 ",Tremblay SRL,Provincia de Mendoza,José Salcedo,30 días,Perfiles De Acero,Camion
San Rafael,3,"$88,06 ",Tremblay SRL,Provincia de Mendoza,Juan Andrés,30 días,Perfiles De Acero,Camion
San Rafael,3,"$157,70 ",Tremblay SRL,Provincia de Mendoza,Sara Pineda,30 días,Perfiles De Acero,Camion
San Salvador de Jujuy,1,"$130,98 ",Bechtelar-Gibson,Provincia de Jujuy,Alberto García,30 días,Perfiles De Acero,Camion
San Salvador de Jujuy,3,"$84,52 ",Bechtelar-Gibson,Provincia de Jujuy,Antonia Lorente,30 días,Perfiles De Acero,Camion
San Salvador de Jujuy,3,"$195,90 ",Bechtelar-Gibson,Provincia de Jujuy,Begoña García,30 días,Perfiles De Acero,Camion
San Salvador de Jujuy,3,"$184,84 ",Bechtelar-Gibson,Provincia de Jujuy,José Antonio López,30 días,Perfiles De Acero,Camion
San Salvador de Jujuy,24,"$483,87 ",Bechtelar-Gibson,Provincia de Jujuy,María Ángeles Alves,30 días,Perfiles De Acero,Camion
San Salvador de Jujuy,3,"$84,52 ",Bechtelar-Gibson,Provincia de Jujuy,María Diego,30 días,Perfiles De Acero,Camion
San Salvador de Jujuy,18,"$120,65 ",Bechtelar-Gibson,Provincia de Jujuy,María Isabel Heredia,30 días,Perfiles De Acero,Camion
San Salvador de Jujuy,18,"$226,17 ",Bechtelar-Gibson,Provincia de Jujuy,María Pilar Pérez,30 días,Perfiles De Acero,Camion
San Salvador de Jujuy,28,"$126,25 ",Bechtelar-Gibson,Provincia de Jujuy,Marta Amigo,30 días,Perfiles De Acero,Camion
San Salvador de Jujuy,3,"$387,10 ",Bechtelar-Gibson,Provincia de Jujuy,Pablo López,30 días,Perfiles De Acero,Camion
San Salvador de Jujuy,3,"$1.126,68 ",Denesik-Nader,Provincia de Jujuy,Adrián Souto,60 días,Perfiles De Acero,Camion
San Salvador de Jujuy,4,"$4.431,76 ",Denesik-Nader,Provincia de Jujuy,Carmen Diez,60 días,Perfiles De Acero,Camion
San Salvador de Jujuy,200,"$109,68 ",Denesik-Nader,Provincia de Jujuy,Daniel Pino,60 días,Perfiles De Acero,Camion
San Salvador de Jujuy,3,"$1.161,29 ",Denesik-Nader,Provincia de Jujuy,María Ángeles Ruiz,60 días,Perfiles De Acero,Camion
San Salvador de Jujuy,3,"$90,97 ",Denesik-Nader,Provincia de Jujuy,María Cedeño,60 días,Perfiles De Acero,Camion
San Salvador de Jujuy,3,"$827,66 ",Denesik-Nader,Provincia de Jujuy,María Dolores Sousa,60 días,Perfiles De Acero,Camion
San Salvador de Jujuy,3,"$629,94 ",Denesik-Nader,Provincia de Jujuy,María Isabel León,60 días,Perfiles De Acero,Camion
San Salvador de Jujuy,39,"$9.926,45 ",Harber SRL,Provincia de Jujuy,María Diego,30 días,Perfiles De Acero,Camion
San Salvador de Jujuy,9,"$18.168,07 ",Harber SRL,Provincia de Jujuy,María Dolores Sousa,30 días,Perfiles De Acero,Camion
San Salvador de Jujuy,2,"$394,84 ",Harber SRL,Provincia de Jujuy,María Isabel León,30 días,Perfiles De Acero,Camion
San Salvador de Jujuy,3,"$180,65 ",Harber SRL,Provincia de Jujuy,Susana Escudero,30 días,Perfiles De Acero,Camion
San Salvador de Jujuy,143,"$1.756,94 ","Hartmann, Hilll and Nolan",Provincia de Jujuy,Adrián Souto,30 días,Perfiles De Acero,Camion
San Salvador de Jujuy,3,"$21.713,75 ","Hartmann, Hilll and Nolan",Provincia de Jujuy,Ana María Delgado,30 días,Alambre,Tren
San Salvador de Jujuy,3,"$178,48 ","Hartmann, Hilll and Nolan",Provincia de Jujuy,Ana María Serrano,30 días,Perfiles De Acero,Camion
San Salvador de Jujuy,143,"$1.756,94 ","Hartmann, Hilll and Nolan",Provincia de Jujuy,Antonia Lorente,30 días,Perfiles De Acero,Camion
San Salvador de Jujuy,1,"$302,57 ","Hartmann, Hilll and Nolan",Provincia de Jujuy,Antonia Martínez,30 días,Perfiles De Acero,Camion
San Salvador de Jujuy,3,"$18.922,77 ","Hartmann, Hilll and Nolan",Provincia de Jujuy,Cristina Zamora,30 días,Perfiles De Acero,Camion
San Salvador de Jujuy,143,"$1.756,94 ","Hartmann, Hilll and Nolan",Provincia de Jujuy,Daniel Pino,30 días,Perfiles De Acero,Camion
San Salvador de Jujuy,3,"$458,58 ","Hartmann, Hilll and Nolan",Provincia de Jujuy,Jaume García,30 días,Perfiles De Acero,Camion
San Salvador de Jujuy,3,"$133,10 ","Hartmann, Hilll and Nolan",Provincia de Jujuy,José Antonio López,30 días,Perfiles De Acero,Camion
San Salvador de Jujuy,32,"$450,50 ","Hartmann, Hilll and Nolan",Provincia de Jujuy,José María Pérez,30 días,Perfiles De Acero,Camion
San Salvador de Jujuy,1,"$1.013,61 ","Hartmann, Hilll and Nolan",Provincia de Jujuy,Juan Andrés,30 días,Perfiles De Acero,Camion
San Salvador de Jujuy,30,"$15.016,59 ","Hartmann, Hilll and Nolan",Provincia de Jujuy,Manuel Muñoz,30 días,Perfiles De Acero,Camion
San Salvador de Jujuy,3,"$238,93 ","Hartmann, Hilll and Nolan",Provincia de Jujuy,María Carmen Serrano,30 días,Perfiles De Acero,Camion
San Salvador de Jujuy,143,"$1.756,94 ","Hartmann, Hilll and Nolan",Provincia de Jujuy,María Diego,30 días,Perfiles De Acero,Camion
San Salvador de Jujuy,1,"$612,95 ","Hartmann, Hilll and Nolan",Provincia de Jujuy,María Dolores Sousa,30 días,Perfiles De Acero,Camion
San Salvador de Jujuy,3,"$96.449,59 ","Hartmann, Hilll and Nolan",Provincia de Jujuy,María Fernández,30 días,Perfiles De Acero,Camion
San Salvador de Jujuy,3,"$1.160,15 ","Hartmann, Hilll and Nolan",Provincia de Jujuy,María Isabel León,30 días,Perfiles De Acero,Camion
San Salvador de Jujuy,84,"$135,48 ","Hartmann, Hilll and Nolan",Provincia de Jujuy,Marta López,30 días,Perfiles De Acero,Camion
San Salvador de Jujuy,287,"$4.065,06 ","Hartmann, Hilll and Nolan",Provincia de Jujuy,Susana Escudero,30 días,Perfiles De Acero,Camion
San Salvador de Jujuy,18,"$147,97 ","Muller, Reichert and Schmitt",Provincia de Jujuy,Alberto García,30 días,Perfiles De Acero,Camion
San Salvador de Jujuy,80,"$577,10 ","Muller, Reichert and Schmitt",Provincia de Jujuy,Ana María Serrano,30 días,Perfiles De Acero,Camion
San Salvador de Jujuy,28,"$21.434,30 ","Muller, Reichert and Schmitt",Provincia de Jujuy,Ángeles Pérez,30 días,Perfiles De Acero,Camion
San Salvador de Jujuy,9,"$44.424,08 ","Muller, Reichert and Schmitt",Provincia de Jujuy,Antonia Lorente,30 días,Perfiles De Acero,Camion
San Salvador de Jujuy,46,"$8.438,44 ","Muller, Reichert and Schmitt",Provincia de Jujuy,Antonio Calderón,30 días,Perfiles De Acero,Camion
San Salvador de Jujuy,36,"$122.090,77 ","Muller, Reichert and Schmitt",Provincia de Jujuy,Cristina Rodríguez,30 días,Perfiles De Acero,Camion
San Salvador de Jujuy,106,"$1.419,35 ","Muller, Reichert and Schmitt",Provincia de Jujuy,Jaume García,30 días,Perfiles De Acero,Camion
San Salvador de Jujuy,18,"$18.059,42 ","Muller, Reichert and Schmitt",Provincia de Jujuy,José Salcedo,30 días,Perfiles De Acero,Camion
San Salvador de Jujuy,1,"$1.161,29 ","Muller, Reichert and Schmitt",Provincia de Jujuy,Manuel Muñoz,30 días,Perfiles De Acero,Camion
San Salvador de Jujuy,103,"$1.900,52 ","Muller, Reichert and Schmitt",Provincia de Jujuy,María Ángeles Ruiz,30 días,Perfiles De Acero,Camion
San Salvador de Jujuy,20,"$144,61 ","Muller, Reichert and Schmitt",Provincia de Jujuy,María Diego,30 días,Perfiles De Acero,Camion
San Salvador de Jujuy,11,$13.210 ,"Muller, Reichert and Schmitt",Provincia de Jujuy,Pablo López,30 días,Perfiles De Acero,Camion
San Salvador de Jujuy,5,"$504,54 ","Muller, Reichert and Schmitt",Provincia de Jujuy,Sergio Jiménez,30 días,Perfiles De Acero,Camion
San Salvador de Jujuy,29,"$21.237,55 ","Muller, Reichert and Schmitt",Provincia de Jujuy,Teresa Martínez,30 días,Perfiles De Acero,Camion
San Salvador de Jujuy,3,"$102,90 ",Tremblay SRL,Provincia de Jujuy,Adrián Souto,30 días,Alambre,Camion
San Salvador de Jujuy,12,"$4.375,50 ",Tremblay SRL,Provincia de Jujuy,Adrián Souto,30 días,Alambre,Tren
San Salvador de Jujuy,7,"$3.144,74 ",Tremblay SRL,Provincia de Jujuy,Adrián Souto,30 días,Perfiles De Acero,Camion
San Salvador de Jujuy,12,"$3.694,97 ",Tremblay SRL,Provincia de Jujuy,Alberto García,30 días,Alambre,Tren
San Salvador de Jujuy,4,"$25.942,54 ",Tremblay SRL,Provincia de Jujuy,Alberto García,30 días,Perfiles De Acero,Camion
San Salvador de Jujuy,3,"$863,87 ",Tremblay SRL,Provincia de Jujuy,Alejandro Del Olmo,30 días,Alambre,Camion
San Salvador de Jujuy,6,"$438,71 ",Tremblay SRL,Provincia de Jujuy,Alejandro Del Olmo,30 días,Alambre,Tren
San Salvador de Jujuy,83,"$9.359,14 ",Tremblay SRL,Provincia de Jujuy,Alejandro Del Olmo,30 días,Perfiles De Acero,Camion
San Salvador de Jujuy,6,"$8.269,16 ",Tremblay SRL,Provincia de Jujuy,Ana Aguilera,30 días,Alambre,Tren
San Salvador de Jujuy,3,"$118,08 ",Tremblay SRL,Provincia de Jujuy,Ana María Delgado,30 días,Alambre,Tren
San Salvador de Jujuy,90,"$2.795,43 ",Tremblay SRL,Provincia de Jujuy,Ana María Delgado,30 días,Perfiles De Acero,Camion
San Salvador de Jujuy,3,$580 ,Tremblay SRL,Provincia de Jujuy,Ana María Serrano,30 días,Alambre,Tren
San Salvador de Jujuy,139,"$9.778,42 ",Tremblay SRL,Provincia de Jujuy,Ángeles Pérez,30 días,Perfiles De Acero,Camion
San Salvador de Jujuy,3,"$740,03 ",Tremblay SRL,Provincia de Jujuy,Antonia Lorente,30 días,Alambre,Tren
San Salvador de Jujuy,1,"$549,03 ",Tremblay SRL,Provincia de Jujuy,Antonia Lorente,30 días,Perfiles De Acero,Camion
San Salvador de Jujuy,6,"$22.464,41 ",Tremblay SRL,Provincia de Jujuy,Antonia Martínez,30 días,Alambre,Camion
San Salvador de Jujuy,6,"$838,06 ",Tremblay SRL,Provincia de Jujuy,Antonia Martínez,30 días,Alambre,Tren
San Salvador de Jujuy,3,"$843,23 ",Tremblay SRL,Provincia de Jujuy,Antonia Martínez,30 días,Perfiles De Acero,Camion
San Salvador de Jujuy,9,"$1.917,10 ",Tremblay SRL,Provincia de Jujuy,Antonio Calderón,30 días,Alambre,Camion
San Salvador de Jujuy,9,"$1.995,85 ",Tremblay SRL,Provincia de Jujuy,Antonio Calderón,30 días,Alambre,Tren
San Salvador de Jujuy,81,"$23.427,55 ",Tremblay SRL,Provincia de Jujuy,Antonio Calderón,30 días,Perfiles De Acero,Camion
San Salvador de Jujuy,6,"$10.326,90 ",Tremblay SRL,Provincia de Jujuy,Begoña García,30 días,Alambre,Camion
San Salvador de Jujuy,17,"$641,76 ",Tremblay SRL,Provincia de Jujuy,Begoña García,30 días,Alambre,Tren
San Salvador de Jujuy,82,"$1.640,37 ",Tremblay SRL,Provincia de Jujuy,Begoña García,30 días,Perfiles De Acero,Camion
San Salvador de Jujuy,6,"$1.302,99 ",Tremblay SRL,Provincia de Jujuy,Carlos Arenas,30 días,Alambre,Camion
San Salvador de Jujuy,3,"$123,20 ",Tremblay SRL,Provincia de Jujuy,Carlos Arenas,30 días,Perfiles De Acero,Camion
San Salvador de Jujuy,3,"$1.399,70 ",Tremblay SRL,Provincia de Jujuy,Carmen Cortes,30 días,Alambre,Camion
San Salvador de Jujuy,6,"$1.916,34 ",Tremblay SRL,Provincia de Jujuy,Carmen Cortes,30 días,Alambre,Tren
San Salvador de Jujuy,74,"$22.924,89 ",Tremblay SRL,Provincia de Jujuy,Carmen Cortes,30 días,Perfiles De Acero,Camion
San Salvador de Jujuy,3,"$965,16 ",Tremblay SRL,Provincia de Jujuy,Carmen Diez,30 días,Alambre,Camion
San Salvador de Jujuy,14,"$60.501,91 ",Tremblay SRL,Provincia de Jujuy,Carmen Diez,30 días,Alambre,Tren
San Salvador de Jujuy,6,"$3.149,72 ",Tremblay SRL,Provincia de Jujuy,Carmen Sánchez,30 días,Alambre,Tren
San Salvador de Jujuy,171,"$362,90 ",Tremblay SRL,Provincia de Jujuy,Carmen Sánchez,30 días,Perfiles De Acero,Camion
San Salvador de Jujuy,4,"$953,61 ",Tremblay SRL,Provincia de Jujuy,Cristina Rodríguez,30 días,Perfiles De Acero,Camion
San Salvador de Jujuy,6,"$309,27 ",Tremblay SRL,Provincia de Jujuy,Cristina Zamora,30 días,Alambre,Camion
San Salvador de Jujuy,45,"$4.248,13 ",Tremblay SRL,Provincia de Jujuy,Cristina Zamora,30 días,Alambre,Tren
San Salvador de Jujuy,7,"$354,46 ",Tremblay SRL,Provincia de Jujuy,Cristina Zamora,30 días,Perfiles De Acero,Camion
San Salvador de Jujuy,6,"$1.670,72 ",Tremblay SRL,Provincia de Jujuy,Daniel Pino,30 días,Alambre,Camion
San Salvador de Jujuy,55,"$45.118,63 ",Tremblay SRL,Provincia de Jujuy,Daniel Pino,30 días,Perfiles De Acero,Camion
San Salvador de Jujuy,3,"$1.038,77 ",Tremblay SRL,Provincia de Jujuy,Elena Fernández,30 días,Alambre,Camion
San Salvador de Jujuy,3,"$117,03 ",Tremblay SRL,Provincia de Jujuy,Elena Fernández,30 días,Alambre,Tren
San Salvador de Jujuy,7,"$25.652,11 ",Tremblay SRL,Provincia de Jujuy,Elena Fernández,30 días,Perfiles De Acero,Camion
San Salvador de Jujuy,17,"$3.552,32 ",Tremblay SRL,Provincia de Jujuy,Francisco Miñana,30 días,Alambre,Tren
San Salvador de Jujuy,18,"$3.510,45 ",Tremblay SRL,Provincia de Jujuy,Francisco Miñana,30 días,Perfiles De Acero,Camion
San Salvador de Jujuy,6,"$1.096,89 ",Tremblay SRL,Provincia de Jujuy,Jaume García,30 días,Alambre,Camion
San Salvador de Jujuy,3,"$130,81 ",Tremblay SRL,Provincia de Jujuy,Jaume García,30 días,Alambre,Tren
San Salvador de Jujuy,75,"$370,45 ",Tremblay SRL,Provincia de Jujuy,Jaume García,30 días,Perfiles De Acero,Camion
San Salvador de Jujuy,3,"$3.548,39 ",Tremblay SRL,Provincia de Jujuy,Joaquín Vega,30 días,Alambre,Tren
San Salvador de Jujuy,6,"$4.755,67 ",Tremblay SRL,Provincia de Jujuy,Joaquín Vega,30 días,Perfiles De Acero,Camion
San Salvador de Jujuy,3,"$147,29 ",Tremblay SRL,Provincia de Jujuy,José Antonio López,30 días,Alambre,Camion
San Salvador de Jujuy,3,"$118,08 ",Tremblay SRL,Provincia de Jujuy,José Antonio López,30 días,Alambre,Tren
San Salvador de Jujuy,3,"$672,58 ",Tremblay SRL,Provincia de Jujuy,José Carretero,30 días,Alambre,Camion
San Salvador de Jujuy,6,"$2.492,90 ",Tremblay SRL,Provincia de Jujuy,José Carretero,30 días,Alambre,Tren
San Salvador de Jujuy,105,"$7.431,98 ",Tremblay SRL,Provincia de Jujuy,José Carretero,30 días,Perfiles De Acero,Camion
San Salvador de Jujuy,20,"$2.485,50 ",Tremblay SRL,Provincia de Jujuy,José María Pérez,30 días,Alambre,Tren
San Salvador de Jujuy,241,"$16.123,30 ",Tremblay SRL,Provincia de Jujuy,José María Pérez,30 días,Perfiles De Acero,Camion
San Salvador de Jujuy,3,"$125,16 ",Tremblay SRL,Provincia de Jujuy,José Salcedo,30 días,Alambre,Tren
San Salvador de Jujuy,6,"$960,58 ",Tremblay SRL,Provincia de Jujuy,José Salcedo,30 días,Perfiles De Acero,Camion
San Salvador de Jujuy,14,$2.262 ,Tremblay SRL,Provincia de Jujuy,José Sola,30 días,Alambre,Tren
San Salvador de Jujuy,243,"$23.867,24 ",Tremblay SRL,Provincia de Jujuy,José Sola,30 días,Perfiles De Acero,Camion
San Salvador de Jujuy,3,"$192.414,15 ",Tremblay SRL,Provincia de Jujuy,Juan Andrés,30 días,Alambre,Camion
San Salvador de Jujuy,20,"$3.548,74 ",Tremblay SRL,Provincia de Jujuy,Juan Andrés,30 días,Alambre,Tren
San Salvador de Jujuy,2,"$194,84 ",Tremblay SRL,Provincia de Jujuy,Juan Andrés,30 días,Perfiles De Acero,Camion
San Salvador de Jujuy,3,"$926,13 ",Tremblay SRL,Provincia de Jujuy,Manuel Grande,30 días,Alambre,Camion
San Salvador de Jujuy,20,"$1.669,81 ",Tremblay SRL,Provincia de Jujuy,Manuel Grande,30 días,Alambre,Tren
San Salvador de Jujuy,1,"$196,77 ",Tremblay SRL,Provincia de Jujuy,Manuel Grande,30 días,Perfiles De Acero,Camion
San Salvador de Jujuy,17,"$1.498,97 ",Tremblay SRL,Provincia de Jujuy,Manuel Muñoz,30 días,Alambre,Tren
San Salvador de Jujuy,6,"$252,19 ",Tremblay SRL,Provincia de Jujuy,Manuel Muñoz,30 días,Perfiles De Acero,Camion
San Salvador de Jujuy,17,"$1.844,77 ",Tremblay SRL,Provincia de Jujuy,María Ángeles Alves,30 días,Alambre,Tren
San Salvador de Jujuy,33,"$292,29 ",Tremblay SRL,Provincia de Jujuy,María Ángeles Alves,30 días,Perfiles De Acero,Camion
San Salvador de Jujuy,3,"$1.172,39 ",Tremblay SRL,Provincia de Jujuy,María Ángeles Martínez,30 días,Alambre,Camion
San Salvador de Jujuy,9,"$2.063,23 ",Tremblay SRL,Provincia de Jujuy,María Ángeles Martínez,30 días,Alambre,Tren
San Salvador de Jujuy,6,"$4.143,63 ",Tremblay SRL,Provincia de Jujuy,María Ángeles Ruiz,30 días,Alambre,Camion
San Salvador de Jujuy,31,"$3.377,94 ",Tremblay SRL,Provincia de Jujuy,María Ángeles Ruiz,30 días,Alambre,Tren
San Salvador de Jujuy,3,"$22.484,85 ",Tremblay SRL,Provincia de Jujuy,María Ángeles Ruiz,30 días,Perfiles De Acero,Camion
San Salvador de Jujuy,6,"$397,24 ",Tremblay SRL,Provincia de Jujuy,María Carmen Serrano,30 días,Alambre,Camion
San Salvador de Jujuy,20,"$60.844,17 ",Tremblay SRL,Provincia de Jujuy,María Carmen Serrano,30 días,Alambre,Tren
San Salvador de Jujuy,70,"$64.568,45 ",Tremblay SRL,Provincia de Jujuy,María Carmen Serrano,30 días,Perfiles De Acero,Camion
San Salvador de Jujuy,12,"$638,37 ",Tremblay SRL,Provincia de Jujuy,María Cedeño,30 días,Alambre,Camion
San Salvador de Jujuy,3,"$108,07 ",Tremblay SRL,Provincia de Jujuy,María Cedeño,30 días,Alambre,Tren
San Salvador de Jujuy,12,"$6.322,26 ",Tremblay SRL,Provincia de Jujuy,María Cedeño,30 días,Perfiles De Acero,Camion
San Salvador de Jujuy,3,"$1.178,84 ",Tremblay SRL,Provincia de Jujuy,María Diego,30 días,Alambre,Camion
San Salvador de Jujuy,6,"$13.026,14 ",Tremblay SRL,Provincia de Jujuy,María Dolores Sousa,30 días,Alambre,Camion
San Salvador de Jujuy,155,"$73.591,21 ",Tremblay SRL,Provincia de Jujuy,María Dolores Sousa,30 días,Perfiles De Acero,Camion
San Salvador de Jujuy,9,"$3.669,20 ",Tremblay SRL,Provincia de Jujuy,María Fernández,30 días,Alambre,Tren
San Salvador de Jujuy,377,"$782,26 ",Tremblay SRL,Provincia de Jujuy,María Fernández,30 días,Perfiles De Acero,Camion
San Salvador de Jujuy,12,"$1.927,56 ",Tremblay SRL,Provincia de Jujuy,María Isabel Heredia,30 días,Alambre,Tren
San Salvador de Jujuy,53,"$1.532,90 ",Tremblay SRL,Provincia de Jujuy,María Isabel Heredia,30 días,Perfiles De Acero,Camion
San Salvador de Jujuy,6,"$3.366,20 ",Tremblay SRL,Provincia de Jujuy,María Isabel León,30 días,Alambre,Camion
San Salvador de Jujuy,12,"$2.694,74 ",Tremblay SRL,Provincia de Jujuy,María Isabel León,30 días,Alambre,Tren
San Salvador de Jujuy,6,"$2.967,74 ",Tremblay SRL,Provincia de Jujuy,María Jesús Peñalver,30 días,Alambre,Tren
San Salvador de Jujuy,378,"$42.652,50 ",Tremblay SRL,Provincia de Jujuy,María Jesús Peñalver,30 días,Perfiles De Acero,Camion
San Salvador de Jujuy,17,"$60.889,00 ",Tremblay SRL,Provincia de Jujuy,María Pilar Pérez,30 días,Alambre,Tren
San Salvador de Jujuy,37,"$136.924,22 ",Tremblay SRL,Provincia de Jujuy,Marta Amigo,30 días,Alambre,Tren
San Salvador de Jujuy,100,"$5.419,40 ",Tremblay SRL,Provincia de Jujuy,Marta Amigo,30 días,Perfiles De Acero,Camion
San Salvador de Jujuy,6,"$25.968,13 ",Tremblay SRL,Provincia de Jujuy,Marta López,30 días,Alambre,Camion
San Salvador de Jujuy,5,"$22.603,43 ",Tremblay SRL,Provincia de Jujuy,Marta López,30 días,Perfiles De Acero,Camion
San Salvador de Jujuy,3,"$258,06 ",Tremblay SRL,Provincia de Jujuy,Pablo López,30 días,Alambre,Tren
San Salvador de Jujuy,4,"$745,81 ",Tremblay SRL,Provincia de Jujuy,Pablo López,30 días,Perfiles De Acero,Camion
San Salvador de Jujuy,5,"$6.996,37 ",Tremblay SRL,Provincia de Jujuy,Raquel Pueyo,30 días,Perfiles De Acero,Camion
San Salvador de Jujuy,3,"$1.249,55 ",Tremblay SRL,Provincia de Jujuy,Sara Pineda,30 días,Alambre,Camion
San Salvador de Jujuy,28,"$62.763,91 ",Tremblay SRL,Provincia de Jujuy,Sara Pineda,30 días,Alambre,Tren
San Salvador de Jujuy,402,"$41.394,97 ",Tremblay SRL,Provincia de Jujuy,Sara Pineda,30 días,Perfiles De Acero,Camion
San Salvador de Jujuy,3,"$2.878,37 ",Tremblay SRL,Provincia de Jujuy,Sergio Jiménez,30 días,Alambre,Tren
San Salvador de Jujuy,187,"$30.101,96 ",Tremblay SRL,Provincia de Jujuy,Sergio Jiménez,30 días,Perfiles De Acero,Camion
San Salvador de Jujuy,14,"$421,48 ",Tremblay SRL,Provincia de Jujuy,Susana Escudero,30 días,Alambre,Tren
San Salvador de Jujuy,15,"$9.245,52 ",Tremblay SRL,Provincia de Jujuy,Susana Escudero,30 días,Perfiles De Acero,Camion
San Salvador de Jujuy,3,"$107,95 ",Tremblay SRL,Provincia de Jujuy,Teresa Martínez,30 días,Alambre,Tren
San Salvador de Jujuy,4,$3.000 ,Tremblay SRL,Provincia de Jujuy,Teresa Martínez,30 días,Perfiles De Acero,Camion
Vicente López,86,"$391,61 ",Boehm-Mohr,Provincia de Buenos Aires,Alberto García,30 días,Perfiles De Acero,Camion
Vicente López,85,"$110,32 ",Boehm-Mohr,Provincia de Buenos Aires,Alejandro Del Olmo,30 días,Perfiles De Acero,Camion
Vicente López,84,"$1.392,72 ",Boehm-Mohr,Provincia de Buenos Aires,Ana Aguilera,30 días,Perfiles De Acero,Camion
Vicente López,213,"$20.885,81 ",Boehm-Mohr,Provincia de Buenos Aires,Antonio Calderón,30 días,Perfiles De Acero,Camion
Vicente López,86,"$5.004,96 ",Boehm-Mohr,Provincia de Buenos Aires,Begoña García,30 días,Perfiles De Acero,Camion
Vicente López,213,"$862,90 ",Boehm-Mohr,Provincia de Buenos Aires,Cristina Rodríguez,30 días,Perfiles De Acero,Camion
Vicente López,170,"$43.499,26 ",Boehm-Mohr,Provincia de Buenos Aires,José Antonio López,30 días,Perfiles De Acero,Camion
Vicente López,84,"$169,21 ",Boehm-Mohr,Provincia de Buenos Aires,José María Pérez,30 días,Perfiles De Acero,Camion
Vicente López,143,"$1.353,70 ",Boehm-Mohr,Provincia de Buenos Aires,María Ángeles Ruiz,30 días,Perfiles De Acero,Camion
Vicente López,143,"$2.685,55 ",Boehm-Mohr,Provincia de Buenos Aires,María Dolores Sousa,30 días,Perfiles De Acero,Camion
Vicente López,20,"$118,65 ",Boehm-Mohr,Provincia de Buenos Aires,María Jesús Peñalver,30 días,Perfiles De Acero,Camion
Vicente López,85,"$3.232,76 ",Boehm-Mohr,Provincia de Buenos Aires,María Pilar Pérez,30 días,Perfiles De Acero,Camion
Vicente López,21,"$771,61 ",Boehm-Mohr,Provincia de Buenos Aires,Marta Amigo,30 días,Perfiles De Acero,Camion
Vicente López,85,"$6.033,81 ",Boehm-Mohr,Provincia de Buenos Aires,Marta López,30 días,Perfiles De Acero,Camion
Vicente López,214,"$12.575,87 ",Boehm-Mohr,Provincia de Buenos Aires,Pablo López,30 días,Perfiles De Acero,Camion
Vicente López,85,"$11.313,39 ",Boehm-Mohr,Provincia de Buenos Aires,Sara Pineda,30 días,Perfiles De Acero,Camion
Vicente López,1,"$172,26 ",Morar SRL,Provincia de Buenos Aires,Ana María Serrano,30 días,Perfiles De Acero,Camion
Vicente López,3,"$315,87 ",Morar SRL,Provincia de Buenos Aires,María Ángeles Alves,30 días,Perfiles De Acero,Camion
Vicente López,1,"$110,15 ",Morar SRL,Provincia de Buenos Aires,María Carmen Serrano,30 días,Perfiles De Acero,Camion
Vicente López,19,"$527,74 ",Morar SRL,Provincia de Buenos Aires,María Isabel Heredia,30 días,Perfiles De Acero,Camion
Vicente López,121,"$15.416,93 ",Fisher-Ortiz,Provincia de Buenos Aires,Alejandro Del Olmo,45 días,Perfiles De Acero,Tren
Vicente López,121,"$28.429,18 ",Fisher-Ortiz,Provincia de Buenos Aires,Ana María Delgado,45 días,Perfiles De Acero,Tren
Vicente López,4,"$196,80 ",Fisher-Ortiz,Provincia de Buenos Aires,Carmen Diez,60 días,Perfiles De Acero,Tren
Vicente López,23,"$842,06 ",Fisher-Ortiz,Provincia de Buenos Aires,Cristina Rodríguez,45 días,Perfiles De Acero,Tren
Vicente López,158,"$37.076,94 ",Fisher-Ortiz,Provincia de Buenos Aires,María Ángeles Ruiz,45 días,Perfiles De Acero,Tren
Vicente López,20,"$548,39 ",Hane Inc,Provincia de Buenos Aires,Carlos Arenas,30 días,Perfiles De Acero,Camion
Vicente López,20,"$258,06 ",Hane Inc,Provincia de Buenos Aires,Pablo López,30 días,Perfiles De Acero,Camion
Vicente López,20,"$574,84 ",Hane Inc,Provincia de Buenos Aires,Sara Pineda,30 días,Perfiles De Acero,Camion
Vicente López,21,"$766,45 ","Reilly, Larkin and Hintz",Provincia de Buenos Aires,María Ángeles Alves,30 días,Perfiles De Acero,Camion
Vicente López,20,"$177,37 ","Reilly, Larkin and Hintz",Provincia de Buenos Aires,María Ángeles Martínez,30 días,Perfiles De Acero,Camion
Vicente López,20,"$592,30 ","Reilly, Larkin and Hintz",Provincia de Buenos Aires,María Diego,30 días,Perfiles De Acero,Camion
Vicente López,16,"$128,39 ","Reilly, Larkin and Hintz",Provincia de Buenos Aires,María Isabel Heredia,30 días,Perfiles De Acero,Camion
Vicente López,40,"$277,36 ","Reilly, Larkin and Hintz",Provincia de Buenos Aires,María Pilar Pérez,30 días,Perfiles De Acero,Camion
Vicente López,60,"$1.398,97 ",Tremblay SRL,Provincia de Buenos Aires,Adrián Souto,30 días,Perfiles De Acero,Camion
Vicente López,119,"$53.278,86 ",Tremblay SRL,Provincia de Buenos Aires,Alberto García,30 días,Perfiles De Acero,Camion
Vicente López,12,"$25.001,32 ",Tremblay SRL,Provincia de Buenos Aires,Alejandro Del Olmo,30 días,Perfiles De Acero,Camion
Vicente López,73,"$14.666,52 ",Tremblay SRL,Provincia de Buenos Aires,Ana Aguilera,30 días,Perfiles De Acero,Camion
Vicente López,124,"$130.020,69 ",Tremblay SRL,Provincia de Buenos Aires,Ana María Serrano,30 días,Perfiles De Acero,Camion
Vicente López,72,"$65.914,33 ",Tremblay SRL,Provincia de Buenos Aires,Ángeles Pérez,30 días,Perfiles De Acero,Camion
Vicente López,72,"$15.966,56 ",Tremblay SRL,Provincia de Buenos Aires,Antonia Lorente,30 días,Perfiles De Acero,Camion
Vicente López,145,"$4.493,14 ",Tremblay SRL,Provincia de Buenos Aires,Antonio Calderón,30 días,Perfiles De Acero,Camion
Vicente López,23,"$18.065,20 ",Tremblay SRL,Provincia de Buenos Aires,Begoña García,30 días,Perfiles De Acero,Camion
Vicente López,13,"$358,71 ",Tremblay SRL,Provincia de Buenos Aires,Carlos Arenas,30 días,Perfiles De Acero,Camion
Vicente López,72,"$77.866,23 ",Tremblay SRL,Provincia de Buenos Aires,Carmen Diez,30 días,Perfiles De Acero,Camion
Vicente López,25,"$19.025,05 ",Tremblay SRL,Provincia de Buenos Aires,Carmen Sánchez,30 días,Perfiles De Acero,Camion
Vicente López,70,"$12.294,79 ",Tremblay SRL,Provincia de Buenos Aires,Cristina Rodríguez,30 días,Perfiles De Acero,Camion
Vicente López,60,"$1.738,65 ",Tremblay SRL,Provincia de Buenos Aires,Elena Fernández,30 días,Perfiles De Acero,Camion
Vicente López,60,"$1.738,65 ",Tremblay SRL,Provincia de Buenos Aires,Francisco Miñana,30 días,Perfiles De Acero,Camion
Vicente López,128,"$79.869,08 ",Tremblay SRL,Provincia de Buenos Aires,Joaquín Vega,30 días,Perfiles De Acero,Camion
Vicente López,26,"$29.349,94 ",Tremblay SRL,Provincia de Buenos Aires,José Antonio López,30 días,Perfiles De Acero,Camion
Vicente López,23,"$34.348,88 ",Tremblay SRL,Provincia de Buenos Aires,José Carretero,30 días,Perfiles De Acero,Camion
Vicente López,59,"$51.540,21 ",Tremblay SRL,Provincia de Buenos Aires,José Sola,30 días,Perfiles De Acero,Camion
Vicente López,11,"$24.818,53 ",Tremblay SRL,Provincia de Buenos Aires,Manuel Grande,30 días,Perfiles De Acero,Camion
Vicente López,59,"$51.540,21 ",Tremblay SRL,Provincia de Buenos Aires,Manuel Muñoz,30 días,Perfiles De Acero,Camion
Vicente López,65,"$85.740,27 ",Tremblay SRL,Provincia de Buenos Aires,María Ángeles Alves,30 días,Perfiles De Acero,Camion
Vicente López,130,"$104.831,77 ",Tremblay SRL,Provincia de Buenos Aires,María Ángeles Ruiz,30 días,Perfiles De Acero,Camion
Vicente López,13,"$13.215,44 ",Tremblay SRL,Provincia de Buenos Aires,María Diego,30 días,Perfiles De Acero,Camion
Vicente López,26,"$610,65 ",Tremblay SRL,Provincia de Buenos Aires,María Dolores Sousa,30 días,Perfiles De Acero,Camion
Vicente López,60,"$1.398,97 ",Tremblay SRL,Provincia de Buenos Aires,María Fernández,30 días,Perfiles De Acero,Camion
Vicente López,13,"$26.518,29 ",Tremblay SRL,Provincia de Buenos Aires,María Isabel Heredia,30 días,Perfiles De Acero,Camion
Vicente López,59,"$51.540,21 ",Tremblay SRL,Provincia de Buenos Aires,María Isabel León,30 días,Perfiles De Acero,Camion
Vicente López,24,"$41.101,83 ",Tremblay SRL,Provincia de Buenos Aires,María Jesús Peñalver,30 días,Perfiles De Acero,Camion
Vicente López,26,"$2.684,33 ",Tremblay SRL,Provincia de Buenos Aires,Marta Amigo,30 días,Perfiles De Acero,Camion
Vicente López,88,"$17.466,22 ",Tremblay SRL,Provincia de Buenos Aires,Pablo López,30 días,Perfiles De Acero,Camion
Vicente López,55,"$63.754,78 ",Tremblay SRL,Provincia de Buenos Aires,Sara Pineda,30 días,Perfiles De Acero,Camion
Vicente López,13,"$15.852,94 ",Tremblay SRL,Provincia de Buenos Aires,Sergio Jiménez,30 días,Perfiles De Acero,Camion
Vicente López,120,"$3.137,61 ",Tremblay SRL,Provincia de Buenos Aires,Susana Escudero,30 días,Perfiles De Acero,Camion
Vicente López,27,"$27.816,33 ",Tremblay SRL,Provincia de Buenos Aires,Teresa Martínez,30 días,Perfiles De Acero,Camion
